id,any_repeat_yc_founder,n_prior_yc_companies,prior_founder_exp,big_employer_exp,phd_flag,prof_flag,mba_flag,yoe_mentioned,founders_bio_coverage,bio_industry_sim_mean,bio_industry_sim_max
373,0,0,0,0,0,0,0,0,0.0,,
374,0,0,0,0,0,0,0,0,1.0,0.14219769835472107,0.14219769835472107
375,0,0,0,0,0,0,0,0,0.6666666666666666,0.0774681493639946,0.09960290789604187
376,0,0,0,0,0,0,0,0,,,
377,0,0,0,0,0,0,0,0,0.0,,
378,0,0,0,0,0,0,0,0,1.0,0.044339749962091446,0.0466977134346962
379,0,0,0,0,0,0,0,0,1.0,0.13062988221645355,0.13062988221645355
380,0,0,0,0,0,0,0,0,0.0,,
384,0,0,0,0,0,0,0,0,,,
366,0,0,0,0,0,0,0,0,0.0,,
367,0,0,0,0,0,0,0,0,0.0,,
368,0,0,0,1,0,0,0,0,0.5,0.1482028365135193,0.1482028365135193
369,0,0,0,0,0,0,0,0,1.0,0.04238065332174301,0.04238065332174301
370,0,0,0,0,0,0,0,0,0.0,,
371,0,0,0,0,0,0,0,0,0.0,,
372,0,0,0,0,0,0,0,0,1.0,0.1687627136707306,0.17332276701927185
355,0,0,0,0,0,0,0,0,1.0,0.18020308017730713,0.18020308017730713
356,0,0,0,0,0,0,0,0,1.0,0.1513916701078415,0.1513916701078415
357,0,0,0,0,0,0,0,0,1.0,0.08904937654733658,0.08904937654733658
358,0,0,0,0,0,0,0,0,0.3333333333333333,0.22057145833969116,0.22057145833969116
359,0,0,0,0,0,0,0,0,0.0,,
360,0,0,0,0,0,0,0,0,1.0,0.11257782578468323,0.11257782578468323
361,0,0,0,0,0,0,0,0,0.0,,
362,0,0,1,0,0,0,0,0,1.0,0.2164391726255417,0.2164391726255417
363,0,0,0,0,0,0,0,0,0.5,0.09797751903533936,0.10970447957515717
364,0,0,0,0,0,0,0,0,0.0,,
365,0,0,0,0,0,0,0,0,0.0,,
343,0,0,0,0,0,0,0,0,0.0,,
344,0,0,0,0,0,0,0,0,0.3333333333333333,0.12866653501987457,0.12866653501987457
345,0,0,0,0,0,0,0,0,0.5,0.13272809982299805,0.13272809982299805
346,0,0,0,0,0,0,0,0,0.6666666666666666,0.0028924131765961647,0.0073315734043717384
347,0,0,0,0,1,0,0,0,0.5,0.19716322422027588,0.19716322422027588
348,0,0,0,1,0,0,0,1,1.0,0.1588289737701416,0.20379751920700073
349,0,0,0,1,0,0,0,0,0.6666666666666666,0.048164840787649155,0.08089984953403473
350,0,0,0,0,0,0,0,0,0.0,,
351,0,0,0,0,0,0,0,0,,,
352,0,0,0,0,0,0,0,0,0.0,,
353,0,0,0,0,0,0,0,0,1.0,0.2699315547943115,0.2699315547943115
354,0,0,0,0,0,0,0,0,1.0,0.10053838044404984,0.21087177097797394
383,1,2,0,0,0,0,0,0,1.0,0.057377904653549194,0.1384585052728653
324,0,0,0,0,0,0,0,0,0.3333333333333333,0.005591723136603832,0.005591723136603832
325,0,0,0,0,0,0,0,0,1.0,0.03728856146335602,0.06766244024038315
326,0,0,0,0,0,0,0,0,0.0,,
327,0,0,0,0,0,0,0,0,0.5,0.21208791434764862,0.21208791434764862
328,0,0,0,0,0,0,0,0,0.0,,
329,0,0,0,0,0,0,0,0,0.0,,
330,0,0,0,0,0,0,0,0,0.3333333333333333,-0.06438827514648438,-0.06438827514648438
331,0,0,0,0,0,0,0,0,0.0,,
332,0,0,0,0,0,0,0,0,0.3333333333333333,0.1832212507724762,0.1832212507724762
333,0,0,0,0,0,0,0,0,0.0,,
334,0,0,0,0,0,0,0,0,1.0,0.2403472363948822,0.24561132490634918
335,0,0,0,0,0,0,0,0,0.0,,
336,0,0,0,0,0,0,0,0,0.0,,
337,0,0,0,0,0,0,0,0,0.5,0.10130887478590012,0.10130887478590012
338,0,0,0,0,0,0,0,0,1.0,0.23032285273075104,0.23032285273075104
339,0,0,0,0,0,0,0,0,1.0,0.17221079766750336,0.17221079766750336
340,0,0,0,0,0,0,0,0,0.5,0.03322067856788635,0.03322067856788635
341,0,0,0,0,0,0,0,0,0.3333333333333333,0.26427990198135376,0.26427990198135376
342,0,0,0,0,0,0,0,0,1.0,0.12444933503866196,0.12444933503866196
303,0,0,0,0,0,0,0,0,0.0,,
304,0,0,1,0,0,0,0,1,1.0,0.3538782000541687,0.3538782000541687
305,0,0,0,0,0,0,0,0,0.5,0.018016710877418518,0.018016710877418518
306,0,0,0,0,0,0,0,0,0.0,,
307,0,0,0,0,0,0,0,0,0.0,,
308,1,2,0,0,0,0,0,0,0.6666666666666666,0.164570614695549,0.2319639027118683
309,0,0,0,0,0,0,0,0,0.3333333333333333,0.07275865972042084,0.07275865972042084
310,0,0,0,1,0,0,0,0,1.0,0.10160369426012039,0.10160369426012039
311,0,0,0,0,0,0,0,0,0.0,,
312,0,0,0,0,0,0,0,0,0.0,,
313,0,0,0,0,0,0,0,0,0.0,,
314,0,0,0,0,0,0,0,0,0.0,,
315,0,0,0,0,0,0,0,0,0.0,,
316,0,0,0,1,0,0,0,0,0.5,0.18012063205242157,0.18012063205242157
317,0,0,0,0,0,0,0,0,0.0,,
318,1,1,0,0,0,0,0,0,1.0,0.26745426654815674,0.2699315547943115
319,0,0,0,0,0,0,0,0,,,
320,0,0,0,0,0,0,0,0,0.0,,
321,0,0,0,0,0,0,0,0,0.0,,
322,0,0,0,0,0,0,0,0,0.0,,
323,0,0,0,0,0,0,0,0,0.0,,
281,0,0,0,1,0,0,0,0,1.0,0.20121660828590393,0.21218270063400269
282,0,0,0,0,0,0,0,0,1.0,0.21651344001293182,0.2684882581233978
283,0,0,0,0,0,0,0,0,0.0,,
284,0,0,0,0,0,0,0,0,0.3333333333333333,0.21288201212882996,0.21288201212882996
285,0,0,0,0,0,0,0,0,0.3333333333333333,0.12994849681854248,0.12994849681854248
286,0,0,0,0,0,0,0,0,0.0,,
287,0,0,0,0,0,0,0,0,0.0,,
288,0,0,0,0,0,0,0,0,1.0,0.10948150604963303,0.10948150604963303
289,0,0,0,0,0,0,0,0,,,
290,0,0,0,0,0,0,0,0,1.0,0.11432334035634995,0.11860956251621246
291,0,0,0,1,0,0,0,0,1.0,0.26447218656539917,0.28710323572158813
292,0,0,0,0,0,0,0,0,0.0,,
293,0,0,0,0,0,0,0,0,0.0,,
294,0,0,0,0,0,0,0,0,0.6666666666666666,0.15176507830619812,0.163051575422287
295,0,0,0,0,0,0,0,0,0.25,0.08014771342277527,0.08014771342277527
296,0,0,0,0,0,0,0,0,0.0,,
297,0,0,0,0,0,0,0,0,,,
298,0,0,0,0,0,0,0,0,0.0,,
299,0,0,0,0,0,0,0,0,0.0,,
300,0,0,0,0,0,0,0,0,0.0,,
301,0,0,0,0,0,0,0,0,0.0,,
302,0,0,0,0,0,0,0,0,0.5,0.1948004961013794,0.1948004961013794
265,0,0,0,0,0,0,0,0,0.0,,
266,0,0,0,0,0,0,0,0,0.5,0.007077015936374664,0.007077015936374664
267,0,0,0,0,0,0,0,0,1.0,0.09941158443689346,0.1119752824306488
268,1,1,0,0,0,0,0,0,1.0,-0.01977916806936264,-0.01977916806936264
269,0,0,0,0,0,0,0,0,1.0,0.287680447101593,0.287680447101593
270,0,0,0,0,0,0,0,0,0.0,,
271,0,0,0,1,0,0,0,0,1.0,0.09662216901779175,0.14600951969623566
272,0,0,0,0,0,0,0,0,0.5,0.2113843560218811,0.2113843560218811
273,0,0,0,1,0,0,0,1,1.0,0.3931235671043396,0.3935748338699341
274,0,0,0,0,0,0,0,0,0.0,,
275,0,0,0,0,0,0,0,0,0.0,,
276,0,0,0,0,0,0,0,0,0.0,,
277,0,0,0,1,0,0,0,0,0.3333333333333333,0.1775008887052536,0.1775008887052536
278,0,0,0,0,0,0,0,0,0.0,,
279,0,0,0,0,0,0,0,0,0.5,0.13557344675064087,0.13557344675064087
280,0,0,0,0,0,0,0,0,0.0,,
239,0,0,0,0,0,0,0,0,0.0,,
240,1,1,0,0,0,0,0,0,0.0,,
241,0,0,0,0,0,0,0,0,0.5,0.021270856261253357,0.021270856261253357
242,0,0,0,0,0,0,0,0,0.0,,
243,0,0,0,1,0,0,0,0,0.5,0.2575778663158417,0.2575778663158417
244,0,0,0,0,0,0,0,0,1.0,0.16636255383491516,0.16636255383491516
245,0,0,0,0,0,0,0,0,0.0,,
246,0,0,0,1,0,0,0,0,0.5,0.2771238088607788,0.2771238088607788
247,0,0,1,0,0,0,0,0,0.5,0.11521680653095245,0.11521680653095245
248,0,0,0,0,0,0,0,0,1.0,0.0850730612874031,0.10956983268260956
249,0,0,0,0,0,0,0,0,0.0,,
250,0,0,0,0,0,0,0,0,0.0,,
251,0,0,0,0,0,0,0,0,0.3333333333333333,0.1373906135559082,0.1373906135559082
252,0,0,0,0,0,0,0,0,1.0,0.025124941021203995,0.0465473011136055
253,0,0,0,0,0,0,0,0,0.0,,
254,0,0,0,0,0,0,0,0,0.0,,
255,0,0,0,0,0,0,0,0,0.0,,
256,0,0,0,0,0,0,0,0,0.6,0.09181620925664902,0.10531560331583023
257,0,0,0,0,0,0,0,0,,,
258,0,0,0,0,0,0,0,0,0.0,,
259,0,0,0,0,0,0,0,0,0.0,,
260,0,0,0,1,0,0,0,1,1.0,0.2087676227092743,0.22025372087955475
261,0,0,0,0,0,0,0,1,0.3333333333333333,0.209109365940094,0.209109365940094
262,0,0,0,0,0,0,0,0,0.0,,
263,0,0,0,0,0,0,0,0,0.5,0.05745173990726471,0.05745173990726471
264,0,0,0,0,0,0,0,0,0.0,,
212,0,0,0,0,0,0,0,0,0.3333333333333333,0.1676425039768219,0.1676425039768219
213,0,0,0,0,0,0,0,0,1.0,0.1610713005065918,0.1610713005065918
214,0,0,0,0,0,0,0,0,0.0,,
215,0,0,0,1,0,0,0,0,0.75,0.2986030876636505,0.3595457077026367
216,0,0,0,0,0,0,0,0,1.0,0.1465848833322525,0.20892345905303955
217,0,0,0,0,0,0,0,0,0.0,,
218,0,0,0,0,0,0,0,0,0.0,,
219,0,0,0,0,0,0,0,0,0.6666666666666666,0.22684141993522644,0.24450185894966125
220,0,0,0,0,0,0,0,0,0.6666666666666666,0.13669639825820923,0.1819056272506714
221,0,0,0,0,0,0,0,0,1.0,0.23175320029258728,0.23175320029258728
222,0,0,0,0,0,0,0,0,1.0,0.17974010109901428,0.2157718688249588
223,0,0,0,0,0,0,0,0,0.6666666666666666,0.1790720820426941,0.24584397673606873
224,1,1,0,1,0,0,0,1,0.6666666666666666,0.05182822421193123,0.06571245193481445
225,0,0,0,0,0,0,0,0,0.5,0.11938454955816269,0.11938454955816269
226,0,0,0,0,0,0,0,0,,,
227,1,2,0,0,0,0,0,0,0.0,,
228,0,0,0,0,0,0,0,0,1.0,0.09165863692760468,0.09165863692760468
229,0,0,0,0,0,0,0,0,0.0,,
230,0,0,0,0,0,0,0,0,0.0,,
231,0,0,1,0,0,0,0,0,1.0,0.05707398056983948,0.12338775396347046
232,0,0,0,0,0,0,0,0,0.5,0.10660669207572937,0.10660669207572937
233,0,0,0,0,0,0,0,0,0.5,0.15137489140033722,0.15137489140033722
234,0,0,0,0,0,0,0,0,0.0,,
235,0,0,0,0,0,0,0,0,0.0,,
236,0,0,0,0,0,0,0,0,0.0,,
238,0,0,0,0,0,0,0,0,0.0,,
382,0,0,0,0,0,0,0,0,,,
176,0,0,0,0,0,0,0,0,0.0,,
177,0,0,0,0,0,0,0,0,0.0,,
178,0,0,0,0,0,0,0,0,1.0,0.03997793048620224,0.03997793048620224
179,0,0,0,0,0,0,0,0,0.0,,
180,0,0,0,0,0,0,0,0,0.3333333333333333,0.20185799896717072,0.20185799896717072
181,0,0,0,0,0,0,0,0,0.5,-0.005089343059808016,-0.005089343059808016
182,0,0,0,0,0,0,0,0,0.0,,
183,0,0,0,1,0,0,0,0,0.5,0.2450236678123474,0.2450236678123474
184,0,0,0,0,0,0,0,0,0.5,0.13632923364639282,0.13632923364639282
185,0,0,0,0,0,0,0,0,0.5,0.07852036505937576,0.07852036505937576
186,0,0,0,0,0,0,0,0,1.0,0.17541450262069702,0.17541450262069702
187,0,0,0,0,0,0,0,0,1.0,0.26490694284439087,0.26490694284439087
188,0,0,0,0,0,0,0,0,0.0,,
189,0,0,0,0,0,0,0,0,0.0,,
190,0,0,0,0,0,0,0,0,0.0,,
191,0,0,0,0,0,0,0,0,1.0,0.20103943347930908,0.20103943347930908
192,0,0,0,0,0,0,0,0,1.0,0.09345244616270065,0.11061380803585052
193,0,0,0,0,0,0,0,0,0.5,0.02791532874107361,0.02791532874107361
194,0,0,0,0,0,0,0,0,0.0,,
195,0,0,0,0,0,0,0,0,0.5,0.07349961996078491,0.07349961996078491
196,0,0,0,0,0,0,0,0,0.3333333333333333,-0.03816603869199753,-0.03816603869199753
197,0,0,0,1,0,0,0,0,1.0,0.16166144609451294,0.16166144609451294
198,0,0,0,0,0,0,0,0,0.0,,
199,0,0,0,0,0,0,0,0,0.5,0.22324936091899872,0.22324936091899872
200,0,0,0,0,0,0,0,0,1.0,0.22705450654029846,0.22705450654029846
201,0,0,0,0,0,0,0,0,0.0,,
202,0,0,0,0,0,0,0,0,1.0,0.06939969956874847,0.06939969956874847
203,0,0,0,0,0,0,0,0,0.5,0.5956605672836304,0.5956605672836304
204,0,0,0,0,0,0,0,0,1.0,0.08657129108905792,0.09625598788261414
205,0,0,0,1,0,0,0,0,1.0,0.1596304178237915,0.2590373158454895
206,0,0,0,0,0,0,0,0,0.5,0.24017535150051117,0.24017535150051117
207,0,0,0,0,0,0,0,0,0.0,,
208,0,0,0,0,0,0,0,0,0.0,,
209,0,0,0,0,0,0,0,0,0.3333333333333333,0.1317194253206253,0.1317194253206253
210,0,0,0,0,0,0,0,0,0.0,,
211,0,0,0,0,0,0,0,0,0.0,,
129,0,0,0,0,0,0,0,1,1.0,0.33266568183898926,0.4333398938179016
132,0,0,1,0,0,0,0,0,1.0,0.04379354044795036,0.060229793190956116
133,0,0,0,0,0,0,0,0,0.0,,
134,0,0,0,1,0,0,0,0,0.5,0.23692981898784637,0.23692981898784637
135,0,0,0,0,0,0,0,0,0.0,,
136,0,0,0,1,0,0,0,0,1.0,0.17211933434009552,0.21819615364074707
137,0,0,0,0,0,0,0,0,0.5,0.09473147988319397,0.09473147988319397
138,0,0,0,0,0,0,0,0,0.0,,
139,0,0,0,0,0,0,0,0,0.5,0.289720743894577,0.289720743894577
140,0,0,0,0,0,0,0,0,0.0,,
141,0,0,0,1,0,0,0,0,1.0,0.13389034569263458,0.13389034569263458
142,0,0,0,0,0,0,0,0,1.0,0.2528199255466461,0.2776125371456146
143,0,0,0,0,0,0,0,0,0.0,,
144,0,0,0,1,0,0,0,0,1.0,0.11514803767204285,0.16045480966567993
145,0,0,0,0,0,0,0,0,0.0,,
146,0,0,0,0,0,0,0,0,0.0,,
147,0,0,0,0,0,0,0,0,0.0,,
148,0,0,0,0,0,0,0,0,0.0,,
149,0,0,0,0,0,0,0,0,1.0,0.09029056876897812,0.09029056876897812
150,0,0,0,0,0,0,0,0,0.0,,
151,0,0,0,0,0,0,0,0,0.0,,
152,0,0,0,0,0,0,0,0,0.5,0.04838091880083084,0.04838091880083084
153,0,0,1,0,0,0,0,1,1.0,0.060105424374341965,0.060105424374341965
154,0,0,0,0,0,0,0,0,0.5,0.0443284809589386,0.0443284809589386
155,0,0,0,0,0,0,0,0,0.0,,
156,0,0,0,1,0,0,0,0,0.3333333333333333,0.24483893811702728,0.24483893811702728
157,0,0,0,0,0,0,0,0,0.0,,
158,0,0,0,1,0,0,0,0,0.5,0.25097957253456116,0.25097957253456116
159,0,0,0,0,0,0,0,0,,,
160,0,0,0,0,0,0,0,0,0.3333333333333333,0.18269437551498413,0.18269437551498413
161,0,0,0,0,0,0,0,0,,,
162,0,0,0,0,0,0,0,0,1.0,0.27816492319107056,0.34234631061553955
163,0,0,0,0,0,0,0,0,0.6666666666666666,0.11076465249061584,0.11344732344150543
164,0,0,0,0,0,0,0,0,1.0,0.1337399184703827,0.1337399184703827
165,0,0,0,0,0,0,0,0,1.0,0.07312678545713425,0.07312678545713425
166,0,0,0,0,0,0,0,0,0.5,0.08707979321479797,0.08707979321479797
167,0,0,0,0,0,0,0,0,1.0,0.18148550391197205,0.18148550391197205
168,0,0,0,0,0,0,0,0,0.0,,
169,0,0,0,0,0,0,0,0,0.6666666666666666,0.05566428601741791,0.10105949640274048
170,0,0,0,0,0,0,0,0,1.0,0.11474490165710449,0.12281553447246552
171,0,0,0,0,0,0,0,0,1.0,0.08915340900421143,0.08915340900421143
172,0,0,0,0,0,0,0,0,1.0,-0.0056934840977191925,-0.0056934840977191925
173,0,0,0,1,0,0,0,0,0.6666666666666666,0.15735343098640442,0.2528808116912842
174,0,0,0,1,0,0,0,0,0.5,0.3289112448692322,0.3289112448692322
175,0,0,0,0,0,0,0,0,1.0,0.14838877320289612,0.14838877320289612
69,0,0,0,0,0,0,0,0,1.0,0.10997274518013,0.10997274518013
70,1,2,0,0,0,0,0,0,0.5,0.18069180846214294,0.18069180846214294
71,1,1,0,0,0,0,0,0,0.0,,
72,0,0,0,0,0,0,0,0,0.6666666666666666,0.018928028643131256,0.022578345611691475
73,0,0,0,0,0,0,0,0,0.0,,
74,0,0,1,0,0,0,0,0,0.5,0.08439186960458755,0.08439186960458755
75,0,0,0,0,0,0,0,0,0.0,,
76,0,0,0,0,0,0,0,0,1.0,0.09699127078056335,0.09699127078056335
77,0,0,0,0,0,0,0,0,0.0,,
78,0,0,0,0,0,1,0,0,1.0,0.13146059215068817,0.13146059215068817
79,0,0,0,0,0,0,0,0,0.0,,
80,0,0,0,0,0,0,0,0,0.3333333333333333,0.23892217874526978,0.23892217874526978
81,0,0,0,0,0,0,0,0,0.5,0.0752195343375206,0.0752195343375206
82,0,0,0,0,0,0,0,0,1.0,0.019222546368837357,0.019222546368837357
83,0,0,0,0,0,0,0,0,0.0,,
84,0,0,0,0,0,0,0,0,0.0,,
85,0,0,0,0,1,0,0,0,0.5,0.13374090194702148,0.13374090194702148
86,0,0,0,0,0,0,0,0,0.0,,
87,0,0,0,0,0,0,0,1,1.0,0.28406843543052673,0.3878931403160095
88,0,0,0,0,0,0,0,0,0.0,,
89,0,0,0,0,0,0,0,0,0.0,,
90,0,0,0,0,0,0,1,0,1.0,0.28877827525138855,0.28877827525138855
91,0,0,0,0,0,0,0,0,1.0,0.2592164874076843,0.28823980689048767
92,0,0,0,0,0,0,0,0,0.0,,
94,0,0,1,1,0,0,0,0,0.6666666666666666,0.24174627661705017,0.268787682056427
95,0,0,1,1,0,0,0,0,1.0,0.24739280343055725,0.2841695249080658
96,0,0,0,0,0,0,0,0,0.5,0.19695571064949036,0.19695571064949036
97,0,0,0,0,0,0,0,0,1.0,0.16045498847961426,0.20592787861824036
98,0,0,0,1,0,0,0,0,1.0,0.15057070553302765,0.15600600838661194
99,0,0,0,0,0,0,0,0,1.0,0.16416071355342865,0.22224800288677216
100,0,0,0,0,0,0,0,0,0.0,,
101,0,0,0,0,0,1,0,0,0.5,0.38217008113861084,0.38217008113861084
102,0,0,0,0,0,0,0,0,1.0,0.19048812985420227,0.19048812985420227
103,0,0,0,0,0,0,0,0,0.0,,
104,0,0,0,0,0,0,0,0,0.0,,
105,0,0,0,0,0,0,0,0,0.25,0.2900508642196655,0.2900508642196655
106,0,0,0,0,0,0,0,0,0.25,0.2175159454345703,0.2175159454345703
107,0,0,0,0,0,0,0,0,0.0,,
108,0,0,0,0,0,0,0,0,1.0,0.05957584083080292,0.08976258337497711
109,0,0,0,0,0,0,0,0,0.0,,
110,0,0,0,0,0,0,0,0,1.0,0.21351560950279236,0.21351560950279236
111,0,0,0,0,0,0,0,0,0.5,0.34205156564712524,0.34205156564712524
112,1,1,0,0,0,0,0,0,0.0,,
114,0,0,1,1,0,0,0,0,0.25,-0.029346242547035217,-0.029346242547035217
115,0,0,0,0,0,0,0,0,0.0,,
116,0,0,0,0,0,0,0,0,1.0,0.18226514756679535,0.18226514756679535
117,0,0,0,0,0,0,0,0,0.0,,
118,0,0,1,0,0,0,0,0,0.3333333333333333,0.09589990973472595,0.09589990973472595
119,0,0,0,0,0,0,0,0,1.0,0.1007869690656662,0.10693696141242981
120,0,0,0,0,0,0,0,0,1.0,0.17275497317314148,0.1808912307024002
121,0,0,0,0,0,0,0,0,0.3333333333333333,-0.01596093364059925,-0.01596093364059925
122,0,0,0,1,0,0,0,0,1.0,0.17596884071826935,0.22525760531425476
123,0,0,0,0,0,0,0,0,0.5,0.14190712571144104,0.14190712571144104
124,0,0,0,0,0,0,0,0,0.5,0.27321842312812805,0.27321842312812805
125,0,0,0,1,0,0,0,1,0.25,0.1618921309709549,0.1618921309709549
126,1,1,0,0,0,0,0,0,0.0,,
127,0,0,0,0,0,0,0,0,0.0,,
128,1,2,0,1,0,0,0,0,1.0,-0.007412014529109001,0.03219958022236824
130,0,0,0,0,0,0,0,0,0.0,,
131,0,0,0,0,0,0,0,0,0.0,,
5,0,0,0,0,0,0,0,0,1.0,0.3650475740432739,0.3650475740432739
6,0,0,0,0,0,0,0,0,0.0,,
7,1,3,0,0,0,0,0,0,0.3333333333333333,0.01411798782646656,0.01411798782646656
8,0,0,0,0,0,0,0,0,0.6666666666666666,0.09527437388896942,0.10147593915462494
9,0,0,0,0,0,0,0,0,0.5,0.15868383646011353,0.15868383646011353
10,0,0,0,1,0,0,0,0,0.3333333333333333,0.18033412098884583,0.18033412098884583
11,0,0,0,0,0,0,0,0,,,
12,0,0,0,0,0,0,0,0,0.0,,
13,0,0,0,0,0,0,0,0,1.0,0.1024533286690712,0.15700405836105347
14,0,0,0,0,0,0,0,0,0.0,,
15,0,0,0,0,0,0,0,0,0.0,,
16,0,0,0,0,0,0,0,0,0.0,,
17,0,0,1,0,0,0,0,0,0.8,0.16762001812458038,0.42413872480392456
18,0,0,0,0,0,0,0,0,1.0,0.10593467205762863,0.10593467205762863
19,0,0,0,0,0,0,0,0,0.5,0.10089915990829468,0.10089915990829468
20,0,0,0,0,0,0,0,0,0.6666666666666666,0.16199225187301636,0.20613929629325867
21,0,0,1,0,0,0,0,1,0.4,0.10937623679637909,0.13649486005306244
22,0,0,0,0,0,0,0,0,1.0,0.2326962947845459,0.24429333209991455
23,0,0,0,0,0,0,0,0,0.0,,
24,1,1,0,0,0,0,0,0,1.0,0.13046687841415405,0.25589561462402344
25,0,0,0,0,0,0,0,0,0.75,0.12031187862157822,0.14326617121696472
26,0,0,0,0,0,0,0,0,,,
27,0,0,0,0,0,0,0,0,0.5,0.09586571156978607,0.09586571156978607
28,0,0,0,0,0,0,0,0,0.5,0.11085525155067444,0.11085525155067444
29,0,0,0,0,0,0,0,0,0.0,,
30,0,0,0,0,0,0,0,0,0.0,,
31,1,4,0,0,0,0,0,0,0.5,0.06845495849847794,0.15226484835147858
32,1,1,0,0,0,0,0,0,0.0,,
33,0,0,0,1,0,0,0,0,1.0,0.3792007863521576,0.39857497811317444
34,1,1,0,0,0,0,0,0,0.0,,
35,0,0,0,1,0,0,1,0,0.5,0.2292417287826538,0.2292417287826538
36,0,0,0,0,0,0,0,0,0.0,,
37,0,0,0,0,0,0,0,0,0.3333333333333333,0.10991013050079346,0.10991013050079346
38,1,2,0,0,0,0,0,0,1.0,0.08799039572477341,0.19124501943588257
39,0,0,0,0,0,0,0,0,1.0,0.26567715406417847,0.26567715406417847
40,0,0,0,0,0,0,0,1,0.5,0.2672003507614136,0.2672003507614136
41,0,0,1,0,0,0,0,0,0.5,0.17868337035179138,0.17868337035179138
42,0,0,1,0,0,0,0,0,0.5,0.01853157952427864,0.01853157952427864
43,0,0,0,0,0,0,0,0,,,
44,0,0,0,0,0,0,0,0,1.0,0.244598388671875,0.244598388671875
45,0,0,0,0,0,0,0,0,0.0,,
46,0,0,0,0,0,0,0,0,0.0,,
47,0,0,0,0,0,0,0,0,1.0,0.3002175986766815,0.3002175986766815
48,0,0,0,0,0,0,0,0,0.3333333333333333,-0.03398028761148453,-0.03398028761148453
49,0,0,0,1,0,0,1,0,0.5,0.19337807595729828,0.19337807595729828
50,0,0,0,1,0,0,0,0,0.5,0.14761939644813538,0.14761939644813538
51,0,0,0,0,0,0,0,0,1.0,0.189684197306633,0.22116905450820923
52,0,0,0,0,0,0,0,0,0.5,-0.019938964396715164,-0.019938964396715164
54,0,0,0,0,0,0,0,0,0.0,,
55,0,0,0,0,0,0,0,0,0.0,,
56,0,0,0,0,0,0,0,0,0.3333333333333333,0.03591008111834526,0.03591008111834526
57,0,0,0,0,0,0,0,0,0.5,0.22207391262054443,0.22207391262054443
58,0,0,0,0,0,0,0,0,0.0,,
59,0,0,0,1,0,0,0,0,1.0,0.17149001359939575,0.17149001359939575
60,0,0,0,0,0,0,0,0,1.0,0.0418173223733902,0.0418173223733902
61,0,0,0,0,0,0,0,0,0.3333333333333333,0.1954176425933838,0.1954176425933838
62,0,0,0,0,0,0,0,0,0.0,,
63,0,0,0,0,0,0,0,0,0.0,,
65,0,0,0,0,0,0,0,0,0.5,0.11492864042520523,0.11492864042520523
66,0,0,0,0,0,0,0,0,,,
67,0,0,0,0,0,0,0,0,0.0,,
1548,0,0,0,0,0,0,0,0,1.0,0.28711259365081787,0.28711259365081787
1719,0,0,0,0,0,0,0,0,1.0,0.18937313556671143,0.24611544609069824
1720,0,0,0,0,0,0,0,0,0.0,,
4940,0,0,0,0,0,0,0,0,1.0,0.07743700593709946,0.07743700593709946
12824,0,0,0,0,0,0,0,0,0.0,,
386,0,0,0,0,0,0,0,0,0.0,,
387,0,0,0,0,0,0,0,0,0.5,0.06679662317037582,0.06679662317037582
388,0,0,0,0,0,0,0,0,0.0,,
389,0,0,0,0,0,0,0,0,1.0,0.06488589942455292,0.09098869562149048
390,0,0,0,0,0,0,0,0,0.3333333333333333,0.21108178794384003,0.21108178794384003
391,0,0,0,0,0,0,0,0,0.0,,
392,0,0,0,0,0,0,0,0,1.0,0.24611513316631317,0.24611513316631317
393,0,0,0,0,0,0,0,0,0.3333333333333333,0.18057070672512054,0.18057070672512054
394,0,0,0,0,0,0,0,0,1.0,0.1686864197254181,0.17672105133533478
395,0,0,0,0,0,0,0,0,0.5,0.1456332951784134,0.1456332951784134
396,0,0,0,1,0,0,0,0,1.0,0.07526803016662598,0.07526803016662598
397,0,0,0,0,0,0,0,0,0.5,0.08321583271026611,0.08321583271026611
398,0,0,0,0,0,0,0,0,0.0,,
399,0,0,0,0,0,0,0,0,0.3333333333333333,0.1390085071325302,0.1390085071325302
401,0,0,0,0,0,0,0,0,0.6666666666666666,0.09862342476844788,0.12980122864246368
402,0,0,0,0,0,0,0,0,0.0,,
403,0,0,0,0,0,0,0,0,0.0,,
404,0,0,0,0,0,0,0,0,0.0,,
405,0,0,0,0,0,0,0,0,0.5,0.3528193235397339,0.3528193235397339
406,0,0,0,1,0,0,0,0,0.25,0.14849168062210083,0.14849168062210083
407,0,0,0,0,0,0,0,0,0.0,,
408,0,0,0,0,0,0,0,0,0.3333333333333333,0.23817771673202515,0.23817771673202515
409,0,0,0,0,0,0,0,0,1.0,0.12451249361038208,0.12451249361038208
410,0,0,0,0,0,0,0,1,0.6,0.18257658183574677,0.26796144247055054
411,0,0,0,0,0,0,0,0,0.5,0.23039519786834717,0.23039519786834717
412,0,0,0,0,0,0,0,0,1.0,0.09457853436470032,0.09538418799638748
413,0,0,0,0,0,0,0,0,0.0,,
414,0,0,0,0,0,0,0,0,0.0,,
415,0,0,0,0,0,0,0,0,0.5,0.36874330043792725,0.36874330043792725
416,0,0,0,0,0,0,0,0,0.6666666666666666,0.15118490159511566,0.18903937935829163
417,0,0,0,0,0,0,0,0,0.0,,
418,0,0,0,0,0,0,0,1,0.5,0.07244314253330231,0.07244314253330231
419,0,0,0,0,0,0,0,0,1.0,0.003675270825624466,0.003675270825624466
420,0,0,1,0,0,0,0,0,0.6666666666666666,0.33717066049575806,0.5324932336807251
421,0,0,0,0,0,0,0,0,0.5,0.06375859677791595,0.06375859677791595
422,0,0,0,1,0,0,0,0,0.5,0.18244707584381104,0.18244707584381104
423,0,0,0,0,0,0,0,0,0.0,,
424,0,0,0,0,0,0,0,0,0.5,0.27337393164634705,0.27337393164634705
425,0,0,0,0,0,0,0,0,0.5,0.08926285803318024,0.11523520946502686
426,0,0,0,0,0,0,0,0,0.5,0.11082052439451218,0.11082052439451218
427,0,0,0,0,0,0,0,1,1.0,0.13686266541481018,0.13686266541481018
428,0,0,0,0,0,0,0,0,0.0,,
429,0,0,1,1,0,0,0,0,0.6666666666666666,0.15550625324249268,0.16407416760921478
430,0,0,0,0,0,0,0,0,0.0,,
431,0,0,0,0,0,0,0,0,1.0,0.31915658712387085,0.379500150680542
432,0,0,0,0,0,0,0,0,0.0,,
433,0,0,0,1,0,0,0,0,0.6666666666666666,0.06117933243513107,0.09069141745567322
434,0,0,0,0,1,0,0,0,1.0,0.1620449423789978,0.1620449423789978
435,0,0,0,0,0,0,0,0,0.0,,
437,0,0,0,1,0,0,0,0,0.5,0.18963617086410522,0.2446688562631607
438,0,0,0,0,0,0,0,0,1.0,0.1058015301823616,0.1058015301823616
439,0,0,0,0,0,0,0,0,0.0,,
440,0,0,0,0,0,0,0,0,0.3333333333333333,0.160377636551857,0.160377636551857
441,0,0,0,0,0,0,0,0,1.0,0.19148646295070648,0.2468816637992859
442,0,0,0,0,0,0,0,0,1.0,0.1008724793791771,0.1008724793791771
443,0,0,0,0,0,0,0,0,0.0,,
444,0,0,0,0,0,0,0,0,1.0,0.20564502477645874,0.22195902466773987
445,0,0,0,0,0,0,0,0,0.0,,
446,0,0,1,0,0,0,0,1,1.0,0.17256075143814087,0.19851456582546234
447,0,0,0,0,0,0,0,0,0.0,,
448,0,0,0,0,0,0,0,0,0.0,,
449,0,0,0,0,0,0,0,0,0.5,0.30604076385498047,0.30604076385498047
450,0,0,0,0,0,0,0,0,0.0,,
451,0,0,0,0,0,0,0,0,0.3333333333333333,0.17691612243652344,0.17691612243652344
452,0,0,0,1,0,0,0,0,0.6666666666666666,0.2580954432487488,0.26851919293403625
453,1,1,0,0,0,0,0,0,0.3333333333333333,0.11054902523756027,0.11054902523756027
454,0,0,0,0,0,0,0,0,0.3333333333333333,0.1695648729801178,0.1695648729801178
455,0,0,0,0,0,0,0,0,1.0,0.08687571436166763,0.08687571436166763
456,0,0,0,0,0,0,0,0,0.0,,
457,0,0,0,1,0,0,0,0,0.25,0.19934210181236267,0.19934210181236267
458,0,0,0,0,0,0,0,0,1.0,0.1661757230758667,0.1661757230758667
459,0,0,0,0,0,0,0,0,1.0,0.10789131373167038,0.1328384280204773
460,0,0,0,0,0,0,0,0,0.0,,
461,0,0,0,0,0,0,0,0,0.0,,
462,0,0,0,0,0,0,0,0,0.0,,
463,0,0,0,0,0,0,0,0,0.3333333333333333,0.13528326153755188,0.13528326153755188
464,0,0,0,0,0,0,0,0,1.0,0.2056688368320465,0.30848798155784607
465,0,0,0,0,0,0,0,0,0.0,,
466,0,0,0,0,0,1,0,0,0.5,0.323272705078125,0.323272705078125
467,0,0,0,0,0,0,0,0,1.0,0.09872391819953918,0.09872391819953918
468,0,0,0,1,0,0,0,0,1.0,0.13750974833965302,0.23779401183128357
469,0,0,0,0,0,0,0,0,0.0,,
1360,0,0,0,0,0,0,0,0,0.5,0.312063992023468,0.312063992023468
470,0,0,0,0,0,0,0,0,0.0,,
471,0,0,0,0,0,0,0,0,0.5,0.15941563248634338,0.15941563248634338
472,0,0,0,0,0,0,0,0,0.5,0.15418873727321625,0.18851196765899658
473,0,0,0,0,0,0,0,0,0.0,,
474,0,0,0,0,0,0,0,0,0.5,0.1394149512052536,0.1394149512052536
475,0,0,0,0,0,0,0,0,0.3333333333333333,-0.0022427476942539215,-0.0022427476942539215
476,0,0,0,0,0,0,0,0,0.0,,
477,0,0,0,0,0,0,0,0,0.0,,
478,0,0,0,0,0,0,0,0,1.0,0.29313790798187256,0.29313790798187256
479,0,0,0,0,0,0,0,0,0.0,,
480,0,0,0,0,0,0,0,0,0.0,,
481,0,0,0,0,0,0,0,0,0.0,,
482,0,0,0,0,0,0,0,0,0.0,,
483,0,0,0,0,0,0,0,0,1.0,0.2176538109779358,0.2176538109779358
484,0,0,0,0,0,0,0,0,1.0,-0.00513114407658577,-0.00513114407658577
485,0,0,0,0,0,0,0,0,0.5,0.3007296919822693,0.3007296919822693
486,0,0,0,0,0,0,0,0,0.0,,
487,0,0,0,0,0,0,0,0,0.0,,
488,0,0,0,0,0,0,0,0,0.0,,
489,0,0,0,0,0,0,0,0,0.0,,
490,0,0,0,0,0,0,0,0,1.0,0.47166240215301514,0.47166240215301514
491,0,0,0,0,0,0,0,0,0.0,,
492,0,0,0,0,0,0,0,0,0.0,,
493,0,0,0,0,0,0,0,0,0.0,,
494,0,0,0,0,0,0,0,0,0.0,,
495,0,0,0,0,0,0,0,0,0.0,,
496,0,0,0,0,0,0,1,0,0.5,0.01580105349421501,0.01580105349421501
497,0,0,0,0,0,0,0,0,1.0,0.07763232290744781,0.07763232290744781
498,0,0,0,0,0,0,0,0,0.0,,
499,0,0,0,1,0,0,0,0,1.0,0.11990616470575333,0.11990616470575333
500,0,0,0,0,0,0,0,0,0.0,,
501,0,0,0,0,0,0,0,0,0.6666666666666666,0.07148383557796478,0.07995793968439102
502,0,0,0,0,0,0,0,0,1.0,0.08227822929620743,0.08227822929620743
503,0,0,0,0,0,0,0,0,0.5,0.22883328795433044,0.22883328795433044
504,0,0,0,1,1,0,0,0,1.0,0.28391599655151367,0.2990874648094177
505,0,0,0,0,0,0,0,0,0.0,,
506,0,0,0,0,0,0,1,0,0.6666666666666666,0.22740229964256287,0.24945302307605743
507,0,0,0,0,0,0,0,0,0.5,0.1860782504081726,0.1860782504081726
508,0,0,0,0,0,0,0,0,0.0,,
509,0,0,0,0,0,0,0,0,0.0,,
511,0,0,0,0,0,0,0,0,1.0,0.16467821598052979,0.16467821598052979
512,0,0,0,0,0,0,0,0,0.5,0.16883611679077148,0.16883611679077148
513,0,0,1,1,0,0,0,0,1.0,0.2391977161169052,0.23986516892910004
514,0,0,0,0,0,0,0,0,0.5,0.194488063454628,0.194488063454628
515,0,0,0,0,0,0,0,0,0.0,,
516,0,0,0,0,0,0,0,0,0.5,0.0713886171579361,0.0713886171579361
517,0,0,0,0,0,0,0,0,0.0,,
518,0,0,0,0,0,0,0,0,1.0,0.2950982451438904,0.2950982451438904
519,0,0,0,0,0,0,0,0,1.0,0.08717697858810425,0.10033553838729858
520,0,0,0,1,0,0,0,0,0.5,0.10415813326835632,0.10415813326835632
521,0,0,0,0,0,0,0,0,0.0,,
522,0,0,0,0,0,0,0,0,1.0,0.19762161374092102,0.19762161374092102
523,0,0,0,1,0,0,0,0,0.6666666666666666,0.2662264406681061,0.41685426235198975
524,0,0,0,0,0,0,0,0,0.3333333333333333,0.03154391795396805,0.03154391795396805
525,0,0,0,0,0,0,0,0,1.0,0.24652346968650818,0.25061970949172974
526,0,0,0,0,0,0,0,0,0.0,,
527,0,0,0,0,0,0,0,0,0.0,,
528,0,0,0,0,0,0,0,0,0.0,,
529,0,0,0,0,0,0,0,0,0.0,,
530,0,0,0,0,0,0,0,0,0.0,,
531,0,0,0,0,0,0,0,0,0.0,,
532,0,0,0,0,0,0,0,0,1.0,0.07121430337429047,0.07121430337429047
533,0,0,0,0,0,0,0,0,1.0,0.255845844745636,0.255845844745636
534,0,0,0,0,0,0,0,0,1.0,0.1176634281873703,0.19807584583759308
535,0,0,0,0,0,0,0,0,0.0,,
536,0,0,1,0,0,0,0,1,0.5,0.10691395401954651,0.10691395401954651
537,0,0,0,0,0,0,0,0,0.3333333333333333,0.1823045313358307,0.1823045313358307
538,0,0,0,0,0,0,0,0,0.0,,
540,0,0,0,0,0,0,0,0,1.0,0.06339699774980545,0.06339699774980545
541,0,0,0,0,0,0,0,0,0.0,,
542,0,0,0,0,0,0,0,0,1.0,0.31057822704315186,0.31057822704315186
543,0,0,1,0,0,0,0,0,1.0,0.1520281285047531,0.18946698307991028
544,0,0,0,0,0,0,0,0,0.5,0.11600138247013092,0.11600138247013092
545,0,0,0,0,0,0,0,0,1.0,0.1430572271347046,0.1882823407649994
546,0,0,0,0,0,0,0,0,,,
547,0,0,0,1,1,0,0,1,0.6666666666666666,0.12428896129131317,0.15532316267490387
548,0,0,0,0,0,1,0,0,1.0,0.12037878483533859,0.13085930049419403
549,0,0,0,0,0,0,0,0,0.0,,
550,0,0,0,0,0,0,0,0,0.0,,
552,0,0,0,0,0,0,0,0,,,
553,0,0,0,0,0,0,0,0,0.0,,
554,0,0,0,0,0,0,0,0,0.5,0.14805027842521667,0.14805027842521667
555,0,0,0,0,0,0,0,0,0.5,0.08203291893005371,0.08203291893005371
556,0,0,1,0,0,0,1,1,1.0,0.16558648645877838,0.23640559613704681
557,0,0,0,1,1,0,0,0,1.0,0.20660901069641113,0.2627134621143341
558,0,0,0,0,0,0,0,0,0.0,,
559,0,0,0,0,0,0,0,0,0.0,,
560,0,0,1,0,0,0,0,0,0.3333333333333333,0.30775684118270874,0.30775684118270874
561,0,0,0,1,0,0,0,0,1.0,0.1302705705165863,0.1302705705165863
562,0,0,0,0,0,0,0,0,0.0,,
563,0,0,0,0,0,0,0,0,0.0,,
564,0,0,0,0,0,0,0,0,0.0,,
565,0,0,0,0,0,0,0,0,0.0,,
566,0,0,0,0,0,0,0,0,0.0,,
567,0,0,0,0,0,0,0,0,0.0,,
568,1,1,0,0,0,0,0,0,0.0,,
569,0,0,0,0,0,0,0,0,0.0,,
570,1,2,1,1,0,0,0,0,0.5,-0.05083905905485153,-0.05083905905485153
571,0,0,0,0,0,0,0,0,1.0,0.12958690524101257,0.12958690524101257
572,0,0,0,1,0,0,0,0,0.3333333333333333,0.15119464695453644,0.15119464695453644
573,0,0,0,0,0,0,0,0,0.5,0.2233802080154419,0.2233802080154419
574,0,0,1,0,0,0,0,0,0.3333333333333333,0.1065000668168068,0.1065000668168068
575,0,0,1,0,0,0,0,0,1.0,0.15178754925727844,0.19730144739151
576,0,0,0,0,0,0,0,0,0.3333333333333333,0.15567713975906372,0.15567713975906372
577,0,0,0,0,0,0,0,0,1.0,0.2690471410751343,0.33235639333724976
578,0,0,0,0,0,0,0,0,0.0,,
579,0,0,0,0,0,0,0,0,0.5,0.2450721114873886,0.2450721114873886
580,0,0,0,1,0,0,0,0,0.5,0.06067827716469765,0.06067827716469765
581,0,0,0,0,0,0,0,0,1.0,0.18486836552619934,0.18486836552619934
583,0,0,0,0,0,0,0,0,0.0,,
584,0,0,0,0,0,0,0,0,1.0,0.06254144012928009,0.06254144012928009
585,0,0,0,0,0,1,0,0,1.0,0.3165014386177063,0.3165014386177063
587,0,0,0,0,0,0,0,0,1.0,0.2991757094860077,0.2991757094860077
588,0,0,0,0,0,0,0,0,0.0,,
589,0,0,0,0,0,0,0,0,0.25,0.08975259959697723,0.08975259959697723
590,1,2,0,0,0,0,0,0,1.0,0.2162429392337799,0.2509809732437134
591,0,0,0,0,0,0,0,0,0.3333333333333333,0.2928730249404907,0.2928730249404907
592,0,0,0,0,0,0,0,0,0.0,,
593,0,0,0,0,0,0,0,0,1.0,-0.013471409678459167,-0.013471409678459167
594,0,0,0,0,0,0,0,0,0.0,,
595,0,0,0,0,0,0,0,0,1.0,0.09886545687913895,0.09886545687913895
597,0,0,1,0,0,0,0,0,1.0,0.24800367653369904,0.27602508664131165
598,0,0,0,0,0,0,0,0,0.0,,
599,1,1,0,0,0,0,0,0,0.0,,
600,0,0,0,0,0,0,0,0,0.6666666666666666,0.3135475516319275,0.4592653512954712
601,0,0,1,1,0,0,0,0,0.3333333333333333,0.06501971185207367,0.06501971185207367
602,0,0,0,0,0,0,0,0,0.0,,
603,0,0,0,0,0,0,0,0,0.0,,
604,0,0,0,0,0,0,0,0,1.0,0.11837976425886154,0.11837976425886154
605,0,0,0,0,0,0,0,0,0.0,,
606,0,0,0,0,0,0,0,0,0.0,,
607,0,0,0,0,0,0,0,0,0.3333333333333333,0.0604163333773613,0.0604163333773613
608,0,0,0,0,0,0,0,0,1.0,0.20799455046653748,0.20799455046653748
610,0,0,0,0,0,0,0,0,0.5,0.12750130891799927,0.12750130891799927
611,0,0,0,0,0,0,0,0,0.5,0.2794760465621948,0.2794760465621948
612,0,0,0,0,0,0,0,0,0.0,,
613,0,0,0,0,0,0,0,0,0.5,0.22396215796470642,0.22396215796470642
614,0,0,0,0,0,0,0,0,0.0,,
615,0,0,0,0,0,0,0,0,1.0,0.1117030680179596,0.1117030680179596
616,0,0,0,0,0,0,0,0,0.0,,
617,1,2,0,0,0,0,0,0,0.5,0.3036898970603943,0.3036898970603943
618,0,0,0,0,0,0,0,0,,,
619,0,0,0,0,0,0,0,0,0.0,,
620,0,0,0,0,0,0,0,0,0.5,0.20864275097846985,0.20864275097846985
621,0,0,0,0,0,0,0,0,0.0,,
622,0,0,0,0,0,0,0,0,1.0,0.18978890776634216,0.18978890776634216
623,0,0,0,0,0,0,0,0,0.0,,
624,0,0,0,0,0,0,0,0,0.0,,
625,0,0,0,0,0,0,0,0,0.0,,
626,0,0,0,0,0,0,0,0,1.0,0.07735869288444519,0.09257347881793976
627,0,0,0,0,0,0,1,0,1.0,0.48272642493247986,0.48272642493247986
628,0,0,0,0,0,0,0,0,1.0,0.11337060481309891,0.11337060481309891
629,0,0,0,0,0,0,0,0,0.5,0.2480672001838684,0.2480672001838684
630,0,0,0,0,0,0,0,0,0.3333333333333333,0.16481101512908936,0.16481101512908936
631,0,0,0,0,0,0,0,0,0.3333333333333333,0.11523427069187164,0.11523427069187164
632,0,0,0,0,0,0,0,0,0.5,0.19840458035469055,0.19840458035469055
633,0,0,0,0,0,0,0,0,0.0,,
634,0,0,0,0,0,0,0,0,1.0,0.1506785750389099,0.15304876863956451
635,0,0,0,0,0,0,0,0,0.5,0.013019479811191559,0.013019479811191559
636,0,0,0,0,1,0,0,1,1.0,0.14736509323120117,0.16793879866600037
637,0,0,0,0,0,0,0,0,0.0,,
638,0,0,0,0,0,0,0,0,0.0,,
639,0,0,0,0,0,0,0,0,0.0,,
640,0,0,1,0,1,1,0,0,0.5,0.005386774428188801,0.01652357541024685
641,0,0,0,0,0,0,0,0,1.0,0.04299589991569519,0.04299589991569519
642,0,0,0,0,0,0,0,0,0.0,,
643,0,0,0,0,0,0,0,0,0.0,,
644,0,0,0,0,0,0,0,0,0.0,,
645,0,0,0,0,0,0,0,0,0.0,,
646,0,0,0,0,0,0,0,0,0.5,0.10579553246498108,0.10579553246498108
647,0,0,0,1,0,0,0,0,0.3333333333333333,0.22750961780548096,0.22750961780548096
648,0,0,0,1,0,0,0,0,1.0,0.15765631198883057,0.15765631198883057
651,0,0,0,0,0,0,0,0,0.0,,
652,0,0,0,0,0,0,0,0,1.0,0.2796829342842102,0.2796829342842102
653,0,0,0,0,0,0,0,0,0.0,,
654,0,0,0,0,0,0,0,0,0.5,0.09338083863258362,0.09338083863258362
655,0,0,1,1,0,0,0,0,0.5,0.21456199884414673,0.21456199884414673
656,0,0,0,0,0,0,0,0,0.0,,
657,0,0,0,0,0,0,0,0,0.0,,
658,0,0,0,0,0,0,0,0,0.0,,
659,0,0,0,0,0,0,0,0,1.0,0.1428886353969574,0.1428886353969574
661,0,0,0,0,0,0,0,0,0.0,,
662,0,0,0,0,0,0,0,0,0.5,0.2475600689649582,0.2475600689649582
663,1,1,0,0,0,0,0,0,0.0,,
664,0,0,0,0,0,0,0,0,0.0,,
665,0,0,0,0,0,0,0,0,1.0,0.27954623103141785,0.27954623103141785
666,0,0,0,0,0,0,0,0,0.5,0.26991796493530273,0.26991796493530273
667,0,0,1,0,0,0,0,0,1.0,0.12130676209926605,0.14918968081474304
668,0,0,0,0,0,0,0,0,0.0,,
669,0,0,0,0,0,0,0,0,1.0,0.10881458222866058,0.10881458222866058
670,0,0,0,0,0,0,0,0,0.0,,
672,0,0,0,0,0,0,0,0,0.3333333333333333,0.28379055857658386,0.28379055857658386
673,0,0,0,0,0,0,0,0,0.5,0.16639912128448486,0.16639912128448486
674,0,0,0,0,0,0,0,0,1.0,0.10009356588125229,0.10009356588125229
675,0,0,0,0,0,0,0,0,0.0,,
676,0,0,0,0,0,0,0,0,0.0,,
677,0,0,0,0,0,0,0,0,0.0,,
678,0,0,0,0,0,0,0,0,0.0,,
679,0,0,0,1,0,0,0,0,0.5,0.12839363515377045,0.12839363515377045
680,0,0,0,0,0,0,0,0,0.5,0.3567097783088684,0.3567097783088684
681,0,0,0,0,0,0,0,0,1.0,0.3715236783027649,0.3715236783027649
682,0,0,0,0,0,0,0,0,0.0,,
684,0,0,0,0,0,0,0,0,1.0,0.2819511294364929,0.2819511294364929
685,0,0,0,0,1,0,0,0,0.6666666666666666,0.3069525957107544,0.36103689670562744
686,0,0,0,0,0,0,0,0,0.5,0.15847530961036682,0.15847530961036682
687,0,0,0,0,0,0,0,0,0.0,,
688,0,0,0,0,0,0,0,0,1.0,0.1654433012008667,0.1654433012008667
689,0,0,0,0,0,0,0,0,0.6666666666666666,0.23453304171562195,0.2724417448043823
690,0,0,0,1,0,0,0,0,1.0,0.31403976678848267,0.34777551889419556
691,0,0,0,1,0,0,0,0,0.5,0.20198868215084076,0.20198868215084076
692,0,0,0,0,0,0,0,0,0.0,,
694,0,0,0,0,0,0,0,0,0.0,,
695,0,0,0,0,0,0,0,0,0.0,,
696,0,0,0,1,0,0,0,0,0.5,0.2570669651031494,0.2570669651031494
697,0,0,0,0,0,0,0,0,1.0,0.14608517289161682,0.14608517289161682
698,0,0,0,1,0,0,0,0,0.5,0.1345883309841156,0.1345883309841156
700,0,0,0,0,1,0,0,0,1.0,0.5378535985946655,0.5378535985946655
701,0,0,0,0,0,0,0,0,0.0,,
702,0,0,0,0,0,0,0,0,0.0,,
703,0,0,0,0,0,0,0,0,0.0,,
704,0,0,0,0,0,0,0,0,0.0,,
705,0,0,0,0,0,0,0,0,0.0,,
706,0,0,0,0,0,0,0,0,0.0,,
707,0,0,0,0,0,0,0,0,0.0,,
709,0,0,0,0,0,0,0,0,0.0,,
710,0,0,0,0,0,0,0,0,0.5,0.08332423865795135,0.08332423865795135
711,0,0,0,0,0,0,0,0,0.5,0.09523341059684753,0.09523341059684753
712,1,1,0,0,0,0,0,0,0.0,,
713,0,0,1,0,0,0,0,0,0.5,0.28763240575790405,0.28763240575790405
714,0,0,0,0,0,0,0,0,0.5,0.212208092212677,0.212208092212677
715,0,0,0,0,0,0,0,0,0.3333333333333333,0.07098841667175293,0.07098841667175293
716,0,0,0,1,0,0,0,0,0.3333333333333333,0.34353435039520264,0.34353435039520264
717,0,0,0,0,0,0,0,0,0.5,0.03611477464437485,0.03611477464437485
719,0,0,0,0,0,0,0,0,0.0,,
720,0,0,1,1,0,0,0,0,1.0,0.2648060917854309,0.2648060917854309
721,0,0,0,0,0,0,0,0,0.0,,
722,0,0,0,0,0,0,0,0,0.0,,
725,0,0,0,0,0,0,0,0,0.0,,
726,0,0,0,0,0,0,0,0,0.0,,
727,0,0,0,0,0,0,0,0,0.0,,
728,1,1,0,0,0,0,0,0,0.0,,
729,0,0,0,0,0,0,0,0,0.0,,
730,0,0,0,0,0,0,0,0,0.0,,
731,0,0,0,0,0,0,0,0,0.5,0.17698784172534943,0.17698784172534943
732,0,0,0,0,0,0,0,0,0.0,,
733,0,0,0,0,0,0,0,0,0.0,,
734,0,0,0,0,0,0,0,0,1.0,0.4029703140258789,0.4029703140258789
735,0,0,0,0,0,0,0,0,0.5,0.28634345531463623,0.28634345531463623
736,0,0,0,0,0,0,0,0,0.0,,
738,0,0,0,0,0,0,0,0,0.0,,
739,0,0,0,0,0,0,0,0,0.0,,
740,0,0,0,0,0,0,0,0,0.0,,
742,1,1,0,1,0,0,0,0,0.6666666666666666,0.06649374961853027,0.11666304618120193
743,0,0,0,0,0,0,0,0,0.0,,
744,0,0,0,0,0,0,0,0,0.5,0.2594928741455078,0.2594928741455078
746,0,0,0,0,0,0,0,0,0.0,,
747,0,0,0,1,1,1,0,0,0.5,0.2806396484375,0.2806396484375
748,0,0,0,0,0,0,0,0,0.0,,
749,0,0,0,0,0,0,0,0,0.5,0.06898853182792664,0.06898853182792664
750,0,0,0,0,0,0,0,0,0.0,,
751,0,0,0,0,0,0,0,0,0.4,0.11107539385557175,0.13613054156303406
752,0,0,0,0,0,0,0,0,0.5,0.2509579360485077,0.2509579360485077
753,0,0,0,0,0,0,0,0,0.0,,
754,0,0,0,0,0,0,0,0,0.6666666666666666,0.22560685873031616,0.24273139238357544
755,0,0,0,0,0,0,0,0,1.0,0.22061942517757416,0.22061942517757416
756,0,0,0,0,0,0,0,0,1.0,0.20587754249572754,0.37484389543533325
758,0,0,0,0,0,0,0,0,1.0,0.14486950635910034,0.27168965339660645
759,0,0,0,0,0,0,0,0,0.0,,
760,0,0,0,0,0,0,0,0,0.0,,
761,0,0,0,0,0,0,0,0,1.0,0.14813576638698578,0.14813576638698578
762,0,0,0,1,0,0,0,0,1.0,0.1775064319372177,0.1775064319372177
763,0,0,0,0,0,0,0,0,1.0,0.2726455330848694,0.2726455330848694
764,0,0,0,0,0,0,0,0,0.0,,
765,0,0,0,1,0,0,0,0,0.5,0.5208056569099426,0.5208056569099426
766,1,1,0,1,0,0,0,0,1.0,0.28681445121765137,0.3981800675392151
767,0,0,0,0,0,0,0,0,0.0,,
768,0,0,0,0,0,0,0,0,0.3333333333333333,0.09246988594532013,0.09246988594532013
769,0,0,0,0,0,0,0,1,0.5,0.24589094519615173,0.24589094519615173
770,0,0,0,0,0,0,0,0,0.0,,
772,0,0,0,0,0,0,0,0,0.6666666666666666,0.23239722847938538,0.236758291721344
773,0,0,0,0,0,0,0,0,1.0,0.08605325222015381,0.11100681126117706
774,0,0,0,0,0,0,0,0,1.0,0.19146287441253662,0.19146287441253662
775,1,1,0,0,0,0,0,0,0.0,,
777,0,0,0,0,0,0,0,0,0.5,0.008192431181669235,0.008192431181669235
778,0,0,0,0,0,0,0,0,0.0,,
779,0,0,0,0,0,0,0,0,0.5,0.06517932564020157,0.06517932564020157
780,0,0,0,0,0,0,0,0,1.0,0.28752803802490234,0.33964061737060547
781,0,0,0,0,0,0,0,0,0.0,,
782,0,0,0,0,0,0,0,0,0.0,,
783,0,0,0,0,0,0,0,0,1.0,0.028015311807394028,0.028015311807394028
784,0,0,0,0,0,0,0,0,0.5,0.3259098529815674,0.3259098529815674
785,0,0,0,0,0,1,0,0,1.0,0.010302945971488953,0.010302945971488953
786,0,0,0,0,0,0,0,0,0.3333333333333333,0.08490094542503357,0.08490094542503357
787,0,0,0,0,0,0,0,0,0.0,,
788,0,0,0,0,1,0,0,0,0.5,0.14089150726795197,0.14089150726795197
789,0,0,0,0,0,0,0,0,0.5,0.042415231466293335,0.042415231466293335
790,0,0,0,0,0,0,0,0,0.0,,
791,0,0,0,0,0,0,0,0,1.0,0.26788413524627686,0.2836942672729492
792,0,0,0,0,0,0,0,1,1.0,0.3356200158596039,0.3356200158596039
793,0,0,0,1,0,0,0,0,0.5,0.12110935896635056,0.1782008558511734
794,0,0,0,0,0,0,0,0,0.0,,
795,0,0,0,1,0,0,0,0,0.25,0.12153728306293488,0.12153728306293488
796,0,0,0,0,0,0,0,1,1.0,0.4136323630809784,0.5306054353713989
797,0,0,0,0,0,0,0,0,1.0,0.31251418590545654,0.5241066813468933
798,1,1,0,1,0,0,0,0,1.0,0.20667658746242523,0.20667658746242523
799,0,0,0,0,0,0,0,0,0.5,0.033487141132354736,0.033487141132354736
800,0,0,0,0,0,0,0,0,1.0,0.08793927729129791,0.09521975368261337
801,0,0,0,1,0,0,0,1,0.5,-0.01030617207288742,-0.01030617207288742
802,0,0,0,0,0,0,0,1,1.0,0.08652929216623306,0.1489907056093216
804,0,0,0,1,0,0,0,0,0.5,0.39360594749450684,0.39360594749450684
805,0,0,0,0,0,0,0,0,0.0,,
807,0,0,0,0,0,0,0,0,,,
808,0,0,0,0,0,0,0,0,0.0,,
809,0,0,0,0,0,0,0,0,0.25,0.004471170715987682,0.004471170715987682
810,0,0,0,0,0,0,0,0,0.0,,
811,0,0,0,0,0,0,0,0,0.0,,
812,0,0,0,0,0,0,0,0,0.0,,
813,0,0,0,0,0,0,0,0,0.0,,
814,0,0,0,0,0,0,0,0,1.0,0.10254566371440887,0.1241961196064949
815,0,0,0,0,0,0,0,0,1.0,0.11935776472091675,0.15111830830574036
817,0,0,0,0,0,0,0,0,0.5,0.1291111409664154,0.29034626483917236
818,0,0,0,1,0,0,0,0,1.0,0.32491302490234375,0.39641106128692627
819,0,0,0,0,0,1,0,0,1.0,0.2737885117530823,0.2737885117530823
820,0,0,0,0,0,0,0,0,0.0,,
822,0,0,0,0,0,0,0,0,0.3333333333333333,0.36293214559555054,0.36293214559555054
823,0,0,0,0,0,0,0,0,0.3333333333333333,0.0036818236112594604,0.0036818236112594604
824,0,0,0,0,0,0,0,0,1.0,0.13064166903495789,0.1570030152797699
825,0,0,0,0,0,0,0,0,0.75,0.17164216935634613,0.2212948501110077
826,1,2,0,1,0,0,0,0,1.0,0.17557203769683838,0.2590373158454895
827,0,0,0,0,0,0,0,0,0.0,,
828,0,0,0,0,0,0,0,0,0.5,0.28216952085494995,0.28216952085494995
829,0,0,1,0,0,0,0,0,1.0,0.462565153837204,0.5295593738555908
830,0,0,0,0,0,0,0,0,0.0,,
831,0,0,0,0,0,0,0,0,0.0,,
832,0,0,0,0,0,0,0,0,0.0,,
833,0,0,0,0,0,0,1,0,1.0,0.28156667947769165,0.28156667947769165
834,0,0,0,0,0,0,0,0,0.0,,
835,0,0,0,0,0,0,0,0,0.0,,
836,0,0,0,0,0,0,0,0,1.0,0.09878619015216827,0.09878619015216827
837,0,0,0,0,0,0,0,0,0.3333333333333333,0.12216824293136597,0.12216824293136597
838,0,0,0,0,0,0,0,0,0.0,,
839,0,0,0,0,0,0,0,0,0.0,,
840,0,0,0,0,0,0,0,0,0.5,0.2014072984457016,0.2014072984457016
842,0,0,0,0,0,0,0,0,0.0,,
843,0,0,0,0,0,0,0,0,0.0,,
845,0,0,0,0,0,0,0,0,1.0,0.2893661856651306,0.39988523721694946
846,0,0,0,0,0,0,0,0,0.0,,
847,0,0,0,0,0,0,0,0,0.0,,
848,0,0,0,1,0,0,0,1,1.0,0.2810010612010956,0.33558475971221924
849,0,0,0,0,0,0,0,0,0.0,,
850,0,0,0,0,0,0,0,0,,,
851,0,0,0,0,0,0,0,0,0.0,,
852,0,0,0,0,0,0,0,0,0.0,,
853,0,0,0,0,1,0,0,0,1.0,0.25321877002716064,0.25321877002716064
854,0,0,0,0,0,0,0,0,0.0,,
855,0,0,1,1,0,0,0,0,0.5,0.14083924889564514,0.14083924889564514
856,0,0,0,0,0,0,0,0,0.0,,
857,0,0,0,0,0,0,0,0,1.0,0.2945324182510376,0.2945324182510376
1166,0,0,0,0,0,0,0,0,1.0,0.1989322006702423,0.1989322006702423
1434,0,0,0,0,0,0,0,0,0.0,,
860,1,1,0,0,0,0,0,0,0.0,,
861,0,0,0,0,0,0,0,0,1.0,0.028569918125867844,0.036158237606287
862,1,2,0,0,0,0,0,0,1.0,0.29224395751953125,0.42937225103378296
863,0,0,0,0,0,0,0,0,,,
864,0,0,0,0,1,0,0,0,1.0,0.36847731471061707,0.36847731471061707
865,0,0,0,0,0,0,0,0,0.0,,
866,0,0,0,0,0,0,0,0,1.0,0.1304161697626114,0.1304161697626114
867,0,0,0,0,0,0,0,0,0.5,0.22143244743347168,0.22143244743347168
868,0,0,0,0,0,0,0,0,1.0,0.027539702132344246,0.027539702132344246
869,0,0,0,0,0,0,0,1,1.0,0.15929697453975677,0.2499731183052063
870,0,0,0,1,0,0,0,1,0.5,0.22413933277130127,0.22413933277130127
871,0,0,0,0,0,0,0,0,0.0,,
872,0,0,0,0,1,0,0,0,1.0,0.40403321385383606,0.40403321385383606
873,0,0,0,0,0,0,0,0,0.25,0.1782953441143036,0.1782953441143036
874,0,0,0,0,0,0,0,0,0.5,0.09379734098911285,0.09379734098911285
875,0,0,0,0,0,0,0,0,0.0,,
876,0,0,0,0,0,0,0,0,0.0,,
877,0,0,1,0,0,0,0,1,0.5,0.516089141368866,0.516089141368866
878,0,0,0,0,0,0,0,0,0.0,,
879,0,0,0,0,0,0,0,0,1.0,0.15889373421669006,0.15889373421669006
881,0,0,0,0,0,0,0,0,0.0,,
882,0,0,0,0,0,0,0,0,0.0,,
884,0,0,0,0,0,0,0,0,1.0,0.19971930980682373,0.2677602767944336
885,0,0,0,0,0,0,0,0,0.0,,
886,0,0,0,0,0,0,0,0,0.0,,
887,0,0,0,0,0,0,0,0,0.3333333333333333,0.09769885987043381,0.09769885987043381
888,0,0,0,0,0,0,0,0,0.0,,
889,0,0,0,0,0,0,0,0,0.5,0.16693592071533203,0.16693592071533203
890,0,0,0,0,0,0,0,0,0.3333333333333333,0.04885416105389595,0.04885416105389595
891,0,0,0,0,0,0,0,0,0.0,,
892,0,0,0,0,0,0,0,0,1.0,0.19552059471607208,0.249824658036232
893,0,0,0,0,0,0,0,0,0.6666666666666666,0.17181916534900665,0.24320738017559052
894,0,0,0,0,0,0,0,0,0.0,,
896,0,0,0,0,0,0,0,0,1.0,0.12983042001724243,0.13854335248470306
897,0,0,0,0,0,0,0,0,1.0,0.13763970136642456,0.16312700510025024
898,0,0,0,0,0,0,0,0,0.0,,
900,0,0,0,0,0,0,0,0,1.0,0.1134089007973671,0.1786118894815445
901,0,0,0,0,0,0,0,0,0.0,,
902,0,0,0,0,0,0,0,0,0.0,,
903,0,0,1,1,0,0,0,1,1.0,0.1984902322292328,0.3051154315471649
904,0,0,0,0,0,0,0,0,1.0,0.0013002203777432442,0.0017226114869117737
905,0,0,0,0,0,0,0,0,1.0,0.09802118688821793,0.18909060955047607
906,0,0,0,0,0,0,0,0,1.0,-0.006938849575817585,-0.006938849575817585
907,0,0,0,0,0,0,0,0,0.0,,
908,0,0,0,0,0,0,0,0,0.5,0.3804381787776947,0.3804381787776947
909,0,0,0,0,0,0,0,0,0.5,0.3832341730594635,0.3832341730594635
910,0,0,0,0,0,0,0,0,0.0,,
911,0,0,0,0,1,0,0,0,0.5,0.21218697726726532,0.21218697726726532
912,0,0,0,0,0,0,0,0,0.0,,
913,0,0,0,0,0,0,0,0,1.0,0.24587279558181763,0.24587279558181763
914,0,0,0,0,0,0,0,0,0.0,,
915,0,0,0,0,0,0,0,0,1.0,0.12048898637294769,0.16812732815742493
916,0,0,0,0,0,0,0,0,0.0,,
917,0,0,0,0,0,0,0,0,0.0,,
918,0,0,0,0,0,0,0,0,0.0,,
920,0,0,0,1,0,0,0,0,1.0,0.27904248237609863,0.27904248237609863
921,0,0,0,0,0,0,0,0,0.5,0.20192910730838776,0.20192910730838776
922,0,0,0,0,0,0,0,0,0.25,0.07675273716449738,0.07675273716449738
923,0,0,0,0,0,0,0,1,1.0,0.32195305824279785,0.33461880683898926
924,1,1,0,0,0,0,0,1,0.5,0.19717201590538025,0.19717201590538025
925,0,0,0,0,0,0,0,0,0.0,,
926,0,0,0,0,0,0,0,1,0.5,-0.027260543778538704,-0.027260543778538704
927,0,0,0,0,0,0,0,0,1.0,0.0637027844786644,0.0637027844786644
928,0,0,0,0,0,0,0,0,0.5,0.015414025634527206,0.015414025634527206
929,0,0,0,0,0,0,0,0,1.0,0.10805615037679672,0.12174120545387268
930,1,1,0,0,0,0,0,0,0.6666666666666666,0.22669610381126404,0.27265608310699463
931,0,0,0,0,0,0,0,0,0.0,,
932,0,0,0,0,0,0,0,0,1.0,0.22554931044578552,0.22554931044578552
933,0,0,0,0,0,0,0,0,0.3333333333333333,0.3228904604911804,0.3228904604911804
934,0,0,0,0,0,0,0,0,0.0,,
935,0,0,0,0,0,0,0,0,0.0,,
936,0,0,0,0,0,0,0,0,0.5,0.16903865337371826,0.16903865337371826
937,0,0,0,0,0,0,0,0,0.0,,
938,0,0,0,0,0,0,0,0,0.0,,
939,0,0,0,0,0,0,0,0,0.5,0.13348254561424255,0.13348254561424255
940,0,0,0,0,0,0,0,0,,,
941,0,0,0,0,0,0,0,0,0.0,,
943,0,0,0,0,0,0,0,0,0.5,0.1583331674337387,0.1583331674337387
944,0,0,0,0,0,0,0,0,0.25,0.2592692971229553,0.2592692971229553
945,0,0,0,0,0,0,0,0,0.0,,
946,0,0,0,0,0,0,0,0,0.0,,
947,0,0,0,0,0,0,0,0,0.3333333333333333,0.02389592118561268,0.02389592118561268
948,0,0,0,0,0,0,0,0,0.0,,
949,0,0,0,0,0,0,0,0,0.5,0.1680561602115631,0.1680561602115631
950,0,0,0,0,0,0,0,0,0.5,0.1458171308040619,0.1458171308040619
951,0,0,0,0,0,0,0,0,0.0,,
952,0,0,0,0,0,0,0,0,0.0,,
953,0,0,0,0,0,0,0,0,0.3333333333333333,0.033684805035591125,0.033684805035591125
954,0,0,0,1,0,0,0,0,1.0,0.39583611488342285,0.5739930272102356
955,0,0,0,1,0,0,0,0,1.0,0.09339751303195953,0.09339751303195953
956,0,0,0,0,0,0,0,0,0.3333333333333333,0.0721881091594696,0.0721881091594696
958,0,0,0,0,0,0,0,0,0.0,,
959,0,0,0,0,0,0,0,0,0.0,,
960,0,0,0,0,0,1,0,0,0.3333333333333333,0.31106704473495483,0.31106704473495483
962,0,0,0,0,0,0,0,1,0.5,0.19459286332130432,0.19459286332130432
963,0,0,0,0,0,0,0,0,0.0,,
964,0,0,0,0,0,0,0,0,0.0,,
965,0,0,0,0,0,0,0,0,1.0,0.057909123599529266,0.057909123599529266
966,0,0,0,0,0,0,0,0,0.0,,
967,0,0,1,0,0,0,0,0,1.0,0.3007839024066925,0.3266220688819885
968,0,0,0,0,0,0,0,1,1.0,0.1243986263871193,0.1243986263871193
969,0,0,0,0,0,0,0,0,0.3333333333333333,0.29001298546791077,0.29001298546791077
970,0,0,0,0,0,0,1,0,1.0,0.2522055506706238,0.2522055506706238
971,0,0,0,0,0,0,0,0,0.0,,
972,1,2,0,0,0,0,0,0,1.0,0.24743115901947021,0.36359071731567383
973,0,0,0,0,0,0,0,0,0.5,0.184284508228302,0.184284508228302
974,0,0,0,0,0,0,0,0,0.5,0.184875026345253,0.184875026345253
976,0,0,0,0,0,0,0,0,0.5,0.15693312883377075,0.15693312883377075
977,0,0,0,0,0,0,0,0,,,
978,0,0,0,0,0,0,0,0,0.0,,
979,0,0,0,0,0,0,0,0,1.0,0.36243733763694763,0.42288893461227417
980,0,0,0,1,0,0,0,0,0.6666666666666666,0.2444678246974945,0.26728174090385437
982,0,0,0,0,0,0,0,0,0.3333333333333333,0.26553580164909363,0.26553580164909363
983,0,0,0,0,0,0,0,0,1.0,0.04738246649503708,0.04738246649503708
984,0,0,0,0,0,0,0,0,0.0,,
985,0,0,0,0,0,0,0,0,0.0,,
986,0,0,0,0,0,0,0,0,1.0,0.5891342759132385,0.5891342759132385
987,0,0,1,0,0,0,0,0,0.6666666666666666,0.29845595359802246,0.31574365496635437
988,0,0,0,0,0,0,0,0,0.0,,
989,0,0,0,0,0,0,0,0,1.0,0.10154086351394653,0.10154086351394653
990,0,0,0,0,0,0,0,0,0.0,,
991,0,0,0,1,0,0,0,0,1.0,0.28505969047546387,0.28505969047546387
994,1,1,0,0,0,0,0,0,0.0,,
995,0,0,0,0,0,0,0,0,0.6666666666666666,0.1980879008769989,0.2393016666173935
996,0,0,0,0,0,0,0,0,0.0,,
997,0,0,0,0,0,0,0,1,1.0,0.21787849068641663,0.334990918636322
998,0,0,0,0,0,0,0,0,0.0,,
999,0,0,0,0,0,0,0,0,1.0,0.2579411268234253,0.2579411268234253
1000,0,0,0,0,0,0,0,0,0.0,,
1001,0,0,0,0,0,0,0,0,0.0,,
1002,0,0,0,0,0,0,0,0,1.0,0.1088000237941742,0.12496767938137054
1003,0,0,0,0,0,0,0,0,0.0,,
1004,0,0,0,0,0,0,0,0,0.0,,
1005,0,0,1,0,0,0,0,0,0.3333333333333333,0.34270304441452026,0.34270304441452026
1006,0,0,0,0,0,0,0,0,0.4,0.12296250462532043,0.17410525679588318
1007,0,0,0,0,0,0,0,0,0.0,,
1008,0,0,0,0,0,0,0,0,0.0,,
1009,0,0,0,0,0,0,0,0,1.0,0.13143517076969147,0.13143517076969147
1010,0,0,0,0,0,0,0,0,0.3333333333333333,0.16888344287872314,0.16888344287872314
1011,0,0,0,0,0,0,0,0,0.0,,
1012,0,0,0,0,0,0,0,0,0.0,,
1013,0,0,0,0,0,0,0,0,1.0,0.05754050612449646,0.05754050612449646
1014,0,0,0,0,0,0,0,0,1.0,0.10630400478839874,0.10630400478839874
1016,0,0,0,0,0,0,0,0,0.5,0.24612191319465637,0.24612191319465637
1017,0,0,0,0,0,0,0,0,0.0,,
1018,0,0,0,0,0,0,0,0,0.0,,
1019,0,0,0,0,0,0,0,0,0.5,0.3548945188522339,0.3548945188522339
1020,0,0,0,0,0,0,0,1,0.3333333333333333,0.23624619841575623,0.23624619841575623
1021,0,0,0,0,0,0,0,0,0.5,0.39950108528137207,0.39950108528137207
1022,0,0,0,0,0,0,0,0,0.5,0.22881847620010376,0.22881847620010376
1023,0,0,0,0,0,0,0,0,0.3333333333333333,0.2106783390045166,0.2106783390045166
1024,0,0,0,0,0,0,0,0,0.0,,
1025,0,0,0,0,0,0,0,0,0.0,,
1026,0,0,0,0,0,0,0,0,1.0,0.24970421195030212,0.32951876521110535
1027,0,0,0,0,0,0,0,0,0.0,,
1028,0,0,0,0,0,0,0,0,1.0,0.16117006540298462,0.1839570552110672
1029,0,0,0,0,0,0,0,0,0.0,,
1030,0,0,0,0,0,0,1,0,0.3333333333333333,0.22268067300319672,0.22268067300319672
1031,0,0,0,0,0,0,0,0,1.0,0.04286113381385803,0.12725839018821716
1032,0,0,0,0,0,0,0,0,0.0,,
1033,0,0,0,0,0,0,0,0,0.0,,
1034,0,0,0,0,0,0,0,0,0.0,,
1035,0,0,0,0,0,0,0,1,1.0,0.1264025866985321,0.15762577950954437
1037,0,0,0,0,0,0,0,0,0.0,,
1038,0,0,0,0,0,0,0,0,1.0,0.1011173203587532,0.11512725055217743
1039,1,1,0,0,0,0,0,0,1.0,0.186268150806427,0.2720155119895935
1040,0,0,0,0,0,0,0,0,0.0,,
1041,0,0,0,0,0,0,0,0,1.0,0.06714624911546707,0.06714624911546707
1042,0,0,0,0,0,0,0,0,0.5,0.1652393937110901,0.1652393937110901
1043,0,0,0,0,0,0,0,0,0.0,,
1044,0,0,0,0,0,0,0,0,0.0,,
1045,0,0,0,0,0,0,0,0,0.0,,
1046,0,0,0,0,0,0,0,0,0.0,,
1047,0,0,0,0,0,0,0,0,0.5,0.1824120730161667,0.1824120730161667
1048,0,0,0,1,0,0,0,0,0.5,0.23095703125,0.23095703125
1049,0,0,0,0,0,0,0,0,0.0,,
1050,1,1,0,0,0,0,0,0,1.0,0.3382265269756317,0.5367711782455444
1051,0,0,0,0,0,0,0,0,0.5,0.14504966139793396,0.14504966139793396
1052,0,0,0,0,0,0,0,0,0.6666666666666666,0.14440932869911194,0.19157953560352325
1053,0,0,0,0,0,0,0,0,0.0,,
1054,0,0,0,0,0,0,1,0,1.0,0.07736585289239883,0.1576041877269745
1055,0,0,0,0,0,0,0,0,0.0,,
1056,0,0,0,0,0,0,1,0,0.6666666666666666,0.15379709005355835,0.1569688618183136
1057,0,0,0,0,0,0,0,0,0.5,0.3326426148414612,0.3326426148414612
1058,0,0,0,0,0,0,0,0,0.3333333333333333,0.06895948201417923,0.06895948201417923
1059,0,0,0,0,0,0,0,0,0.0,,
1060,0,0,0,0,0,0,0,0,0.3333333333333333,0.22655236721038818,0.22655236721038818
1061,0,0,0,0,0,0,0,0,0.5,0.10131371021270752,0.10131371021270752
1062,0,0,0,0,0,0,0,0,0.0,,
1063,0,0,0,0,0,0,0,0,0.5,0.29339921474456787,0.29339921474456787
1064,0,0,0,0,0,0,1,0,1.0,0.2852170467376709,0.2852170467376709
1065,0,0,0,1,0,0,0,0,0.6666666666666666,0.14478792250156403,0.22111356258392334
1066,0,0,0,0,0,0,0,0,1.0,0.1303805112838745,0.15978753566741943
1067,0,0,0,0,0,0,0,0,0.0,,
1068,0,0,0,1,1,0,0,0,1.0,0.22244572639465332,0.22244572639465332
1069,0,0,0,0,0,0,0,0,0.0,,
1070,0,0,0,0,0,0,0,0,0.0,,
1071,0,0,0,0,0,0,0,0,0.0,,
1072,0,0,0,0,0,0,0,0,0.5,0.15139015018939972,0.15139015018939972
1073,0,0,0,0,0,0,0,0,,,
1074,0,0,0,0,0,0,0,0,0.5,0.6452323198318481,0.6452323198318481
1075,0,0,0,0,0,0,0,0,0.0,,
1076,0,0,0,0,0,0,0,0,1.0,0.20235008001327515,0.20235008001327515
1077,0,0,0,0,0,0,0,0,0.0,,
1079,0,0,0,0,0,0,0,0,0.6666666666666666,0.31145578622817993,0.3719397187232971
1080,0,0,0,0,0,0,0,0,0.0,,
1081,0,0,0,0,0,0,0,0,0.0,,
1082,0,0,0,0,0,0,0,0,0.0,,
1083,0,0,0,0,0,0,0,0,1.0,0.18099913001060486,0.18099913001060486
1084,0,0,0,0,0,0,0,0,0.0,,
1085,0,0,0,0,0,0,0,0,1.0,0.21929647028446198,0.21929647028446198
1086,0,0,0,0,0,0,0,0,1.0,-0.0001812214031815529,-0.0001812214031815529
1087,0,0,0,0,0,0,0,0,0.0,,
1088,0,0,0,0,0,0,0,0,0.0,,
1089,0,0,1,0,0,0,0,0,0.3333333333333333,0.15045908093452454,0.15045908093452454
1091,0,0,0,0,0,0,0,0,0.5,0.034529685974121094,0.034529685974121094
1093,0,0,0,0,0,0,0,0,1.0,0.05968041718006134,0.10120242834091187
1095,0,0,0,0,0,0,0,0,0.0,,
1096,0,0,0,0,0,0,0,0,0.0,,
1097,0,0,0,0,0,0,0,0,0.0,,
1098,0,0,0,0,0,0,0,0,0.0,,
1099,0,0,0,0,0,0,0,0,1.0,0.2780133783817291,0.2780133783817291
1100,0,0,0,0,0,0,0,0,,,
1101,0,0,0,0,0,0,0,0,0.0,,
1103,0,0,0,0,0,0,0,0,0.3333333333333333,0.33232182264328003,0.33232182264328003
1214,0,0,0,0,0,0,0,0,,,
1180,0,0,0,0,0,0,0,0,0.0,,
1181,0,0,0,0,0,0,0,0,0.0,,
1182,0,0,0,0,0,0,0,0,1.0,0.012243795208632946,0.012243795208632946
1183,0,0,0,0,0,0,0,0,0.0,,
1184,0,0,0,0,0,0,0,0,0.5,0.05053318291902542,0.05053318291902542
1185,0,0,0,0,0,0,0,0,0.0,,
1186,0,0,0,0,0,0,0,0,0.0,,
1187,0,0,0,0,0,0,0,0,0.5,0.15526723861694336,0.15526723861694336
1188,0,0,0,0,0,0,0,0,0.0,,
1189,0,0,0,0,0,0,0,0,,,
1191,0,0,0,0,0,0,0,0,0.0,,
1200,0,0,0,1,0,0,0,0,0.3333333333333333,0.3254033029079437,0.3254033029079437
1201,0,0,0,0,0,0,0,0,0.5,0.10400871187448502,0.10400871187448502
1202,0,0,0,0,0,0,0,0,0.5,0.2947591245174408,0.2947591245174408
1203,0,0,0,0,0,0,0,0,0.5,0.058819569647312164,0.058819569647312164
1205,0,0,0,0,0,0,0,0,1.0,0.0831211656332016,0.0831211656332016
1206,0,0,0,0,0,0,0,0,0.0,,
1208,0,0,0,0,0,0,0,0,1.0,0.029867198318243027,0.029867198318243027
1209,0,0,0,0,0,0,0,0,1.0,0.22795996069908142,0.22795996069908142
1210,0,0,0,0,0,0,0,0,0.5,0.15051817893981934,0.15051817893981934
1211,0,0,0,0,0,0,0,0,0.0,,
1213,0,0,0,0,0,0,0,0,0.5,0.23521503806114197,0.23521503806114197
1218,0,0,0,0,0,0,0,0,1.0,-0.009109457954764366,-0.009109457954764366
1219,1,1,0,0,0,0,0,0,0.0,,
1220,0,0,0,1,0,0,0,0,1.0,0.2439882457256317,0.3122047483921051
1221,0,0,0,0,0,0,0,0,1.0,0.11837483197450638,0.18424195051193237
1222,0,0,0,0,0,0,0,0,0.0,,
1223,0,0,0,1,0,1,0,0,0.5,0.1697998046875,0.1697998046875
1224,0,0,0,0,0,0,0,0,0.0,,
1225,0,0,0,0,0,0,0,0,0.0,,
1226,0,0,0,0,0,0,0,0,0.0,,
1227,0,0,0,0,0,0,0,0,0.0,,
1228,0,0,0,0,0,0,0,0,1.0,0.16752804815769196,0.18448910117149353
1229,0,0,0,1,0,0,0,0,1.0,0.12900884449481964,0.2069527804851532
1230,0,0,0,0,0,0,0,0,0.5,0.2025560736656189,0.2025560736656189
1231,0,0,0,0,0,0,0,0,0.3333333333333333,0.21331028640270233,0.21331028640270233
1232,0,0,0,0,0,0,0,0,1.0,0.1394553929567337,0.16223600506782532
1233,0,0,0,0,0,0,0,0,0.0,,
1234,0,0,0,0,0,0,0,0,0.0,,
1235,0,0,0,0,0,0,0,0,0.0,,
1236,0,0,0,0,1,0,0,1,1.0,0.29485398530960083,0.3789248466491699
1237,0,0,0,1,0,0,0,0,1.0,0.21049480140209198,0.21049480140209198
1238,0,0,0,0,0,0,0,0,0.0,,
1239,0,0,0,0,0,0,0,0,0.5,0.08297459781169891,0.08297459781169891
1240,0,0,0,0,0,0,0,0,0.5,0.4021589756011963,0.4021589756011963
1241,0,0,0,0,0,0,0,0,0.0,,
1242,0,0,0,0,0,0,0,0,0.5,0.12771078944206238,0.12771078944206238
1243,0,0,0,0,0,0,0,0,1.0,0.10702501982450485,0.11226494610309601
1244,0,0,0,0,0,0,0,0,0.0,,
1245,0,0,0,0,0,0,0,0,0.0,,
1246,0,0,0,0,0,0,0,0,0.0,,
1247,0,0,0,0,0,0,0,0,0.0,,
1248,0,0,0,0,0,0,0,0,0.0,,
1249,0,0,0,0,0,0,0,0,0.0,,
1250,0,0,0,0,0,0,0,0,0.0,,
1251,0,0,0,0,0,0,0,0,0.0,,
1252,0,0,0,0,0,0,0,0,0.0,,
1264,0,0,0,1,0,0,0,0,1.0,0.1951296329498291,0.3207136392593384
1265,0,0,0,0,0,0,0,1,1.0,0.2556014358997345,0.41751909255981445
1266,0,0,0,0,0,0,0,0,0.0,,
1267,0,0,0,0,0,0,0,0,0.0,,
1268,0,0,0,0,0,0,0,0,0.5,0.2672062814235687,0.2672062814235687
1269,0,0,0,0,0,0,0,0,0.5,0.16951189935207367,0.16951189935207367
1270,0,0,0,0,0,0,0,0,0.5,0.026209471747279167,0.026209471747279167
1271,0,0,0,0,0,0,0,0,1.0,0.1903129667043686,0.1903129667043686
1272,0,0,0,0,0,0,0,0,0.0,,
1273,0,0,0,0,0,0,0,0,1.0,0.27866485714912415,0.27866485714912415
1274,0,0,0,0,0,0,0,0,0.0,,
1275,0,0,0,0,0,0,0,0,0.0,,
1276,0,0,0,0,0,0,0,0,0.0,,
1277,0,0,0,1,0,0,0,1,1.0,0.20964059233665466,0.20964059233665466
1278,0,0,0,0,0,0,0,0,0.0,,
1279,0,0,0,0,0,0,0,0,1.0,0.09789779782295227,0.1158924549818039
1280,0,0,0,0,0,0,0,0,0.5,0.21359920501708984,0.21359920501708984
1282,0,0,0,0,0,0,0,0,0.0,,
1283,0,0,0,0,0,0,0,0,0.0,,
1284,0,0,0,0,0,0,0,0,0.0,,
1285,0,0,0,1,0,0,0,0,0.3333333333333333,0.03619174286723137,0.03619174286723137
1286,0,0,0,0,0,0,0,0,0.3333333333333333,0.3342241942882538,0.3342241942882538
1287,0,0,0,0,0,0,0,0,1.0,0.07771128416061401,0.07771128416061401
1288,0,0,0,0,0,0,0,0,0.0,,
1289,0,0,0,0,0,0,0,0,0.3333333333333333,0.11660385131835938,0.11660385131835938
1294,0,0,0,0,0,0,0,0,0.0,,
1297,0,0,0,0,0,0,0,0,1.0,0.013774095103144646,0.013774095103144646
1298,1,2,0,0,0,0,0,0,0.0,,
1299,0,0,0,0,0,0,0,0,1.0,0.16195891797542572,0.16195891797542572
1300,0,0,0,0,0,0,0,0,0.0,,
1301,0,0,0,0,0,0,0,0,0.5,0.06285399198532104,0.06285399198532104
1303,0,0,0,0,0,0,0,0,1.0,0.24236023426055908,0.25398725271224976
1304,0,0,0,0,0,0,0,0,0.0,,
1339,0,0,0,0,0,0,0,0,0.5,0.20497463643550873,0.20497463643550873
1340,0,0,0,0,0,0,0,0,0.0,,
1341,0,0,0,0,0,0,0,0,0.0,,
1343,0,0,0,0,0,0,0,0,1.0,0.09391102194786072,0.21794642508029938
1344,0,0,0,0,0,0,0,0,0.0,,
1347,0,0,0,1,0,0,0,0,0.5,0.1496487706899643,0.1496487706899643
1352,1,1,0,0,0,0,0,0,1.0,0.06481257826089859,0.10560992360115051
1431,0,0,0,0,0,0,0,0,0.75,0.12263050675392151,0.17952731251716614
1432,0,0,0,0,0,0,0,0,1.0,0.08725489675998688,0.08725489675998688
1433,0,0,0,0,0,0,0,0,0.0,,
1436,1,1,0,0,0,0,0,0,0.0,,
1437,0,0,1,0,0,0,0,1,1.0,0.20635071396827698,0.20635071396827698
1438,0,0,0,0,0,0,0,0,0.0,,
1439,0,0,0,0,0,0,0,0,0.0,,
1440,0,0,0,0,0,0,0,0,0.0,,
1441,0,0,0,1,0,0,1,0,0.6666666666666666,0.1512109786272049,0.16706663370132446
1442,0,0,0,1,0,0,0,1,1.0,0.04488256573677063,0.07939201593399048
1443,0,0,0,0,0,0,0,0,1.0,0.11589396744966507,0.11589396744966507
1444,0,0,0,0,0,0,0,0,0.0,,
1445,0,0,0,0,0,0,0,0,0.5,0.06846636533737183,0.06846636533737183
1446,0,0,0,0,0,0,0,1,1.0,0.27746567130088806,0.42684605717658997
1447,0,0,0,0,0,0,0,0,0.5,0.22335118055343628,0.22335118055343628
1448,0,0,0,0,0,0,0,0,0.0,,
1449,0,0,0,0,0,0,0,0,0.0,,
1450,0,0,0,0,0,0,0,0,0.5,-0.006403027102351189,-0.006403027102351189
1451,1,1,0,1,0,0,0,0,0.5,0.19159406423568726,0.19159406423568726
1452,0,0,0,0,0,0,0,0,0.0,,
1453,0,0,0,0,0,0,0,0,0.0,,
1454,0,0,0,0,0,0,0,0,0.5,0.09473591297864914,0.09473591297864914
1455,0,0,0,0,0,0,0,0,1.0,0.09887373447418213,0.09887373447418213
1456,0,0,0,0,0,0,0,0,0.0,,
1457,0,0,0,0,0,0,0,0,0.0,,
1458,0,0,0,0,0,0,0,0,0.5,0.2618725597858429,0.2618725597858429
1459,0,0,0,0,0,0,0,0,1.0,0.31389474868774414,0.31389474868774414
1460,0,0,0,0,0,0,0,0,0.0,,
1461,0,0,0,0,0,0,0,0,1.0,0.1854318380355835,0.21945928037166595
1462,0,0,1,1,0,0,0,0,1.0,0.2078966498374939,0.2078966498374939
1463,0,0,0,0,0,0,0,0,1.0,0.12088245153427124,0.1647575944662094
1464,0,0,0,0,0,0,0,0,0.0,,
1465,0,0,0,0,0,0,0,0,1.0,0.1549677848815918,0.20087623596191406
1466,0,0,0,0,0,0,0,0,0.0,,
1467,0,0,0,0,0,0,0,0,0.0,,
1468,0,0,0,0,0,0,0,0,0.5,0.14064669609069824,0.14064669609069824
1471,0,0,0,1,0,0,0,0,1.0,0.1949266791343689,0.1949266791343689
1472,0,0,0,1,0,0,0,0,0.5,0.19855016469955444,0.19855016469955444
1473,0,0,0,0,0,0,0,0,0.0,,
1474,0,0,0,0,0,0,0,0,0.6666666666666666,0.0583074688911438,0.09473994374275208
1475,0,0,0,0,0,0,0,0,0.0,,
1476,0,0,0,0,0,0,0,0,1.0,0.09999150037765503,0.09999150037765503
1477,0,0,0,1,0,1,0,0,0.5,-0.015487860888242722,-0.015487860888242722
1478,0,0,0,0,0,0,0,0,0.0,,
1479,0,0,0,0,0,0,0,0,0.0,,
1480,0,0,0,0,0,0,0,0,1.0,0.20558828115463257,0.20558828115463257
1481,1,1,0,0,0,0,0,0,1.0,0.2189658284187317,0.2189658284187317
1482,0,0,0,0,0,0,0,0,0.0,,
1483,0,0,0,0,0,0,0,0,1.0,0.288341224193573,0.288341224193573
1484,1,1,0,0,0,0,0,0,1.0,0.2090965211391449,0.2090965211391449
1485,0,0,0,0,0,0,0,0,1.0,0.1496037244796753,0.1496037244796753
1486,0,0,0,0,0,0,0,0,0.5,0.2909894585609436,0.2909894585609436
1487,0,0,0,1,0,0,0,0,0.5,0.3427029252052307,0.3427029252052307
1488,0,0,0,1,0,0,0,0,1.0,0.3176868259906769,0.3668838143348694
1489,0,0,0,0,0,0,0,0,0.0,,
1490,0,0,0,1,0,0,0,0,1.0,0.15115535259246826,0.15115535259246826
1491,0,0,0,0,0,0,0,0,0.0,,
1492,0,0,0,0,0,0,0,0,1.0,0.1051054522395134,0.1051054522395134
1493,0,0,0,0,0,0,0,0,0.5,0.22249799966812134,0.22249799966812134
1495,0,0,0,0,0,0,0,0,0.0,,
1496,0,0,0,0,0,1,0,1,1.0,0.1539660543203354,0.15605196356773376
1497,0,0,0,0,0,0,0,0,0.0,,
1498,0,0,0,1,0,0,0,0,1.0,0.2859686315059662,0.2953694462776184
1500,0,0,0,0,0,0,0,0,0.0,,
1502,0,0,0,0,0,0,0,0,0.0,,
1503,0,0,0,0,0,0,0,0,0.0,,
1504,0,0,0,0,0,0,0,0,0.0,,
1505,0,0,0,0,0,0,0,0,0.5,0.2929379642009735,0.2929379642009735
1506,0,0,0,0,0,0,1,0,0.5,0.3282921314239502,0.3282921314239502
1507,0,0,0,0,0,0,0,0,0.0,,
1508,0,0,0,0,0,0,0,0,0.0,,
1509,0,0,0,0,0,0,0,0,0.0,,
1510,0,0,0,0,0,0,0,0,0.5,0.24049364030361176,0.24049364030361176
1511,0,0,0,0,0,0,0,0,0.5,-0.026333922520279884,-0.026333922520279884
1512,0,0,0,0,0,0,0,0,0.0,,
1513,0,0,0,0,0,0,0,0,0.5,0.07799524813890457,0.07799524813890457
1514,0,0,0,0,0,0,0,0,0.6666666666666666,0.1453930139541626,0.19612109661102295
1515,0,0,0,0,0,0,0,0,0.3333333333333333,0.14805755019187927,0.14805755019187927
1516,0,0,0,0,0,0,0,0,0.0,,
1517,0,0,0,0,0,0,0,0,1.0,0.1058773621916771,0.1058773621916771
1518,0,0,0,0,0,0,0,0,0.5,0.41293132305145264,0.41293132305145264
1519,0,0,0,0,0,0,0,0,0.0,,
1520,0,0,0,0,0,0,0,1,0.5,0.13610869646072388,0.13610869646072388
1521,0,0,0,0,0,0,0,0,0.0,,
1522,0,0,0,0,0,0,0,0,0.0,,
1523,0,0,0,0,0,0,0,0,1.0,0.07711943984031677,0.13984838128089905
1524,0,0,0,0,0,0,0,0,0.0,,
1525,1,1,0,1,0,0,0,0,1.0,0.21965007483959198,0.21965007483959198
1526,0,0,0,0,0,0,0,0,0.5,0.20964640378952026,0.20964640378952026
1527,0,0,0,0,0,0,0,0,0.0,,
1528,0,0,0,0,0,0,0,0,0.0,,
1529,1,1,0,0,0,0,0,0,1.0,0.04723095893859863,0.06295928359031677
1530,0,0,0,0,0,0,0,0,1.0,0.2814820408821106,0.2814820408821106
1532,0,0,0,0,0,0,0,0,0.3333333333333333,0.06648771464824677,0.06648771464824677
1533,0,0,0,0,0,0,0,0,0.0,,
1534,0,0,0,0,0,0,0,0,0.0,,
1535,0,0,0,0,0,0,0,0,1.0,0.13435640931129456,0.21415431797504425
1536,0,0,0,0,0,0,0,0,0.0,,
1538,1,2,1,0,0,0,0,0,0.6666666666666666,0.33796870708465576,0.4878227114677429
1539,0,0,0,0,0,0,0,0,0.0,,
1540,0,0,0,0,0,0,0,0,0.5,0.204812690615654,0.204812690615654
1541,0,0,0,0,0,0,0,0,1.0,0.09297968447208405,0.09297968447208405
1542,0,0,0,0,0,0,0,0,0.0,,
1543,0,0,0,0,0,0,0,0,0.0,,
1547,0,0,0,0,0,0,0,0,0.0,,
1549,0,0,0,0,0,0,0,0,0.3333333333333333,0.08650154620409012,0.08650154620409012
1550,0,0,0,0,0,0,0,0,0.0,,
1551,0,0,0,1,0,0,0,0,1.0,0.30063068866729736,0.30063068866729736
1552,1,1,0,0,0,0,0,0,0.0,,
1553,0,0,0,0,0,0,0,1,0.5,0.21395355463027954,0.21395355463027954
1554,0,0,0,0,0,0,0,0,0.0,,
1555,0,0,0,1,0,0,1,0,1.0,0.3004494905471802,0.34017878770828247
1556,0,0,0,0,0,0,0,0,0.5,0.2746472954750061,0.2746472954750061
1557,0,0,0,0,0,0,0,0,1.0,0.08330213278532028,0.08330213278532028
1559,0,0,0,0,0,0,0,0,0.5,0.1369265466928482,0.1369265466928482
1560,0,0,0,0,0,0,0,0,0.0,,
1563,0,0,0,0,0,0,0,0,0.5,0.32427501678466797,0.32427501678466797
1564,0,0,0,0,0,0,0,0,0.0,,
1573,0,0,0,0,0,0,0,0,0.0,,
1575,0,0,0,0,0,0,0,0,0.0,,
1581,1,1,1,0,0,0,0,0,0.6666666666666666,0.5544633269309998,0.6239591240882874
1109,0,0,0,0,0,0,0,0,0.0,,
1576,1,1,0,0,0,0,0,0,0.6666666666666666,0.1627131700515747,0.17369288206100464
1578,0,0,0,0,0,0,0,0,0.5,0.17329421639442444,0.17329421639442444
1579,0,0,0,0,0,0,0,0,0.0,,
1580,0,0,0,0,0,0,0,0,0.3333333333333333,0.5591657161712646,0.5591657161712646
1582,0,0,0,0,0,0,0,0,,,
1583,0,0,0,0,0,0,0,0,1.0,0.08145303279161453,0.08145303279161453
1584,0,0,0,0,0,0,0,0,0.0,,
1585,0,0,0,0,0,0,0,0,0.0,,
1586,0,0,0,0,0,0,0,0,0.0,,
1587,0,0,0,0,0,0,0,0,0.5,-0.021842459216713905,-0.021842459216713905
1588,0,0,0,0,0,0,0,0,0.0,,
1589,0,0,1,0,0,0,0,0,1.0,0.11053648591041565,0.11053648591041565
1591,0,0,0,0,0,0,0,0,0.0,,
1592,0,0,0,0,0,0,0,0,1.0,0.057677265256643295,0.057677265256643295
1593,0,0,0,0,0,0,0,0,0.5,0.1277037411928177,0.1277037411928177
1594,0,0,0,0,0,0,0,0,1.0,0.10455639660358429,0.12024403363466263
1595,0,0,0,0,0,0,0,0,0.0,,
1596,0,0,0,0,0,0,0,0,1.0,0.13199716806411743,0.22589124739170074
1597,0,0,0,0,0,0,0,0,0.0,,
1598,0,0,0,1,0,0,0,0,1.0,0.09028705209493637,0.15383964776992798
1599,0,0,0,1,0,0,0,0,0.5,0.3480481803417206,0.3480481803417206
1600,0,0,0,0,0,0,0,0,0.5,0.24389442801475525,0.24389442801475525
1601,0,0,0,0,0,0,0,0,0.6666666666666666,0.09262797236442566,0.1981552541255951
1602,0,0,0,0,0,0,0,1,0.5,0.2362717092037201,0.2362717092037201
1603,0,0,0,0,1,0,0,0,0.25,0.1240767389535904,0.1240767389535904
1604,0,0,0,0,0,0,0,0,0.0,,
1605,0,0,0,0,0,0,0,0,0.5,-0.08532644063234329,-0.08532644063234329
1606,0,0,0,0,0,0,0,0,0.0,,
1608,0,0,1,0,0,0,0,0,0.5,0.3001203238964081,0.3001203238964081
1609,0,0,0,0,0,0,1,0,1.0,0.2033502757549286,0.2033502757549286
1610,0,0,0,0,1,1,0,0,0.5,0.28025171160697937,0.28025171160697937
1611,0,0,0,0,0,0,0,0,0.0,,
1613,0,0,0,0,0,0,0,0,,,
1614,0,0,0,0,0,0,0,0,0.0,,
1615,0,0,0,0,0,0,0,0,0.0,,
1616,0,0,0,0,0,0,0,0,0.5,0.04762006178498268,0.04762006178498268
1617,0,0,0,0,0,0,0,0,0.0,,
1618,0,0,0,0,0,0,0,0,1.0,0.06440416723489761,0.06440416723489761
1619,0,0,0,0,0,0,0,0,0.0,,
1620,0,0,0,0,0,0,0,0,0.5,0.2458687722682953,0.2458687722682953
1621,0,0,0,0,0,0,0,1,1.0,0.10481402277946472,0.2698279023170471
1622,0,0,0,0,0,0,0,0,0.0,,
1623,0,0,0,0,0,0,0,0,0.0,,
1624,0,0,0,0,0,0,0,0,0.0,,
1625,0,0,0,0,0,0,0,0,0.0,,
1626,0,0,0,0,0,0,0,0,,,
1627,0,0,0,0,0,0,0,0,0.0,,
1628,0,0,0,0,0,0,0,0,0.5,-0.01296219788491726,-0.01296219788491726
1629,0,0,0,1,0,0,1,0,1.0,0.11019288003444672,0.14491039514541626
1630,0,0,0,0,0,0,0,0,0.5,0.23673686385154724,0.23673686385154724
1631,0,0,0,0,0,0,0,0,0.5,0.0339275486767292,0.0339275486767292
1632,0,0,0,0,0,0,0,0,0.5,0.1234806627035141,0.1234806627035141
1633,0,0,0,1,0,0,0,0,1.0,0.15316087007522583,0.2270737737417221
1634,0,0,0,0,0,0,0,0,0.0,,
1635,0,0,0,1,0,0,0,0,0.5,0.28977134823799133,0.28977134823799133
1636,0,0,0,0,0,0,0,0,0.0,,
1637,0,0,0,0,0,0,0,0,1.0,0.1466807723045349,0.14987298846244812
1638,0,0,0,0,0,0,0,0,0.3333333333333333,0.1043524295091629,0.1043524295091629
1639,0,0,0,0,0,0,0,0,0.0,,
1640,0,0,0,1,0,0,0,0,1.0,0.16807574033737183,0.16807574033737183
1641,0,0,0,0,0,0,0,0,0.3333333333333333,0.2102293074131012,0.2102293074131012
1642,0,0,0,0,0,0,0,0,0.0,,
1643,0,0,0,0,0,0,0,0,0.0,,
1644,0,0,0,0,0,0,0,0,0.0,,
1645,0,0,0,0,0,0,0,0,0.25,0.297794371843338,0.297794371843338
1646,0,0,0,0,0,0,0,0,0.0,,
1647,0,0,0,0,0,0,0,0,1.0,0.03231320530176163,0.03231320530176163
1648,0,0,0,0,0,0,0,0,0.0,,
1649,0,0,0,0,0,0,0,0,1.0,0.14632365107536316,0.14632365107536316
1651,0,0,0,0,1,0,0,0,1.0,0.07425902038812637,0.13593560457229614
1652,0,0,0,0,0,0,0,0,0.6666666666666666,0.3072446584701538,0.34858909249305725
1653,0,0,0,1,0,0,0,0,0.6666666666666666,0.07229593396186829,0.08440323173999786
1655,0,0,0,0,0,0,0,0,0.5,0.18937426805496216,0.18937426805496216
1656,0,0,0,1,0,0,0,0,1.0,0.18243753910064697,0.18243753910064697
1657,0,0,0,0,0,0,0,0,0.0,,
1658,0,0,0,0,0,0,0,0,0.0,,
1659,0,0,0,0,0,0,0,0,0.0,,
1661,0,0,0,0,0,0,0,0,1.0,0.0788951963186264,0.0788951963186264
1662,0,0,0,0,0,0,0,0,0.0,,
1663,0,0,0,0,0,0,0,0,0.0,,
1664,0,0,1,0,0,0,0,0,0.3333333333333333,0.319057822227478,0.319057822227478
1665,0,0,0,0,0,0,0,0,0.0,,
1666,0,0,0,0,0,0,0,0,0.3333333333333333,0.11872270703315735,0.11872270703315735
1667,0,0,0,0,0,0,0,0,1.0,0.1383107304573059,0.1383107304573059
1668,0,0,0,0,1,0,0,1,0.6666666666666666,0.2319488823413849,0.2973235249519348
1669,0,0,0,0,0,0,0,1,1.0,0.20627844333648682,0.2668977975845337
1670,0,0,0,0,0,0,0,0,1.0,0.12937508523464203,0.24291770160198212
1671,0,0,0,0,0,0,0,0,0.5,0.2833239734172821,0.2833239734172821
1672,0,0,0,0,0,0,0,0,1.0,0.26008081436157227,0.26008081436157227
1673,0,0,0,0,0,0,0,0,0.0,,
1674,0,0,0,0,1,0,0,0,1.0,0.12908492982387543,0.17892614006996155
1675,0,0,0,0,0,0,0,0,0.0,,
1677,0,0,0,0,0,0,0,0,1.0,-0.001363830640912056,-0.001363830640912056
1678,0,0,0,0,0,0,0,0,1.0,0.17307937145233154,0.20271533727645874
1679,0,0,0,0,0,0,0,1,0.5,0.2156359851360321,0.2156359851360321
1680,0,0,0,0,1,0,0,0,1.0,0.2845495343208313,0.2845495343208313
1681,0,0,0,0,0,0,0,0,0.5,0.25804340839385986,0.25804340839385986
1682,0,0,0,0,0,0,0,0,0.5,0.13197100162506104,0.13197100162506104
1683,0,0,0,0,0,0,0,1,1.0,0.24015545845031738,0.24015545845031738
1684,0,0,0,0,0,0,0,0,0.0,,
1685,0,0,0,1,0,0,0,1,1.0,0.06015966460108757,0.08783077448606491
1686,0,0,0,0,0,0,0,0,0.3333333333333333,0.1561947464942932,0.1561947464942932
1687,0,0,0,0,0,0,0,0,0.0,,
1688,0,0,0,0,0,0,0,0,0.0,,
1689,0,0,0,0,0,0,0,0,0.3333333333333333,0.31420719623565674,0.31420719623565674
1690,0,0,0,0,0,0,0,0,0.5,0.33195066452026367,0.33195066452026367
1691,0,0,0,0,0,0,0,0,0.0,,
1692,0,0,0,0,0,0,0,0,1.0,0.18924114108085632,0.21369631588459015
1693,0,0,0,0,0,0,0,0,0.0,,
1694,0,0,0,0,0,0,0,0,1.0,0.18640750646591187,0.18640750646591187
1695,0,0,0,0,0,0,0,0,1.0,0.19560368359088898,0.3104107975959778
1696,0,0,0,0,0,0,0,0,0.0,,
1697,0,0,0,0,0,0,0,0,1.0,0.06161922588944435,0.06161922588944435
1698,0,0,0,0,0,0,0,0,1.0,0.007228368893265724,0.007228368893265724
1700,0,0,0,0,0,0,0,0,0.5,0.23807239532470703,0.23807239532470703
1701,0,0,0,0,0,0,0,0,0.5,0.1819210946559906,0.1819210946559906
1702,0,0,0,1,1,0,0,0,0.5,0.2826780676841736,0.2826780676841736
1703,0,0,1,1,0,0,0,0,1.0,0.23001578450202942,0.23001578450202942
1704,0,0,0,0,0,0,0,0,0.5,0.07293329387903214,0.07293329387903214
1705,0,0,0,0,0,0,0,0,0.25,0.42180052399635315,0.42180052399635315
1712,0,0,0,0,0,0,0,0,0.5,0.2471804916858673,0.2471804916858673
1713,0,0,0,0,0,0,0,0,0.0,,
1714,0,0,0,0,0,0,0,0,1.0,0.1595117598772049,0.1595117598772049
1715,0,0,0,0,0,0,0,0,0.0,,
1654,1,1,0,0,0,0,0,0,0.0,,
1721,1,1,0,0,0,0,0,0,0.3333333333333333,0.25641828775405884,0.25641828775405884
1723,0,0,0,0,0,0,0,0,0.5,0.2999940812587738,0.2999940812587738
1724,0,0,0,0,0,0,0,0,0.5,0.08764517307281494,0.08764517307281494
1725,0,0,0,0,0,0,0,0,0.0,,
1726,0,0,0,0,0,0,0,0,0.5,0.031796928495168686,0.031796928495168686
1727,0,0,0,0,0,0,0,0,1.0,0.32967641949653625,0.32967641949653625
1728,0,0,0,0,0,0,0,0,1.0,0.20106825232505798,0.2372276782989502
1729,0,0,0,0,0,0,0,0,1.0,0.12187296152114868,0.18864507973194122
1730,0,0,0,0,0,0,0,0,1.0,0.2012806236743927,0.21014319360256195
1731,0,0,0,0,0,0,0,0,0.0,,
1732,0,0,0,0,0,0,0,0,1.0,0.20651516318321228,0.2115468978881836
1733,0,0,0,0,0,0,0,0,0.5,0.11832435429096222,0.11832435429096222
1734,0,0,0,0,0,0,0,0,0.3333333333333333,0.03325103223323822,0.03325103223323822
1735,0,0,0,0,0,0,0,0,0.0,,
1736,0,0,0,0,0,0,0,0,1.0,0.2000938504934311,0.2698482573032379
1737,0,0,0,0,0,0,0,0,1.0,0.15444032847881317,0.17122647166252136
1738,0,0,0,0,0,0,0,0,0.5,0.155250683426857,0.155250683426857
1739,0,0,0,0,0,0,0,0,1.0,0.08219294250011444,0.08825874328613281
1741,0,0,0,0,0,0,0,0,0.0,,
1743,0,0,0,0,0,0,0,0,0.0,,
1744,0,0,0,1,0,0,0,0,1.0,0.31816375255584717,0.31816375255584717
1745,0,0,0,0,0,0,0,0,0.0,,
1746,0,0,0,0,0,0,0,0,0.0,,
1747,0,0,0,0,0,0,0,0,0.0,,
1748,0,0,0,0,0,0,0,0,1.0,0.2135131061077118,0.2135131061077118
1749,0,0,0,0,0,0,0,0,1.0,0.25457337498664856,0.25457337498664856
1750,0,0,0,0,0,0,0,0,0.0,,
1751,0,0,0,0,0,0,0,0,0.0,,
1752,0,0,0,0,0,0,0,0,0.0,,
1753,0,0,1,0,0,0,0,0,1.0,0.10107021778821945,0.10107021778821945
1754,0,0,0,0,0,0,0,0,1.0,0.1348508894443512,0.15108183026313782
1756,0,0,0,1,0,0,0,0,1.0,0.14986568689346313,0.19073694944381714
1757,0,0,0,0,0,0,0,0,0.0,,
1758,0,0,0,0,0,0,0,0,0.0,,
1759,0,0,0,0,0,0,0,0,0.5,0.3127584457397461,0.3127584457397461
1760,0,0,0,0,1,0,0,0,0.5,0.28215712308883667,0.28215712308883667
1761,0,0,0,0,0,0,0,0,0.0,,
1762,0,0,0,0,0,0,0,0,0.0,,
1763,0,0,0,0,0,0,0,0,0.0,,
1764,1,1,0,0,0,0,0,0,1.0,0.059728726744651794,0.059728726744651794
1766,0,0,0,0,0,0,0,1,1.0,0.17119520902633667,0.20679830014705658
1767,0,0,0,0,0,0,0,0,1.0,0.2152567058801651,0.2152567058801651
1768,0,0,0,0,1,0,0,1,1.0,0.3605197072029114,0.3605197072029114
1769,0,0,0,0,0,0,0,0,0.0,,
1770,0,0,0,0,0,0,0,0,0.0,,
1771,0,0,0,0,0,0,0,0,1.0,0.35790562629699707,0.35790562629699707
1772,0,0,0,0,0,0,0,0,0.5,0.05575783550739288,0.05575783550739288
1773,0,0,0,0,0,0,0,0,0.0,,
1774,0,0,0,0,0,0,0,0,0.0,,
1775,0,0,0,0,0,0,0,0,0.3333333333333333,0.2673349976539612,0.2673349976539612
1776,0,0,0,1,0,0,0,0,1.0,0.10934257507324219,0.10934257507324219
1777,0,0,0,0,1,0,0,1,1.0,0.13581985235214233,0.13581985235214233
1778,0,0,0,0,0,0,0,0,1.0,0.4110073745250702,0.4110073745250702
1779,0,0,0,0,0,0,0,0,0.0,,
1780,0,0,0,1,0,0,0,0,1.0,0.1169121190905571,0.1169121190905571
1781,0,0,0,0,0,0,0,0,1.0,0.11782538145780563,0.11782538145780563
1782,0,0,0,0,0,0,0,0,1.0,0.27565997838974,0.27565997838974
1783,0,0,0,0,0,0,0,0,1.0,0.24683335423469543,0.24683335423469543
1784,0,0,0,0,0,0,0,0,1.0,0.34683501720428467,0.34683501720428467
1785,0,0,0,0,0,0,0,0,0.5,0.14572544395923615,0.14572544395923615
1786,0,0,0,0,0,0,0,0,1.0,0.3589942753314972,0.3589942753314972
1787,0,0,0,0,0,0,0,0,1.0,0.12724047899246216,0.12724047899246216
1789,0,0,0,0,0,0,0,0,0.6666666666666666,0.20930802822113037,0.24778831005096436
1790,0,0,0,0,0,0,0,0,0.0,,
1791,0,0,0,0,0,0,0,0,0.0,,
1792,0,0,0,0,0,0,0,0,0.0,,
1793,0,0,0,1,0,0,0,1,1.0,0.2747928202152252,0.2747928202152252
1794,0,0,0,0,0,0,0,0,0.0,,
1795,0,0,0,1,0,0,0,0,1.0,0.13056062161922455,0.13056062161922455
1796,0,0,0,0,0,0,0,0,1.0,0.2977041006088257,0.2977041006088257
1797,0,0,0,0,0,0,0,0,0.0,,
1798,0,0,0,0,0,0,0,0,1.0,0.15073469281196594,0.1604401022195816
1799,0,0,0,1,0,0,0,0,0.3333333333333333,0.25145816802978516,0.25145816802978516
1800,0,0,0,0,0,0,0,0,0.0,,
1801,0,0,0,0,0,0,0,0,0.0,,
1802,0,0,0,0,0,0,0,1,1.0,0.30899888277053833,0.30899888277053833
1804,0,0,0,0,0,0,0,0,0.0,,
1805,0,0,0,0,0,0,0,0,0.0,,
1806,0,0,0,0,0,0,0,0,0.6666666666666666,0.12246573716402054,0.19010257720947266
1807,0,0,0,1,0,0,0,0,1.0,0.18035075068473816,0.3036717176437378
1808,0,0,0,0,0,0,0,0,1.0,-0.014021333307027817,-0.014021333307027817
1809,0,0,0,1,0,0,0,0,1.0,0.13142484426498413,0.13142484426498413
1810,0,0,0,0,0,0,0,0,1.0,0.13748088479042053,0.13748088479042053
1813,0,0,0,0,0,0,0,0,0.5,0.13417299091815948,0.13417299091815948
1814,0,0,0,0,0,0,0,0,0.0,,
1815,0,0,0,0,0,0,0,0,1.0,0.2143005132675171,0.24112452566623688
1816,0,0,0,0,0,0,0,0,1.0,0.23322874307632446,0.23322874307632446
1818,0,0,0,0,0,0,0,0,0.0,,
1819,0,0,0,0,0,0,0,0,0.0,,
1820,0,0,0,0,0,0,0,0,0.0,,
1821,0,0,0,0,0,0,0,0,0.0,,
1822,0,0,0,0,0,0,0,0,0.0,,
1823,0,0,0,0,0,0,0,0,0.0,,
1824,0,0,0,0,0,0,0,0,1.0,0.050567060708999634,0.050567060708999634
1825,0,0,0,0,0,0,0,0,0.0,,
1826,0,0,0,0,0,0,0,0,1.0,0.19432218372821808,0.3575562834739685
1827,0,0,0,0,0,0,0,0,1.0,0.21742145717144012,0.21742145717144012
1828,0,0,0,0,0,0,0,0,0.6666666666666666,0.15594518184661865,0.18589407205581665
1829,0,0,0,0,0,0,0,0,0.6666666666666666,0.1933271437883377,0.19991949200630188
1830,0,0,0,1,0,0,0,0,0.5,0.29042211174964905,0.29042211174964905
1831,0,0,0,0,0,0,0,0,0.0,,
1832,0,0,1,0,0,1,0,0,1.0,0.1293814778327942,0.1463865339756012
1833,0,0,0,0,0,0,0,0,0.6666666666666666,0.17689858376979828,0.20389479398727417
1834,0,0,0,0,0,0,0,0,1.0,0.31399208307266235,0.3562079668045044
1835,0,0,0,0,0,0,0,0,0.0,,
1836,0,0,0,0,0,0,0,0,0.3333333333333333,0.5629479885101318,0.5629479885101318
1837,0,0,0,0,0,0,0,1,0.3333333333333333,0.3386369049549103,0.3386369049549103
1838,0,0,0,0,0,0,0,0,1.0,0.10214220732450485,0.2340484857559204
1839,0,0,0,0,0,0,0,0,0.0,,
1840,0,0,0,0,0,1,0,0,0.6666666666666666,0.42369747161865234,0.5152762532234192
1841,0,0,0,0,0,0,0,0,1.0,0.36069583892822266,0.36069583892822266
1842,0,0,0,1,0,0,0,1,1.0,0.3763291537761688,0.4518589377403259
1843,0,0,0,0,0,0,0,0,0.0,,
1844,0,0,0,1,0,0,0,0,1.0,0.2429097443819046,0.2429097443819046
1845,1,3,0,0,0,0,0,0,1.0,0.19119811058044434,0.19119811058044434
1847,0,0,0,0,0,0,0,0,0.0,,
1849,0,0,0,0,0,0,1,0,1.0,0.1772967278957367,0.1772967278957367
1851,0,0,0,0,0,0,0,0,0.0,,
1852,0,0,0,1,0,0,0,0,1.0,0.09234781563282013,0.12671630084514618
1853,0,0,0,0,0,0,0,0,,,
1854,0,0,0,0,0,0,0,0,0.5,0.17487221956253052,0.17487221956253052
1855,0,0,0,0,0,0,0,0,1.0,0.3303929567337036,0.4913066625595093
1856,0,0,0,0,0,1,0,1,1.0,0.21368254721164703,0.37037762999534607
1857,0,0,0,0,0,0,0,0,1.0,0.197825089097023,0.197825089097023
1858,0,0,0,0,0,0,0,0,0.0,,
1859,0,0,0,0,0,0,0,0,0.0,,
1861,0,0,0,1,0,0,0,0,0.5,0.08427593111991882,0.08427593111991882
1863,0,0,0,0,0,0,0,0,0.0,,
1864,0,0,0,0,0,0,0,0,0.0,,
1865,0,0,0,0,0,0,0,0,1.0,-0.005235215649008751,-0.005235215649008751
1866,0,0,0,0,0,0,0,0,0.5,0.19028504192829132,0.19028504192829132
1867,0,0,0,0,0,0,0,0,0.3333333333333333,0.1495218276977539,0.1495218276977539
1868,0,0,0,0,0,0,0,0,1.0,0.14160363376140594,0.1700684130191803
1869,0,0,0,0,0,0,0,0,0.0,,
1870,0,0,0,0,0,0,0,1,1.0,0.10054969787597656,0.10054969787597656
1871,0,0,0,0,0,0,1,0,0.5,0.25068366527557373,0.25068366527557373
1872,0,0,0,0,0,0,0,0,0.0,,
1874,0,0,0,0,0,0,0,0,0.0,,
1875,0,0,0,0,0,0,0,0,0.0,,
1876,0,0,0,0,0,0,0,0,0.0,,
1877,0,0,0,0,0,0,0,0,0.0,,
1878,0,0,0,1,1,0,0,0,1.0,0.23552139103412628,0.23552139103412628
1879,0,0,0,0,0,0,0,0,0.0,,
1881,0,0,0,1,0,0,0,0,0.5,0.1054505929350853,0.1054505929350853
1882,0,0,0,0,0,0,0,0,1.0,0.3703603148460388,0.45846638083457947
1873,1,1,0,1,1,1,0,0,1.0,0.19505073130130768,0.19505073130130768
1883,0,0,0,0,0,0,0,0,0.0,,
1884,1,1,0,0,0,0,0,0,1.0,0.09716391563415527,0.09716391563415527
1885,0,0,0,0,0,0,0,0,0.0,,
1886,0,0,0,0,0,0,0,0,0.0,,
1888,0,0,0,0,1,0,0,1,1.0,0.2589316666126251,0.2589316666126251
1889,0,0,0,0,0,0,1,1,1.0,0.17474395036697388,0.22643068432807922
1890,0,0,0,0,0,0,0,0,0.5,0.3382159471511841,0.3382159471511841
1891,0,0,0,0,0,0,0,0,0.0,,
1892,0,0,0,0,0,0,0,0,0.0,,
1893,0,0,0,0,0,0,0,0,0.3333333333333333,0.10703614354133606,0.10703614354133606
1894,0,0,0,0,0,0,0,0,0.0,,
1896,0,0,0,0,0,0,0,0,0.0,,
1897,0,0,0,0,0,0,0,0,0.0,,
1899,0,0,0,0,0,0,0,0,1.0,0.25647178292274475,0.25647178292274475
1900,0,0,0,0,0,0,0,0,0.0,,
1901,0,0,0,0,0,0,0,0,1.0,0.2412070631980896,0.2412070631980896
1902,0,0,0,0,0,0,0,0,0.0,,
1903,0,0,0,0,0,0,0,0,0.0,,
1904,0,0,0,0,0,0,0,0,0.3333333333333333,0.02985149249434471,0.02985149249434471
1905,0,0,0,0,0,0,0,0,0.0,,
1907,0,0,0,1,0,0,0,1,1.0,0.3007515072822571,0.3325808644294739
1908,0,0,0,0,0,0,0,0,0.5,0.12264534831047058,0.12264534831047058
1909,0,0,0,0,0,0,0,0,0.5,0.14567619562149048,0.17525619268417358
1910,0,0,0,0,1,0,0,0,1.0,0.1909431666135788,0.1909431666135788
1911,0,0,0,0,0,0,0,0,0.0,,
1912,0,0,1,0,0,0,0,0,1.0,0.16065570712089539,0.16065570712089539
1914,0,0,0,0,0,0,0,0,1.0,0.15962544083595276,0.15962544083595276
1915,0,0,0,0,0,0,0,0,0.0,,
1916,0,0,0,0,0,0,0,0,0.0,,
1917,0,0,0,0,0,0,0,0,0.0,,
1918,0,0,0,0,0,0,0,0,0.0,,
1920,0,0,0,0,0,0,0,0,0.5,0.12628024816513062,0.12628024816513062
1921,0,0,0,0,0,0,0,0,0.0,,
1922,0,0,0,0,0,0,0,0,0.0,,
1923,0,0,0,0,0,0,0,0,0.0,,
1924,0,0,0,0,0,0,0,0,0.0,,
1925,0,0,0,0,0,0,0,0,0.0,,
1926,0,0,0,0,0,0,0,0,0.6666666666666666,0.09405206143856049,0.11512450873851776
1927,0,0,0,0,0,0,0,1,1.0,0.12305109202861786,0.12305109202861786
1928,0,0,0,0,0,0,0,0,0.0,,
1929,0,0,0,0,0,0,0,1,1.0,0.2906564474105835,0.2906564474105835
1930,0,0,0,0,1,0,0,0,1.0,0.2951505780220032,0.2965173125267029
1931,0,0,0,0,0,0,0,0,0.0,,
1932,0,0,0,0,0,0,0,0,0.5,0.24163010716438293,0.24163010716438293
1933,0,0,0,0,0,0,0,0,0.0,,
1934,0,0,0,0,0,0,0,0,1.0,0.0596027597784996,0.0596027597784996
1935,0,0,0,0,0,0,0,1,0.6666666666666666,0.21502907574176788,0.26971256732940674
1936,0,0,0,0,0,0,0,0,0.5,0.18412353098392487,0.18412353098392487
1937,0,0,0,0,0,0,0,0,0.0,,
1938,0,0,0,0,0,0,0,0,1.0,0.26144182682037354,0.28116387128829956
1939,0,0,0,0,1,0,0,0,1.0,0.34173163771629333,0.34173163771629333
1940,0,0,0,0,0,0,0,0,0.0,,
1941,0,0,0,0,0,0,0,1,1.0,0.25906258821487427,0.32077425718307495
1942,0,0,0,1,0,0,0,0,0.5,0.07986359298229218,0.07986359298229218
1943,0,0,0,0,0,0,0,0,0.0,,
1945,0,0,0,0,1,0,0,0,1.0,0.29698649048805237,0.4177067279815674
1946,0,0,0,0,0,0,0,0,0.0,,
1947,1,1,1,1,0,0,0,0,0.5,0.21249893307685852,0.21249893307685852
1948,0,0,1,0,0,0,0,0,0.6666666666666666,0.18150532245635986,0.36274752020835876
1949,0,0,0,0,0,0,0,0,0.0,,
1950,0,0,0,0,0,0,0,0,1.0,0.20461443066596985,0.20461443066596985
1951,0,0,0,0,0,0,0,0,0.5,0.07308393716812134,0.07308393716812134
1952,0,0,0,0,0,0,0,0,1.0,0.027295242995023727,0.027295242995023727
1953,0,0,0,0,0,0,0,0,0.0,,
1954,0,0,0,0,0,0,0,0,1.0,0.0989866852760315,0.0989866852760315
1955,0,0,0,0,0,0,0,0,0.5,0.1922965794801712,0.1922965794801712
1956,0,0,0,0,0,0,0,0,0.5,0.3157321512699127,0.3157321512699127
1957,0,0,0,1,0,0,0,0,1.0,0.4309222400188446,0.4309222400188446
1958,0,0,0,0,0,0,0,0,0.5,0.1396680772304535,0.1396680772304535
1959,0,0,0,0,0,0,0,0,0.0,,
1960,0,0,0,0,0,0,0,0,0.5,0.13992230594158173,0.13992230594158173
1961,0,0,0,0,0,0,0,0,0.0,,
1963,0,0,0,0,0,0,0,0,0.3333333333333333,0.02097509428858757,0.02097509428858757
1964,0,0,0,0,0,0,0,0,0.5,0.34911835193634033,0.34911835193634033
1965,0,0,0,0,0,0,0,0,,,
1966,0,0,0,0,0,0,0,0,0.0,,
1967,0,0,0,0,0,0,0,0,0.5,0.32201290130615234,0.32201290130615234
1969,0,0,0,0,0,0,0,0,0.5,0.18512091040611267,0.18512091040611267
1970,0,0,0,0,0,0,0,0,1.0,0.1417657732963562,0.21110665798187256
1972,0,0,0,0,0,0,0,0,0.0,,
1973,0,0,0,0,0,0,0,0,0.0,,
1975,0,0,0,0,0,0,0,0,0.0,,
1976,0,0,0,0,0,0,0,0,1.0,0.2596668601036072,0.3403368294239044
1977,0,0,0,0,0,0,1,0,1.0,0.24323970079421997,0.29720866680145264
1978,0,0,0,0,0,0,0,0,1.0,0.10791272670030594,0.10791272670030594
1979,0,0,0,1,0,0,0,0,0.5,0.16729429364204407,0.16729429364204407
1981,0,0,0,0,1,0,0,0,0.5,0.10147464275360107,0.10147464275360107
1984,0,0,0,0,0,0,0,0,0.0,,
1988,0,0,0,0,0,0,0,0,0.0,,
1989,0,0,0,0,0,1,0,0,0.5,-0.0068686907179653645,-0.0068686907179653645
1990,0,0,0,0,0,0,0,0,1.0,0.2445201575756073,0.2445201575756073
1991,0,0,0,0,0,0,0,0,0.5,0.31643009185791016,0.31643009185791016
1992,0,0,0,0,0,0,0,0,0.25,0.060062307864427567,0.060062307864427567
1993,0,0,0,0,0,0,0,0,1.0,0.3183092176914215,0.3183092176914215
1994,0,0,0,0,0,0,0,0,1.0,0.27922818064689636,0.40275269746780396
1995,0,0,0,0,0,0,0,0,0.5,0.03247673809528351,0.03247673809528351
1998,0,0,1,0,1,0,0,0,1.0,0.18450915813446045,0.22690793871879578
2001,0,0,0,0,0,0,0,0,0.5,0.2645125985145569,0.2645125985145569
2002,0,0,0,0,0,0,0,0,0.0,,
2003,0,0,0,0,0,0,0,0,1.0,0.17598551511764526,0.20015046000480652
2004,0,0,0,0,0,0,0,0,1.0,0.1695345640182495,0.17552617192268372
2005,0,0,0,0,0,0,0,0,0.0,,
2006,0,0,0,0,0,0,0,0,0.0,,
2007,0,0,0,0,0,0,0,0,0.0,,
2008,0,0,0,0,0,0,0,0,1.0,0.11669683456420898,0.11669683456420898
2009,0,0,0,0,0,0,0,0,0.0,,
2011,0,0,0,0,0,0,0,0,0.0,,
2012,0,0,0,0,0,0,0,0,0.0,,
2013,0,0,0,0,0,0,0,0,0.5,0.22180432081222534,0.22180432081222534
2014,0,0,0,0,0,0,0,0,1.0,0.11532695591449738,0.18165399134159088
2015,0,0,0,0,0,0,0,0,0.0,,
2016,0,0,0,0,1,0,0,0,1.0,0.18534305691719055,0.18534305691719055
2017,0,0,0,0,0,0,0,0,0.0,,
2018,0,0,0,0,0,0,0,0,0.0,,
2020,0,0,0,0,0,0,0,0,0.0,,
2021,0,0,0,0,0,0,0,0,0.0,,
2022,0,0,0,0,0,0,0,0,0.0,,
2023,0,0,0,1,0,0,0,0,0.5,0.11824502795934677,0.11824502795934677
2024,0,0,0,0,0,0,0,0,0.0,,
2025,0,0,0,0,0,0,0,0,1.0,0.04311106353998184,0.04311106353998184
2026,0,0,1,1,0,0,0,0,1.0,0.2606445848941803,0.31288060545921326
2027,0,0,0,0,0,0,0,0,0.0,,
2028,0,0,0,0,1,0,0,0,1.0,0.25681158900260925,0.2748495042324066
2029,0,0,0,0,0,0,0,0,0.0,,
2030,0,0,0,0,0,0,0,0,0.0,,
2031,0,0,0,0,0,0,0,0,0.0,,
2032,0,0,0,0,0,0,0,0,0.0,,
2033,0,0,1,0,0,0,0,0,1.0,0.19455334544181824,0.21486392617225647
2034,1,1,0,0,0,0,0,0,1.0,0.2254239320755005,0.2982645630836487
2037,0,0,0,1,0,0,1,0,0.3333333333333333,0.26322776079177856,0.26322776079177856
1898,0,0,0,1,0,0,0,0,1.0,0.24269026517868042,0.3058350086212158
2019,0,0,0,0,0,0,0,0,0.6666666666666666,0.31194910407066345,0.3142964243888855
11895,0,0,0,1,0,0,0,1,1.0,0.3232680857181549,0.4088613986968994
11919,0,0,0,0,0,0,0,0,0.0,,
11921,0,0,0,0,0,0,0,0,0.0,,
11922,0,0,0,0,0,0,0,0,0.0,,
11923,0,0,0,0,0,0,0,0,0.0,,
11924,0,0,0,0,0,0,0,0,0.0,,
11925,0,0,0,1,0,0,0,0,1.0,0.3094557523727417,0.4817342758178711
11926,0,0,0,0,0,0,0,0,0.0,,
11927,0,0,0,0,0,0,0,0,0.0,,
11928,0,0,0,0,0,0,0,0,0.5,0.3163374066352844,0.3163374066352844
11930,0,0,0,0,0,0,0,0,1.0,0.44186490774154663,0.44186490774154663
11931,0,0,0,0,0,0,0,0,0.0,,
11932,0,0,0,1,0,0,1,0,1.0,0.038745734840631485,0.038745734840631485
11933,0,0,0,0,0,0,0,0,0.0,,
11934,0,0,0,0,0,0,0,0,1.0,0.03530876338481903,0.03530876338481903
11935,0,0,0,0,0,0,0,0,0.5,0.52149897813797,0.52149897813797
11936,0,0,0,0,0,0,0,0,0.5,0.1202898919582367,0.1202898919582367
11937,0,0,0,0,0,0,0,0,1.0,0.1039600819349289,0.1039600819349289
11938,0,0,0,0,0,0,0,0,1.0,0.08727853745222092,0.08727853745222092
11939,0,0,0,0,0,0,0,0,0.0,,
11940,0,0,0,0,0,0,0,0,1.0,0.3222663998603821,0.3222663998603821
11941,0,0,0,0,0,0,0,0,1.0,0.09468931704759598,0.09468931704759598
11942,0,0,0,0,0,0,0,0,0.0,,
11943,0,0,0,0,0,0,0,0,0.0,,
11944,0,0,0,0,0,0,0,0,0.0,,
11946,0,0,0,0,0,1,0,1,1.0,0.31570959091186523,0.31570959091186523
11948,0,0,0,0,0,0,0,1,1.0,0.21063274145126343,0.2879598140716553
11949,0,0,0,0,1,0,0,1,1.0,0.18616053462028503,0.18616053462028503
11954,0,0,0,0,0,0,0,0,1.0,0.13006220757961273,0.13006220757961273
11955,0,0,0,0,0,0,0,0,0.5,0.28216689825057983,0.28216689825057983
11956,0,0,0,0,0,0,0,0,0.0,,
11957,0,0,0,0,0,0,0,0,0.0,,
11959,0,0,0,0,0,0,0,0,1.0,-0.07041693478822708,-0.06741558015346527
11960,0,0,0,0,0,0,0,0,1.0,0.1332888901233673,0.1332888901233673
11961,0,0,0,0,0,0,0,0,0.5,0.3240603804588318,0.3240603804588318
11962,0,0,0,0,0,0,0,0,0.0,,
11963,0,0,0,0,0,0,0,0,0.0,,
11964,0,0,0,0,0,0,0,0,0.0,,
11965,0,0,0,0,0,0,0,0,1.0,0.25880563259124756,0.25880563259124756
11966,0,0,0,0,0,0,0,0,0.5,-0.012233549728989601,-0.012233549728989601
11967,0,0,0,0,0,0,0,0,1.0,0.2950933575630188,0.2950933575630188
11968,0,0,0,0,0,0,0,0,,,
11969,0,0,0,0,0,0,0,0,0.6666666666666666,0.2596307098865509,0.28366202116012573
11971,0,0,0,0,0,0,0,0,1.0,0.15302187204360962,0.15709808468818665
11972,0,0,0,0,0,0,0,0,0.0,,
11974,0,0,0,0,0,0,0,0,0.0,,
11975,0,0,0,0,0,0,0,0,0.0,,
11976,0,0,0,0,0,0,0,0,1.0,0.32850533723831177,0.32850533723831177
11977,0,0,0,0,0,0,0,0,0.0,,
11978,0,0,0,0,0,0,0,0,0.0,,
11979,0,0,0,0,0,0,0,0,1.0,0.4023618698120117,0.4023618698120117
11981,0,0,0,0,0,0,0,0,0.0,,
11982,0,0,0,0,0,0,0,0,0.5,0.3458237946033478,0.3458237946033478
11983,0,0,0,0,0,0,0,0,0.0,,
11984,0,0,0,0,0,0,0,0,0.0,,
11985,0,0,0,0,0,0,0,0,0.5,0.18298305571079254,0.18298305571079254
11986,0,0,0,0,0,0,0,0,1.0,0.26960140466690063,0.44541317224502563
11988,0,0,0,0,0,0,0,0,0.0,,
11990,0,0,0,0,0,0,0,0,0.0,,
11991,0,0,0,0,0,0,0,0,0.0,,
11992,0,0,0,0,0,0,0,0,0.0,,
11993,0,0,0,0,0,0,0,1,0.5,0.1790081411600113,0.1790081411600113
11994,0,0,0,0,0,0,0,0,1.0,0.17951849102973938,0.17951849102973938
11995,1,1,0,0,0,0,0,0,0.0,,
12002,0,0,0,0,0,0,0,0,0.5,0.2140691578388214,0.2140691578388214
12003,0,0,0,0,0,0,0,0,0.5,0.07001734524965286,0.07001734524965286
12004,0,0,0,0,0,0,0,0,0.5,0.27640005946159363,0.27640005946159363
12005,0,0,0,1,0,0,0,0,1.0,0.21819616854190826,0.22612446546554565
12006,0,0,0,0,0,0,0,0,0.0,,
12009,0,0,0,1,0,0,0,0,0.5,0.33332371711730957,0.33332371711730957
12010,0,0,0,0,0,0,0,0,1.0,0.048670656979084015,0.048670656979084015
12011,0,0,0,0,1,0,0,0,1.0,0.2907753884792328,0.3026442527770996
12012,0,0,0,0,0,0,0,0,1.0,0.3038734793663025,0.3038734793663025
12013,0,0,0,0,0,0,0,0,0.5,0.4241894781589508,0.4241894781589508
12014,0,0,0,0,0,0,0,0,0.0,,
12015,0,0,0,0,0,0,0,0,0.0,,
12020,0,0,0,0,0,0,0,0,1.0,0.14352813363075256,0.20757272839546204
12031,1,2,0,0,0,0,0,0,0.5,0.19165030121803284,0.24839359521865845
12032,0,0,0,1,0,0,0,0,1.0,0.2517296373844147,0.3972744047641754
12033,0,0,0,0,0,0,0,0,0.5,0.06814706325531006,0.06814706325531006
12034,0,0,0,0,0,0,0,0,0.0,,
12035,0,0,0,0,0,0,0,0,1.0,0.1793510764837265,0.22299134731292725
12036,0,0,0,1,1,0,0,0,1.0,0.2761550545692444,0.2761550545692444
12037,0,0,0,0,0,0,0,0,0.0,,
12038,0,0,0,0,0,0,0,0,1.0,0.2671092450618744,0.2671092450618744
12039,0,0,0,0,0,0,0,0,0.0,,
12041,0,0,0,0,0,0,0,0,0.0,,
12042,0,0,0,0,0,0,0,0,0.5,0.17587915062904358,0.17587915062904358
12043,0,0,0,0,0,0,0,0,0.6666666666666666,0.28718140721321106,0.6384778022766113
12045,0,0,0,0,0,0,0,0,0.0,,
12046,0,0,0,0,0,0,0,0,0.0,,
12047,0,0,0,0,0,0,0,0,0.0,,
12053,0,0,0,0,0,0,0,0,0.0,,
12056,0,0,0,0,0,0,0,0,0.5,0.3927180767059326,0.3927180767059326
12057,0,0,0,0,0,0,0,0,0.0,,
12062,0,0,0,0,0,0,0,0,1.0,0.322757750749588,0.322757750749588
12063,0,0,0,0,0,0,0,0,1.0,0.3572835326194763,0.3572835326194763
12064,0,0,0,0,0,0,0,0,0.5,0.13990825414657593,0.13990825414657593
12065,0,0,0,0,0,0,0,0,0.0,,
12067,0,0,0,0,0,0,0,0,0.0,,
12068,0,0,0,0,0,0,0,0,0.5,0.271251380443573,0.271251380443573
12070,0,0,0,0,0,0,0,0,1.0,0.06928613781929016,0.06928613781929016
12071,0,0,0,0,0,0,0,0,0.0,,
12072,0,0,0,0,0,0,0,0,0.0,,
12073,0,0,0,0,0,0,0,0,0.6666666666666666,0.4384561777114868,0.6295257806777954
12074,0,0,0,0,0,0,0,0,1.0,0.07419531047344208,0.07419531047344208
12077,0,0,0,0,0,0,0,0,0.3333333333333333,-0.00042245257645845413,-0.00042245257645845413
12078,0,0,0,0,0,0,0,0,0.0,,
12079,0,0,0,0,0,0,0,0,0.0,,
12080,0,0,0,0,0,0,0,0,0.0,,
12082,0,0,0,1,0,0,0,0,0.5,0.23869609832763672,0.23869609832763672
12083,0,0,0,0,0,0,0,0,0.5,0.16253556311130524,0.16253556311130524
12084,0,0,0,0,0,0,0,0,0.0,,
12085,0,0,0,0,0,0,0,0,1.0,0.3002391755580902,0.3002391755580902
12088,1,1,0,0,0,0,0,0,0.5,0.438225656747818,0.438225656747818
12089,0,0,0,0,1,0,0,0,1.0,0.27950266003608704,0.27950266003608704
12090,0,0,0,0,0,1,0,1,1.0,0.16891290247440338,0.18454492092132568
12091,0,0,0,0,1,0,0,0,0.25,0.40160828828811646,0.40160828828811646
12092,0,0,0,0,0,0,0,0,0.0,,
12093,1,1,0,0,0,0,0,0,0.0,,
12094,0,0,0,0,0,0,0,0,0.0,,
12095,0,0,0,0,0,0,0,0,0.0,,
12096,0,0,0,0,0,0,0,0,0.0,,
12119,0,0,0,0,0,0,0,0,0.5,0.09215302765369415,0.09215302765369415
12124,0,0,0,0,0,0,0,0,0.0,,
12136,0,0,0,0,0,0,0,0,0.0,,
12175,0,0,0,0,0,0,0,0,0.25,0.2345670908689499,0.2345670908689499
12210,0,0,0,0,1,0,0,0,0.25,0.07626712322235107,0.07626712322235107
12234,0,0,0,0,0,0,0,0,0.0,,
12235,0,0,0,0,0,0,0,0,0.0,,
12236,0,0,0,0,0,0,0,0,1.0,0.09180663526058197,0.09180663526058197
12237,0,0,0,0,0,0,0,0,0.5,0.11714965105056763,0.11714965105056763
12238,0,0,0,0,0,0,0,0,0.3333333333333333,0.46933209896087646,0.46933209896087646
12239,0,0,0,0,0,0,0,0,0.5,0.340995728969574,0.340995728969574
12241,0,0,0,0,1,0,0,0,0.5,0.267161101102829,0.267161101102829
12242,0,0,0,0,0,0,0,0,0.5,0.1540435552597046,0.21804311871528625
12244,0,0,0,0,0,0,0,0,0.0,,
12245,0,0,0,0,0,0,0,1,1.0,0.07718206942081451,0.07718206942081451
12246,0,0,0,0,0,0,0,1,0.5,0.11844942718744278,0.14687559008598328
12247,0,0,0,0,0,0,0,0,0.0,,
12248,0,0,0,0,0,0,0,0,0.0,,
12249,0,0,0,0,0,0,0,0,1.0,0.26276257634162903,0.26276257634162903
12250,0,0,0,0,0,0,0,0,0.5,0.2990192472934723,0.2990192472934723
12251,0,0,0,0,0,0,0,0,0.0,,
12252,0,0,0,0,0,0,0,0,0.3333333333333333,0.14426130056381226,0.14426130056381226
12255,0,0,0,0,0,0,0,0,1.0,0.15048062801361084,0.19148126244544983
12256,0,0,0,0,0,0,0,0,0.0,,
12257,0,0,0,0,0,0,0,0,0.5,0.11263848841190338,0.11263848841190338
12258,0,0,0,0,0,0,0,0,0.0,,
12259,0,0,0,0,0,0,0,0,1.0,0.24359524250030518,0.24359524250030518
12260,0,0,0,0,0,0,0,1,1.0,0.22936522960662842,0.232972651720047
12261,0,0,0,0,0,0,0,0,0.0,,
12262,0,0,0,0,0,0,0,0,1.0,0.23397381603717804,0.42977002263069153
12263,0,0,0,0,1,0,0,0,1.0,0.10995638370513916,0.10995638370513916
12264,0,0,0,0,0,0,0,0,0.0,,
12265,0,0,0,0,0,0,0,0,0.0,,
12266,0,0,0,0,0,0,0,0,1.0,0.2301654815673828,0.4332934021949768
12267,0,0,0,0,0,0,0,0,0.0,,
12271,0,0,1,0,0,0,0,0,1.0,0.5937250852584839,0.6818568706512451
12272,0,0,0,0,0,0,0,0,0.0,,
12273,0,0,0,0,0,0,0,0,0.0,,
12274,0,0,0,0,0,0,0,0,0.0,,
12275,0,0,0,0,0,0,0,0,0.6666666666666666,0.14852608740329742,0.15924358367919922
12276,0,0,0,0,0,0,0,0,0.5,0.27150994539260864,0.27150994539260864
12277,0,0,0,0,0,0,0,0,0.5,0.30974888801574707,0.30974888801574707
12278,0,0,0,0,0,0,0,0,0.5,0.12048377096652985,0.12048377096652985
12279,0,0,0,1,0,0,0,0,0.5,0.25536322593688965,0.25536322593688965
12280,0,0,0,1,0,0,0,0,1.0,0.17963790893554688,0.17963790893554688
12281,0,0,0,0,0,0,0,0,1.0,0.1587096005678177,0.1587096005678177
12282,1,1,0,0,0,0,0,0,0.0,,
12283,0,0,0,0,0,0,0,0,1.0,0.1720873862504959,0.2328391671180725
12284,0,0,0,0,0,0,0,0,1.0,-0.02086285501718521,-0.019114119932055473
12286,0,0,0,0,0,0,0,0,1.0,0.08538192510604858,0.08538192510604858
12287,0,0,0,0,1,0,0,0,1.0,0.20904579758644104,0.20904579758644104
12297,0,0,1,0,0,0,0,0,1.0,0.222929909825325,0.24443505704402924
12299,0,0,0,0,0,0,0,0,0.2,0.054330114275217056,0.054330114275217056
12300,0,0,0,0,0,0,0,0,1.0,0.11494207382202148,0.1859426349401474
12325,0,0,0,0,0,0,0,0,0.0,,
12344,0,0,0,0,0,0,0,0,0.0,,
12352,0,0,0,0,0,0,0,0,0.0,,
12355,0,0,0,0,0,0,0,0,0.0,,
12356,0,0,0,0,0,0,0,0,0.0,,
12358,0,0,0,0,0,0,0,0,0.5,0.18459412455558777,0.18459412455558777
12362,0,0,0,0,0,0,0,0,0.5,0.009779633022844791,0.009779633022844791
12366,0,0,0,0,0,0,0,0,1.0,0.0602913536131382,0.0602913536131382
12371,0,0,0,0,0,0,0,0,0.6666666666666666,0.22143276035785675,0.25077012181282043
12372,0,0,0,1,0,0,0,0,0.6666666666666666,0.14564412832260132,0.20824739336967468
12373,0,0,0,0,0,0,0,0,0.0,,
12374,0,0,0,0,0,0,0,0,0.0,,
12387,0,0,0,0,0,0,0,0,0.0,,
12391,0,0,0,1,0,0,0,0,1.0,0.033638857305049896,0.033638857305049896
12393,0,0,0,0,0,0,0,0,0.0,,
12415,0,0,0,0,0,0,0,0,1.0,0.1948641985654831,0.1948641985654831
1880,0,0,0,1,0,0,0,0,1.0,0.19416217505931854,0.22389870882034302
11929,0,0,1,0,0,0,0,0,1.0,0.15486128628253937,0.23738440871238708
11947,0,0,0,0,0,0,0,0,0.0,,
11987,0,0,0,0,0,0,0,0,0.0,,
12008,0,0,0,1,0,0,0,0,0.5,0.3599253296852112,0.3599253296852112
12040,0,0,0,0,0,0,0,0,1.0,0.24881967902183533,0.24881967902183533
12076,0,0,0,0,0,0,0,0,0.6666666666666666,0.06154254823923111,0.120966836810112
12129,0,0,0,0,0,0,0,0,1.0,0.3285672068595886,0.3285672068595886
12240,0,0,0,0,0,0,0,0,0.0,,
12243,0,0,0,0,1,0,0,0,1.0,0.05782436206936836,0.11500263959169388
12425,0,0,0,1,0,0,0,0,1.0,0.2112163007259369,0.2112163007259369
12452,0,0,0,0,1,0,0,0,1.0,0.08274389803409576,0.13127434253692627
12453,0,0,0,0,0,0,0,0,0.6666666666666666,0.11062094569206238,0.11996351927518845
12454,0,0,0,0,0,0,0,0,0.0,,
12461,1,1,0,1,0,0,0,0,1.0,0.3075179159641266,0.37258273363113403
12502,0,0,0,0,0,0,0,0,1.0,0.17531752586364746,0.17531752586364746
12504,0,0,0,0,0,0,0,0,1.0,0.36597052216529846,0.36597052216529846
12507,1,1,0,0,0,0,0,0,1.0,0.133527010679245,0.133527010679245
12509,0,0,0,0,0,0,0,0,1.0,0.07023407518863678,0.07023407518863678
12525,0,0,0,0,0,0,0,0,0.0,,
12526,0,0,0,0,0,0,1,1,1.0,0.14308694005012512,0.14308694005012512
12527,0,0,0,0,0,0,0,0,0.5,0.2502945065498352,0.2502945065498352
12530,0,0,0,0,0,0,0,0,,,
12531,0,0,0,0,0,0,0,0,0.0,,
12532,0,0,0,0,0,0,0,0,0.0,,
12533,0,0,0,0,0,0,0,0,1.0,0.10818395763635635,0.18277457356452942
12534,0,0,0,0,0,0,0,0,1.0,0.1351904273033142,0.1351904273033142
12536,0,0,0,0,0,0,0,0,1.0,0.20517989993095398,0.22187821567058563
12539,0,0,0,1,0,0,0,0,0.5,0.0939774364233017,0.0939774364233017
12541,0,0,0,0,0,0,0,0,0.5,0.41547513008117676,0.41547513008117676
12542,0,0,0,0,0,0,0,0,1.0,-0.01902152970433235,-0.01902152970433235
12544,0,0,0,0,0,0,0,0,0.0,,
12545,0,0,0,0,0,0,0,0,0.5,0.29791995882987976,0.29791995882987976
12546,0,0,0,0,0,0,0,0,1.0,0.19297336041927338,0.2912653982639313
12547,0,0,0,0,0,0,0,0,0.5,0.30046534538269043,0.30046534538269043
12548,0,0,0,0,0,0,0,0,1.0,0.079434335231781,0.079434335231781
12549,0,0,0,0,0,0,0,0,1.0,0.12591470777988434,0.2419891059398651
12550,0,0,0,0,0,0,0,0,1.0,0.24130605161190033,0.24130605161190033
12553,0,0,0,0,1,0,1,0,1.0,0.21166057884693146,0.27333900332450867
12554,0,0,0,1,0,0,0,0,0.5,0.05387180298566818,0.05387180298566818
12555,0,0,0,0,0,0,0,0,0.3333333333333333,0.23597851395606995,0.23597851395606995
12560,0,0,0,0,0,0,0,0,0.0,,
12564,0,0,0,0,0,0,0,0,1.0,0.11951881647109985,0.11951881647109985
12565,0,0,0,0,0,0,0,0,0.0,,
12570,0,0,0,0,0,0,0,0,0.0,,
12571,0,0,0,0,0,0,0,0,0.0,,
12572,0,0,0,0,0,0,0,0,1.0,0.12146518379449844,0.1260453164577484
12573,0,0,0,0,0,0,0,0,1.0,0.2418728768825531,0.37246495485305786
12574,0,0,0,0,0,0,0,0,1.0,-0.05546950548887253,-0.05546950548887253
12575,0,0,0,0,0,0,0,0,1.0,0.21143290400505066,0.22718366980552673
12578,0,0,0,0,0,0,0,0,0.0,,
12579,0,0,0,0,0,0,0,0,0.5,0.21902623772621155,0.21902623772621155
12580,0,0,0,0,0,0,0,0,0.3333333333333333,0.23665432631969452,0.23665432631969452
12582,0,0,0,0,0,0,0,0,1.0,0.2033827304840088,0.28258875012397766
12583,0,0,0,0,0,0,0,0,1.0,0.07368285208940506,0.10852216929197311
12584,0,0,0,0,0,0,0,0,1.0,0.17907163500785828,0.17907163500785828
12585,0,0,0,0,0,0,0,0,0.0,,
12591,0,0,0,0,0,0,0,0,0.0,,
12597,0,0,0,0,0,0,0,0,1.0,0.1230899840593338,0.1230899840593338
12598,0,0,0,1,0,0,0,0,0.5,0.2536679208278656,0.34948909282684326
12599,0,0,0,0,0,0,0,0,0.3333333333333333,0.1280023455619812,0.1280023455619812
12600,0,0,0,0,0,0,0,0,0.0,,
12608,0,0,0,0,0,0,0,0,0.0,,
12609,0,0,0,0,1,1,0,0,1.0,0.35138726234436035,0.35138726234436035
12610,0,0,0,1,0,0,0,0,0.5,0.2065834105014801,0.2065834105014801
12611,0,0,0,0,0,0,0,0,1.0,0.19735834002494812,0.19735834002494812
12612,0,0,0,0,1,0,0,0,1.0,0.2499927282333374,0.2499927282333374
12613,0,0,0,0,0,0,0,0,1.0,0.3078509271144867,0.49182942509651184
12614,0,0,0,0,0,0,0,0,0.0,,
12615,0,0,0,0,0,0,0,0,0.5,0.4636007845401764,0.4636007845401764
12618,0,0,0,0,0,0,0,0,0.5,0.22642111778259277,0.22642111778259277
12619,0,0,0,0,0,0,0,0,0.5,0.2097662091255188,0.2097662091255188
12621,0,0,0,0,1,0,0,0,1.0,0.32372426986694336,0.3866179585456848
12622,0,0,0,0,0,0,0,0,1.0,0.2232837677001953,0.4344920814037323
12623,0,0,0,0,0,0,0,0,0.6666666666666666,0.04162341356277466,0.07773909717798233
12624,0,0,0,0,0,0,0,0,0.5,-0.008582107722759247,-0.008582107722759247
12625,0,0,0,0,0,0,0,0,1.0,0.08093073219060898,0.08093073219060898
12626,0,0,0,0,0,0,0,0,0.3333333333333333,0.2208874672651291,0.2208874672651291
12627,0,0,0,0,0,0,0,0,1.0,0.08039136230945587,0.12801621854305267
12628,0,0,0,0,0,0,0,0,0.5,0.504507303237915,0.504507303237915
12629,0,0,0,0,0,0,0,0,0.0,,
12630,0,0,0,0,0,0,0,0,0.3333333333333333,0.33520492911338806,0.33520492911338806
12631,0,0,0,0,0,0,0,0,0.6666666666666666,0.49342745542526245,0.6240496635437012
12632,0,0,0,0,0,0,0,0,1.0,0.18407760560512543,0.2529323697090149
12637,0,0,0,0,0,0,0,0,1.0,0.1465018391609192,0.1465018391609192
12639,0,0,0,0,0,0,0,0,0.0,,
12640,0,0,0,0,0,0,0,0,0.0,,
12641,0,0,0,0,0,0,0,0,0.5,0.013636826537549496,0.013636826537549496
12642,0,0,0,0,0,0,0,0,0.0,,
12643,0,0,0,1,0,0,0,1,1.0,0.13068526983261108,0.13068526983261108
12645,1,1,0,0,0,0,0,0,0.75,0.13210710883140564,0.15684637427330017
12646,0,0,0,1,0,0,0,0,1.0,0.2912805676460266,0.3962363600730896
12647,0,0,0,0,0,0,0,0,0.0,,
12648,0,0,0,0,0,0,0,0,1.0,0.015626784414052963,0.015626784414052963
12650,0,0,0,0,0,0,0,0,0.0,,
12653,0,0,0,0,0,0,0,0,0.0,,
12654,0,0,0,0,0,0,0,0,0.5,0.0912846177816391,0.0912846177816391
12655,0,0,0,0,0,0,0,0,0.5,0.12256870418787003,0.12256870418787003
12656,0,0,0,0,0,0,0,0,1.0,0.23248730599880219,0.5026583075523376
12657,0,0,0,0,0,0,0,0,0.5,-0.0462191104888916,-0.0462191104888916
12658,0,0,0,1,0,0,0,0,1.0,0.22818990051746368,0.37052780389785767
12659,0,0,0,0,0,0,0,0,0.5,0.20635920763015747,0.20635920763015747
12660,0,0,0,0,1,0,0,0,1.0,0.374545693397522,0.374545693397522
12661,0,0,0,0,0,0,0,0,0.0,,
12662,1,1,0,0,0,0,0,0,0.0,,
12663,0,0,0,0,0,0,0,0,0.0,,
12664,0,0,0,0,1,1,0,0,1.0,0.37691354751586914,0.37691354751586914
12665,0,0,0,0,0,0,0,0,1.0,0.11040814220905304,0.19114241003990173
12666,0,0,0,0,0,0,0,0,0.0,,
12669,0,0,0,0,0,0,0,0,0.5,0.4636746644973755,0.4636746644973755
12674,0,0,0,0,0,0,0,0,1.0,0.2055632770061493,0.2055632770061493
12675,0,0,0,0,0,0,0,0,1.0,0.3403981924057007,0.3403981924057007
12676,0,0,0,1,0,0,0,0,1.0,0.12120743095874786,0.2171803116798401
12677,0,0,0,0,0,0,0,0,1.0,0.4089738130569458,0.4089738130569458
12682,0,0,0,1,0,0,0,0,1.0,0.39366278052330017,0.42717453837394714
12700,0,0,0,0,0,0,0,0,0.0,,
12705,0,0,0,0,0,0,0,0,0.0,,
12710,0,0,0,0,0,0,0,0,0.3333333333333333,0.11497645080089569,0.11497645080089569
12711,0,0,0,0,0,0,0,0,0.0,,
12723,0,0,0,0,0,0,0,0,0.5,0.2649157643318176,0.2649157643318176
12727,0,0,0,0,0,0,0,0,0.0,,
12728,0,0,0,0,0,0,0,0,1.0,0.3517606258392334,0.3517606258392334
12736,0,0,0,0,0,0,0,0,0.0,,
12737,0,0,0,0,0,0,0,0,1.0,0.3064587116241455,0.3064587116241455
12738,0,0,0,0,0,0,0,0,1.0,0.3582240343093872,0.3582240343093872
12739,0,0,0,0,0,0,0,0,0.0,,
12740,0,0,0,0,0,0,0,0,0.3333333333333333,0.14757516980171204,0.14757516980171204
12741,0,0,0,0,0,0,0,0,0.5,0.09381835162639618,0.09381835162639618
12760,0,0,0,0,0,0,0,0,1.0,0.13450339436531067,0.33908259868621826
12768,0,0,0,0,0,0,0,0,1.0,0.23297443985939026,0.23297443985939026
12769,0,0,0,0,0,0,0,0,1.0,0.23377184569835663,0.3102245628833771
12797,0,0,0,0,0,0,0,0,1.0,0.09685690701007843,0.09685690701007843
12821,0,0,0,0,0,0,0,0,0.6666666666666666,0.08838015794754028,0.11793102324008942
12829,0,0,0,0,0,0,0,0,1.0,0.14934255182743073,0.14934255182743073
12830,0,0,0,0,0,0,0,0,0.6666666666666666,0.11451166868209839,0.19328045845031738
12832,0,0,0,0,0,0,0,0,0.5,0.07206264138221741,0.07206264138221741
12833,0,0,0,0,0,0,0,0,1.0,0.2676427364349365,0.2676427364349365
12834,0,0,0,0,0,0,0,0,0.5,0.48162755370140076,0.48162755370140076
12835,0,0,0,0,0,0,0,1,1.0,0.17825809121131897,0.30383846163749695
12836,0,0,0,1,0,0,0,0,0.3333333333333333,0.11103098094463348,0.11103098094463348
12837,0,0,0,0,0,0,0,0,0.5,0.1702100932598114,0.1702100932598114
12838,0,0,0,0,0,0,0,0,,,
12839,0,0,0,0,0,0,0,0,0.5,0.27069106698036194,0.27069106698036194
12841,0,0,0,1,0,0,0,0,1.0,0.2760877311229706,0.2760877311229706
12842,0,0,0,1,0,0,0,0,0.3333333333333333,0.16887548565864563,0.16887548565864563
12843,0,0,0,0,0,0,0,0,0.0,,
12844,0,0,0,0,0,0,0,0,0.0,,
12845,0,0,0,0,0,0,0,0,1.0,0.19997741281986237,0.27658599615097046
12846,0,0,0,0,0,0,0,0,1.0,0.1646043211221695,0.20314010977745056
12847,0,0,0,0,0,0,0,0,0.0,,
12848,0,0,0,0,0,0,0,0,1.0,0.21502986550331116,0.3675183951854706
12849,0,0,0,0,0,0,0,0,0.0,,
12850,0,0,0,0,0,0,0,0,0.5,0.04706438630819321,0.04706438630819321
12851,0,0,0,0,0,0,0,0,0.0,,
12853,0,0,0,0,0,0,0,0,1.0,0.2515849471092224,0.2525484561920166
12854,0,0,0,0,0,0,0,1,1.0,0.1972980797290802,0.21779613196849823
12855,0,0,0,0,0,0,0,0,0.5,0.08389496803283691,0.08389496803283691
12856,0,0,0,0,0,0,0,0,0.6666666666666666,0.1524328887462616,0.2545613646507263
12857,0,0,0,0,0,0,0,0,1.0,0.3349866569042206,0.3349866569042206
12860,0,0,0,0,0,0,0,0,0.0,,
12861,0,0,0,0,0,0,0,0,0.0,,
12862,0,0,0,0,0,0,0,0,1.0,0.20199277997016907,0.27959662675857544
12863,0,0,0,0,0,0,0,0,1.0,0.17506438493728638,0.2236766219139099
12865,0,0,0,1,0,0,0,0,1.0,0.24663639068603516,0.44448739290237427
12867,0,0,0,0,0,0,0,0,1.0,0.24344220757484436,0.24344220757484436
12868,0,0,0,0,0,0,0,0,0.0,,
12875,0,0,0,0,0,0,0,0,0.0,,
12876,0,0,0,0,0,0,0,0,0.0,,
12877,0,0,0,0,0,0,0,0,0.0,,
12878,0,0,0,0,0,0,0,0,1.0,0.14414936304092407,0.14414936304092407
12890,0,0,1,0,0,0,0,0,0.6666666666666666,0.1263139396905899,0.1329723447561264
12897,0,0,0,0,0,0,0,1,1.0,0.2837935984134674,0.3171192407608032
12903,0,0,0,0,0,0,0,0,0.0,,
12911,0,0,0,0,0,0,0,0,1.0,0.038414210081100464,0.05582072213292122
12941,0,0,0,0,1,0,0,0,0.5,0.3439983129501343,0.3439983129501343
22571,0,0,0,0,0,0,0,0,0.0,,
12581,0,0,0,0,0,0,0,0,0.0,,
12638,0,0,0,0,0,0,0,0,,,
12724,0,0,0,0,0,0,0,0,0.0,,
12725,0,0,0,0,0,0,0,0,1.0,0.0622825026512146,0.097352534532547
12726,0,0,0,0,0,0,0,0,0.3333333333333333,0.13295789062976837,0.13295789062976837
12742,0,0,0,0,0,0,0,0,1.0,0.14852476119995117,0.14852476119995117
12743,0,0,0,0,0,0,0,0,0.5,0.13725003600120544,0.13725003600120544
12831,0,0,1,1,0,0,1,1,1.0,0.26296770572662354,0.45005449652671814
12871,0,0,0,1,0,0,0,1,1.0,0.2269788235425949,0.32024842500686646
12950,0,0,0,0,0,0,0,0,0.0,,
12974,0,0,0,0,0,0,0,1,1.0,0.1478816270828247,0.18838246166706085
13050,0,0,1,0,0,0,0,0,1.0,0.1880357414484024,0.3135516047477722
13052,0,0,0,0,0,0,0,0,1.0,0.07407799363136292,0.08154352754354477
13053,0,0,0,1,0,0,0,0,1.0,0.24777284264564514,0.3139287829399109
13058,0,0,0,0,0,0,0,0,0.0,,
13061,0,0,0,0,0,0,0,0,0.0,,
13067,1,1,0,0,0,0,0,0,0.5,0.1294720321893692,0.1294720321893692
13072,0,0,0,0,0,0,0,0,0.5,0.21918803453445435,0.21918803453445435
13073,0,0,0,0,0,0,0,0,0.0,,
13074,0,0,0,1,0,0,0,0,1.0,0.329975426197052,0.37846624851226807
13075,0,0,0,1,0,0,0,0,1.0,0.21546316146850586,0.2160012423992157
13076,0,0,0,1,0,0,0,0,0.5,0.12777085602283478,0.12777085602283478
13079,0,0,0,0,1,0,0,0,0.5,0.4165084958076477,0.4165084958076477
13081,0,0,0,0,1,0,0,0,0.5,0.3047845959663391,0.3047845959663391
13083,0,0,0,0,0,0,0,0,0.0,,
13084,0,0,0,0,0,0,0,1,1.0,0.3437340259552002,0.36508113145828247
13085,0,0,0,1,1,0,0,0,1.0,0.1262723207473755,0.13869236409664154
13086,0,0,0,0,0,0,0,0,0.0,,
13087,0,0,0,1,0,0,0,1,0.5,0.29987841844558716,0.29987841844558716
13088,0,0,0,0,0,0,0,0,0.5,0.10621380805969238,0.10621380805969238
13095,0,0,0,0,0,0,0,0,0.6666666666666666,0.17468751966953278,0.19052636623382568
13096,1,2,0,0,0,0,0,0,0.3333333333333333,0.09230060875415802,0.09230060875415802
13097,1,2,1,1,0,0,0,0,0.5,0.09137918055057526,0.09137918055057526
13098,0,0,0,0,0,0,0,0,1.0,0.297405481338501,0.33935779333114624
13099,1,1,0,0,0,1,0,0,0.5,0.15296468138694763,0.15296468138694763
13100,0,0,0,0,0,0,0,0,0.0,,
13101,0,0,0,0,0,0,0,0,0.5,0.0676589384675026,0.0676589384675026
13102,0,0,0,0,0,0,0,0,0.5,0.06192028522491455,0.06192028522491455
13103,0,0,0,0,0,0,0,0,0.0,,
13104,0,0,0,1,0,0,0,0,1.0,0.33545005321502686,0.33545005321502686
13105,0,0,0,0,0,0,0,0,1.0,0.20388969779014587,0.20388969779014587
13106,0,0,0,0,0,0,0,0,0.0,,
13107,0,0,0,0,0,0,0,0,0.0,,
13108,0,0,0,0,0,0,0,0,0.5,0.09816563129425049,0.09816563129425049
13109,0,0,0,0,0,0,0,0,0.3333333333333333,0.04871334135532379,0.04871334135532379
13110,0,0,0,1,0,0,0,0,1.0,0.2752145528793335,0.4282786250114441
13111,0,0,0,1,0,0,0,0,1.0,0.0817309319972992,0.10271413624286652
13112,0,0,0,1,0,0,0,0,1.0,0.14947627484798431,0.3014984726905823
13113,0,0,0,0,0,0,0,0,1.0,0.2317778617143631,0.3130444884300232
13114,0,0,0,0,0,0,0,0,0.0,,
13115,0,0,0,0,0,0,0,0,0.0,,
13116,0,0,1,0,0,0,0,0,1.0,0.27606913447380066,0.27606913447380066
13117,0,0,0,0,0,0,0,0,1.0,0.06574027985334396,0.06574027985334396
13118,0,0,0,0,0,0,0,0,0.5,0.29591065645217896,0.29591065645217896
13119,0,0,0,0,0,0,0,0,0.0,,
13120,0,0,0,0,0,0,0,0,1.0,0.06384124606847763,0.06384124606847763
13121,0,0,0,0,0,0,0,0,1.0,0.05964771658182144,0.05964771658182144
13122,0,0,0,0,0,0,0,0,1.0,0.3280431926250458,0.37889862060546875
13133,0,0,0,0,0,0,0,0,0.0,,
13140,0,0,0,0,0,0,1,0,1.0,0.27275699377059937,0.3132097125053406
13141,0,0,1,0,0,0,0,0,1.0,0.17487174272537231,0.2467496246099472
13143,0,0,0,0,0,0,0,0,1.0,0.23477450013160706,0.23477450013160706
13144,0,0,0,0,0,0,0,0,1.0,0.277608186006546,0.277608186006546
13145,0,0,0,0,0,0,0,0,0.5,0.13122716546058655,0.13122716546058655
13146,0,0,0,0,0,0,0,0,0.0,,
13147,0,0,0,0,1,0,0,0,1.0,0.3117455840110779,0.40336593985557556
13148,0,0,0,0,0,0,0,0,1.0,0.03149688243865967,0.0891057699918747
13149,0,0,0,0,0,0,0,0,1.0,0.22392146289348602,0.2387354075908661
13151,0,0,0,0,0,0,0,0,0.5,0.31857383251190186,0.31857383251190186
13156,0,0,0,0,0,0,0,0,1.0,0.05148755759000778,0.05148755759000778
13157,0,0,0,0,0,0,0,0,0.3333333333333333,0.2996986508369446,0.2996986508369446
13158,0,0,0,0,0,0,0,0,1.0,0.23972243070602417,0.23972243070602417
13160,0,0,0,0,0,0,0,0,0.5,0.08569148927927017,0.08569148927927017
13161,0,0,0,0,0,0,0,0,1.0,0.20422039926052094,0.28149116039276123
13164,0,0,0,1,0,0,0,0,0.5,0.1712980568408966,0.1712980568408966
13165,0,0,0,0,0,0,0,0,1.0,0.3607451319694519,0.3607451319694519
13166,0,0,0,0,0,0,0,0,0.5,0.18237575888633728,0.18237575888633728
13167,0,0,0,0,0,0,0,0,0.0,,
13168,0,0,0,0,0,0,0,0,0.5,0.07381483912467957,0.07381483912467957
13169,0,0,0,0,0,0,0,0,1.0,0.30726826190948486,0.30726826190948486
13170,0,0,0,0,0,0,0,0,0.3333333333333333,0.3534308671951294,0.3534308671951294
13171,0,0,0,0,0,0,0,0,0.3333333333333333,0.09105665981769562,0.09105665981769562
13172,0,0,0,0,0,0,0,0,,,
13174,0,0,0,0,0,0,0,0,0.0,,
13175,1,1,0,0,0,0,0,0,0.5,0.1965552717447281,0.1965552717447281
13176,0,0,0,0,0,0,0,0,0.5,0.11415077745914459,0.11415077745914459
13177,0,0,0,1,0,0,0,0,0.5,0.23317570984363556,0.23317570984363556
13178,0,0,0,0,0,0,0,0,0.0,,
13179,0,0,0,0,0,0,0,0,1.0,0.29438185691833496,0.43880200386047363
13185,0,0,0,0,0,0,0,0,1.0,0.12714961171150208,0.21854054927825928
13195,0,0,0,0,0,0,0,0,0.0,,
13198,0,0,0,1,0,0,0,0,0.5,0.21116860210895538,0.21116860210895538
13199,0,0,0,0,0,0,0,0,0.0,,
13200,0,0,0,0,0,0,0,0,1.0,0.434825599193573,0.434825599193573
13204,0,0,0,0,0,0,0,0,0.75,0.04968484118580818,0.0916920006275177
13205,0,0,0,1,0,0,0,1,1.0,0.3444443941116333,0.40811482071876526
13206,0,0,0,0,0,0,0,0,0.5,0.2627406120300293,0.2627406120300293
13207,0,0,0,0,0,0,0,1,0.5,0.34270381927490234,0.44156914949417114
13208,0,0,0,0,0,0,0,0,0.0,,
13209,0,0,0,0,0,0,0,0,1.0,0.3885018825531006,0.3885018825531006
13211,0,0,0,0,0,0,0,0,0.0,,
13213,0,0,0,0,0,0,0,0,1.0,0.006899451836943626,0.006899451836943626
13214,0,0,0,0,1,1,0,0,1.0,0.1571461260318756,0.1571461260318756
13215,0,0,0,1,0,0,0,0,1.0,0.17920371890068054,0.17920371890068054
13216,0,0,0,0,1,0,0,0,1.0,0.23837906122207642,0.23837906122207642
13217,0,0,0,0,0,0,0,0,0.0,,
13218,0,0,0,0,0,0,0,0,1.0,0.29443228244781494,0.29443228244781494
13219,0,0,0,0,0,0,0,0,0.0,,
13220,0,0,0,0,0,0,0,0,0.0,,
13223,0,0,0,0,0,0,0,0,1.0,0.0677189901471138,0.09809941053390503
13224,0,0,0,1,1,0,1,1,1.0,0.2175120860338211,0.3507944345474243
13227,0,0,0,0,0,0,0,0,0.5,0.18952813744544983,0.21544016897678375
13231,0,0,0,0,0,0,0,1,1.0,0.28609928488731384,0.28609928488731384
13233,0,0,0,0,0,0,0,0,0.0,,
13234,1,2,0,0,0,0,0,0,0.0,,
13236,0,0,0,0,0,0,0,0,1.0,0.26098793745040894,0.30077239871025085
13238,0,0,0,0,0,0,0,0,1.0,0.1506229043006897,0.3017176389694214
13239,0,0,0,0,0,0,0,0,1.0,0.19270376861095428,0.23118162155151367
13240,1,2,0,0,0,0,0,0,0.0,,
13241,0,0,0,0,0,0,0,0,0.0,,
13242,0,0,0,0,0,0,0,0,1.0,0.004024865105748177,0.0391317717730999
13265,0,0,0,0,0,0,0,0,1.0,0.08599795401096344,0.08599795401096344
13273,0,0,0,0,0,0,0,0,1.0,0.14275959134101868,0.14275959134101868
13290,0,0,0,0,0,0,0,0,0.0,,
13302,0,0,0,0,0,0,0,0,1.0,0.3208276033401489,0.3208276033401489
13303,0,0,0,0,0,0,0,0,0.0,,
13305,0,0,0,0,0,0,0,0,0.0,,
13309,0,0,0,0,0,0,0,0,1.0,0.30747997760772705,0.30747997760772705
13310,0,0,0,0,0,0,0,0,0.5,0.14880196750164032,0.14880196750164032
13311,0,0,0,1,0,0,0,1,1.0,0.4178285598754883,0.4178285598754883
13312,0,0,0,0,0,0,0,0,0.5,0.19381815195083618,0.19381815195083618
13315,0,0,0,0,0,0,0,0,1.0,0.22810465097427368,0.22810465097427368
13316,0,0,0,0,0,0,0,0,1.0,0.24486330151557922,0.24486330151557922
13319,0,0,0,0,0,0,0,0,0.0,,
13320,0,0,0,0,0,0,0,0,0.0,,
13321,0,0,0,0,0,0,0,0,1.0,0.3900851607322693,0.3900851607322693
13322,0,0,0,0,0,0,0,0,0.0,,
13323,0,0,0,0,0,0,0,0,1.0,0.1627192497253418,0.1627192497253418
13332,0,0,0,0,0,0,0,0,0.3333333333333333,-0.03977784514427185,-0.03977784514427185
13333,0,0,0,0,0,0,0,0,0.5,0.2298506647348404,0.2298506647348404
13334,0,0,0,0,0,0,0,0,1.0,0.20994065701961517,0.33799588680267334
13335,0,0,0,1,0,0,0,0,1.0,0.28303343057632446,0.34734123945236206
13337,0,0,0,0,0,0,1,0,1.0,0.14246271550655365,0.19665303826332092
13340,0,0,0,0,0,0,0,0,1.0,0.2682713568210602,0.33606967329978943
13341,0,0,0,1,0,0,0,0,1.0,0.3570713400840759,0.3570713400840759
13343,0,0,0,0,0,0,0,0,0.3333333333333333,0.09449462592601776,0.09449462592601776
13344,0,0,0,0,0,0,0,0,1.0,0.08405423909425735,0.08405423909425735
13346,0,0,0,0,0,0,0,0,0.3333333333333333,0.2261670082807541,0.2261670082807541
13347,0,0,0,0,0,0,0,0,0.0,,
13348,0,0,0,0,0,0,0,0,0.5,0.31160032749176025,0.31160032749176025
13349,0,0,0,0,0,0,0,0,0.5,0.369317889213562,0.369317889213562
13350,0,0,0,0,0,0,0,0,0.5,0.2960256338119507,0.2960256338119507
13351,0,0,0,0,0,0,0,0,1.0,0.48152321577072144,0.48152321577072144
13352,0,0,0,0,0,0,0,1,0.6666666666666666,0.1536872535943985,0.23889978229999542
13353,0,0,0,1,0,0,1,0,1.0,0.2946816086769104,0.2946816086769104
13354,0,0,0,0,0,0,0,0,0.3333333333333333,0.31467074155807495,0.31467074155807495
13362,0,0,0,0,0,0,0,0,0.0,,
13372,0,0,0,0,0,0,0,0,0.5,0.424943208694458,0.424943208694458
13389,0,0,0,0,0,0,0,0,1.0,0.08996091783046722,0.09562338888645172
13391,0,0,0,0,0,0,0,0,1.0,0.17644967138767242,0.17644967138767242
13400,0,0,0,0,0,0,0,0,0.5,0.24227283895015717,0.24227283895015717
13405,0,0,0,0,0,0,0,0,0.25,0.018733933568000793,0.018733933568000793
13406,0,0,0,0,0,0,0,0,0.0,,
13408,0,0,0,0,0,0,0,0,0.0,,
13412,0,0,0,0,0,0,0,0,0.0,,
13414,0,0,0,1,0,0,0,0,0.5,0.37370631098747253,0.37370631098747253
13415,0,0,0,0,0,0,0,0,0.5,0.03743760287761688,0.03743760287761688
13430,0,0,0,0,0,0,0,0,0.0,,
13434,0,0,0,0,0,0,0,0,1.0,0.19189044833183289,0.22325915098190308
13442,0,0,0,0,0,0,0,0,0.3333333333333333,0.14743679761886597,0.14743679761886597
13471,0,0,0,0,0,0,1,0,1.0,0.15821537375450134,0.1852906346321106
13472,0,0,0,0,0,0,0,0,0.5,0.21457862854003906,0.21457862854003906
13473,0,0,0,0,0,0,1,1,0.5,0.08516979962587357,0.08516979962587357
13475,0,0,0,0,0,0,0,0,1.0,0.33527565002441406,0.34420090913772583
13476,0,0,0,0,0,0,0,0,0.0,,
13477,0,0,0,0,0,0,0,0,1.0,0.2834751009941101,0.2834751009941101
13479,0,0,0,0,0,0,0,0,0.5,0.1934988647699356,0.1934988647699356
13480,0,0,1,0,0,0,0,1,1.0,0.10954121500253677,0.16246500611305237
13482,1,1,0,0,0,0,0,0,1.0,0.16193854808807373,0.16193854808807373
13483,0,0,0,0,0,0,0,0,1.0,0.3296380043029785,0.3296380043029785
13484,0,0,0,0,0,0,0,0,0.6666666666666666,0.06012372672557831,0.10314096510410309
13485,0,0,0,0,0,0,0,0,0.0,,
13486,0,0,0,0,0,0,0,0,0.3333333333333333,0.2767581045627594,0.2767581045627594
13488,0,0,0,0,0,0,0,0,0.5,0.05019063875079155,0.05019063875079155
13494,0,0,0,0,0,0,0,0,0.0,,
13495,0,0,0,0,0,0,0,0,0.0,,
13496,0,0,0,0,0,0,0,0,0.6666666666666666,0.29963716864585876,0.44488847255706787
13497,0,0,0,0,0,0,0,0,1.0,0.19491301476955414,0.24654313921928406
13498,0,0,0,0,0,0,0,0,0.0,,
13499,0,0,0,0,0,0,0,0,0.5,0.34201544523239136,0.34201544523239136
13500,0,0,0,0,0,0,0,0,0.0,,
13501,0,0,0,0,0,0,0,0,0.0,,
13502,0,0,0,1,0,0,0,0,1.0,0.17702580988407135,0.21365094184875488
13503,0,0,0,0,0,0,0,0,0.0,,
13504,0,0,0,0,0,0,0,0,0.0,,
13505,0,0,0,0,0,0,0,0,1.0,0.22184346616268158,0.2557693123817444
13506,0,0,0,0,0,0,0,0,0.0,,
13507,0,0,0,0,0,0,0,0,0.5,0.4219350814819336,0.4219350814819336
13508,0,0,0,0,0,0,0,1,1.0,0.2114003449678421,0.22121626138687134
13509,0,0,0,0,0,0,0,0,1.0,0.2443791925907135,0.2443791925907135
13511,0,0,0,0,0,0,0,0,1.0,0.12111471593379974,0.13054543733596802
13512,0,0,0,0,0,0,0,0,1.0,0.09149013459682465,0.09503293037414551
13516,0,0,0,0,0,0,0,0,1.0,0.2799077033996582,0.2799077033996582
13519,0,0,0,0,0,0,0,0,1.0,0.2244919389486313,0.25115907192230225
13520,0,0,0,0,0,0,0,0,1.0,0.3988491892814636,0.3988491892814636
13522,1,1,0,1,0,0,0,0,1.0,0.30653467774391174,0.34746623039245605
13523,0,0,0,0,0,0,0,0,1.0,0.19481158256530762,0.19481158256530762
13524,0,0,0,0,0,0,0,0,1.0,0.04963728412985802,0.07252956926822662
13525,0,0,0,0,0,0,0,0,0.0,,
13532,0,0,0,0,0,0,0,0,0.0,,
13536,0,0,0,0,0,0,0,0,1.0,0.12564697861671448,0.12564697861671448
13548,0,0,0,0,0,0,0,0,1.0,0.15440461039543152,0.15440461039543152
13549,0,0,1,0,0,0,0,1,1.0,0.3176059126853943,0.34587639570236206
13557,0,0,0,1,0,0,0,0,0.5,0.15279564261436462,0.15279564261436462
13570,0,0,0,0,0,0,0,0,0.0,,
13572,0,0,0,0,0,0,0,0,0.0,,
13573,0,0,0,0,0,0,0,0,0.0,,
13579,0,0,0,0,0,0,0,0,1.0,0.45175042748451233,0.45175042748451233
13601,0,0,0,0,0,0,0,0,0.0,,
13610,0,0,0,0,0,0,0,0,0.0,,
13616,0,0,0,0,0,0,0,1,0.5,0.20226967334747314,0.20226967334747314
13620,0,0,0,0,0,0,0,0,1.0,0.24235054850578308,0.24235054850578308
13627,0,0,0,0,0,0,1,0,0.5,0.16404670476913452,0.16404670476913452
13642,0,0,0,0,0,0,0,0,0.0,,
13671,0,0,0,0,0,0,0,0,0.0,,
13672,0,0,0,0,0,0,0,0,0.0,,
13673,0,0,0,0,0,0,0,0,0.0,,
13674,0,0,0,1,0,0,1,0,1.0,0.056727420538663864,0.056727420538663864
13705,0,0,0,0,0,0,0,0,1.0,0.09367981553077698,0.1127663254737854
13089,0,0,0,0,0,0,0,0,1.0,0.10054565966129303,0.1572030484676361
13090,0,0,0,0,0,0,0,0,,,
13091,0,0,0,0,0,0,0,0,0.0,,
13150,0,0,0,0,0,0,0,0,1.0,0.09211370348930359,0.09211370348930359
13159,0,0,0,0,0,0,0,0,1.0,0.18751943111419678,0.18751943111419678
13163,0,0,0,0,0,0,0,0,1.0,0.1931232213973999,0.3243420422077179
13173,0,0,0,0,0,0,0,0,1.0,0.08267073333263397,0.08267073333263397
13230,0,0,0,0,0,0,0,0,1.0,0.16770395636558533,0.16770395636558533
13235,0,0,0,0,0,0,0,0,1.0,0.12087862938642502,0.17691472172737122
13306,0,0,0,0,0,0,0,0,,,
13307,0,0,0,1,0,0,0,1,1.0,0.25076594948768616,0.2577771246433258
13330,0,0,0,0,0,0,0,0,1.0,0.10227855294942856,0.10227855294942856
13338,0,0,1,0,0,0,0,1,1.0,0.32639700174331665,0.43200814723968506
13413,0,0,0,0,0,0,0,0,,,
13435,0,0,0,0,0,0,0,0,1.0,0.05627300217747688,0.0839475765824318
13481,0,0,0,1,0,0,0,0,1.0,0.3044240474700928,0.3570322096347809
13732,0,0,0,0,0,0,0,0,1.0,0.06432195752859116,0.06432195752859116
19888,0,0,0,0,0,0,0,0,1.0,0.10395166277885437,0.16391155123710632
19890,0,0,0,1,1,0,0,0,1.0,0.2953113615512848,0.2953113615512848
19925,0,0,0,1,0,0,0,0,1.0,0.2756439745426178,0.41621267795562744
19932,0,0,0,0,0,0,0,0,1.0,0.06824688613414764,0.06824688613414764
21720,1,1,0,0,0,0,0,0,1.0,0.27407151460647583,0.4293196499347687
21727,0,0,0,0,0,0,0,0,0.0,,
21733,0,0,0,0,1,0,0,0,1.0,0.32487204670906067,0.32487204670906067
21737,0,0,0,0,0,0,0,0,1.0,0.29709452390670776,0.32013922929763794
21766,0,0,0,0,0,0,0,0,1.0,0.08950598537921906,0.08950598537921906
21767,0,0,0,0,0,0,0,0,0.0,,
21768,0,0,0,0,0,0,0,0,1.0,0.06328678131103516,0.06328678131103516
21769,0,0,1,1,0,0,0,0,1.0,0.2502940893173218,0.25845712423324585
21770,0,0,0,0,0,0,0,0,1.0,0.21800589561462402,0.21800589561462402
21771,0,0,0,1,0,0,0,0,1.0,0.3477938175201416,0.3888525366783142
21772,0,0,0,0,0,0,0,0,1.0,0.18133455514907837,0.2945234775543213
21777,0,0,0,0,0,0,0,0,0.0,,
21781,0,0,0,0,0,0,0,0,0.5,0.30606311559677124,0.30606311559677124
21782,0,0,0,0,1,0,0,0,1.0,0.3540835380554199,0.39163127541542053
21784,0,0,0,0,0,0,0,0,1.0,0.1012987345457077,0.13805192708969116
21787,0,0,0,0,0,0,0,0,1.0,0.26808375120162964,0.2992054522037506
21788,0,0,0,1,0,0,0,1,1.0,0.2306208610534668,0.33693763613700867
21789,0,0,0,0,0,0,0,0,0.6666666666666666,0.24189160764217377,0.33421266078948975
21790,0,0,0,0,0,0,0,0,1.0,0.007601476274430752,0.007601476274430752
21791,0,0,0,0,0,0,0,0,1.0,0.25789642333984375,0.25789642333984375
21793,0,0,0,1,0,0,0,0,1.0,0.29211369156837463,0.44541722536087036
21794,0,0,0,1,0,0,0,0,1.0,0.18018180131912231,0.18018180131912231
21795,0,0,0,0,0,0,0,0,1.0,0.24010807275772095,0.2829136848449707
21799,0,0,0,0,0,0,0,1,1.0,0.2871990203857422,0.358975350856781
21800,0,0,0,0,0,0,0,0,1.0,0.35167527198791504,0.39194250106811523
21802,0,0,0,1,0,0,0,0,1.0,0.10779130458831787,0.12362667173147202
21805,0,0,0,0,0,0,0,0,0.0,,
21810,0,0,0,1,0,0,0,0,0.8,0.15465857088565826,0.30886536836624146
21811,0,0,0,1,1,0,0,0,1.0,0.2316681444644928,0.27774229645729065
21812,0,0,0,0,0,0,0,0,1.0,0.24505716562271118,0.24505716562271118
21813,0,0,0,0,0,0,0,0,1.0,0.16909250617027283,0.2919667065143585
21814,0,0,0,0,0,0,0,1,0.5,0.22822168469429016,0.22822168469429016
21815,0,0,0,0,0,0,0,0,1.0,0.1909954696893692,0.20382913947105408
21816,0,0,0,0,1,0,1,0,1.0,0.3368569314479828,0.3601648211479187
21817,0,0,0,1,0,0,0,0,1.0,0.36610913276672363,0.4403471350669861
21827,0,0,0,0,0,0,0,0,0.5,0.34649890661239624,0.34649890661239624
21828,0,0,0,1,0,0,0,0,1.0,0.19485263526439667,0.2855197787284851
21829,0,0,0,0,0,0,0,0,0.5,0.157735675573349,0.157735675573349
21831,0,0,0,1,0,0,0,0,1.0,0.36434268951416016,0.36434268951416016
21839,0,0,0,0,0,0,0,0,1.0,0.13160251080989838,0.13160251080989838
21847,0,0,0,0,0,0,0,0,0.5,0.4334087073802948,0.4334087073802948
21848,0,0,0,0,0,0,0,0,1.0,0.16073009371757507,0.16073009371757507
21852,0,0,0,0,0,0,0,0,,,
21855,0,0,1,0,0,0,0,1,1.0,0.2400985211133957,0.2400985211133957
21856,0,0,0,0,0,0,1,0,1.0,0.25116103887557983,0.3249306380748749
21857,0,0,0,1,0,0,0,0,1.0,0.41674602031707764,0.41674602031707764
21858,0,0,0,0,0,0,0,0,1.0,0.13829313218593597,0.18689978122711182
21860,0,0,0,1,1,1,0,0,1.0,0.1008550301194191,0.13976117968559265
21862,0,0,0,0,1,0,0,0,1.0,0.11140834540128708,0.11140834540128708
21863,0,0,0,0,0,0,0,0,1.0,0.32148289680480957,0.32148289680480957
21864,0,0,0,0,0,0,0,1,1.0,0.3260926604270935,0.3260926604270935
21881,0,0,1,1,1,0,1,0,1.0,0.3487241268157959,0.37840527296066284
21882,0,0,0,0,0,0,0,0,1.0,0.2487126886844635,0.3296874463558197
21883,0,0,0,0,0,0,0,0,0.5,0.28330451250076294,0.28330451250076294
21885,0,0,0,0,0,0,0,0,1.0,0.11711756885051727,0.11711756885051727
21894,0,0,0,1,1,0,0,0,1.0,0.32383182644844055,0.44265860319137573
21895,0,0,0,0,0,0,0,1,1.0,0.10508788377046585,0.15519355237483978
21896,0,0,0,0,1,0,0,0,1.0,0.20029693841934204,0.27432024478912354
21897,0,0,0,1,0,0,0,0,1.0,0.10970281809568405,0.13002729415893555
21898,0,0,0,0,0,0,0,0,1.0,0.14701269567012787,0.14701269567012787
21899,0,0,0,0,0,0,0,0,1.0,0.10640595108270645,0.1433640867471695
21900,0,0,0,0,0,0,0,0,1.0,0.17949938774108887,0.19774386286735535
21901,0,0,0,0,0,0,0,0,1.0,0.24975064396858215,0.3083276152610779
21902,0,0,0,0,0,0,1,0,1.0,0.20666100084781647,0.36535245180130005
21903,0,0,0,0,0,0,0,0,1.0,0.32627010345458984,0.32627010345458984
21906,0,0,0,0,0,0,0,0,1.0,0.15518124401569366,0.29325002431869507
21909,0,0,0,0,0,0,0,0,1.0,0.10031098872423172,0.10031098872423172
21914,0,0,0,0,0,0,0,0,1.0,0.12870308756828308,0.12870308756828308
21915,0,0,0,0,0,0,0,0,1.0,0.24854286015033722,0.24854286015033722
21916,0,0,0,0,0,0,0,0,1.0,0.28943562507629395,0.44581925868988037
21917,0,0,0,0,0,0,0,1,1.0,0.1931685358285904,0.20220327377319336
21930,0,0,0,0,0,0,1,0,0.5,0.22799387574195862,0.22799387574195862
21932,0,0,0,0,1,1,0,0,1.0,0.11239767074584961,0.11239767074584961
21947,0,0,0,0,0,0,0,0,0.5,0.4267497658729553,0.4267497658729553
21949,0,0,0,1,0,0,0,1,1.0,0.4038478434085846,0.6436012983322144
21950,0,0,0,1,0,0,0,0,1.0,0.2255955934524536,0.33886903524398804
21956,0,0,0,0,0,0,0,0,,,
21957,0,0,0,1,0,0,0,0,0.5,0.09335977584123611,0.09335977584123611
21958,0,0,0,0,0,0,0,0,1.0,0.09995898604393005,0.1732386350631714
21959,0,0,0,1,0,0,0,1,1.0,0.1535896360874176,0.16113042831420898
21962,0,0,0,0,0,0,0,0,0.0,,
21963,0,0,0,0,0,0,0,0,1.0,0.17333552241325378,0.20382995903491974
21969,0,0,0,0,0,0,0,0,0.5,0.12694190442562103,0.12694190442562103
21979,0,0,0,0,0,0,0,0,1.0,0.29622578620910645,0.5167480707168579
21984,0,0,0,0,0,0,1,0,1.0,0.1975632905960083,0.27951639890670776
21985,0,0,0,0,0,0,0,0,1.0,0.2810417711734772,0.3415079116821289
21986,0,0,0,0,0,0,0,0,1.0,0.28678804636001587,0.28678804636001587
21988,0,0,0,0,0,0,0,0,1.0,0.386762410402298,0.4703160524368286
21992,0,0,0,0,1,0,0,1,1.0,0.32105690240859985,0.3343961536884308
21993,0,0,0,0,0,0,0,0,1.0,0.08215733617544174,0.08215733617544174
21996,0,0,0,1,0,0,1,1,1.0,0.26171308755874634,0.3066459894180298
21997,0,0,0,0,0,0,0,0,1.0,0.18841250240802765,0.2239355891942978
21998,0,0,0,1,0,0,0,1,1.0,0.30778270959854126,0.3800366520881653
21999,0,0,0,0,0,0,0,0,1.0,0.1983388066291809,0.1983388066291809
22001,0,0,0,0,0,0,0,0,1.0,0.09123332798480988,0.09728695452213287
22002,0,0,0,0,0,0,0,0,1.0,0.25152143836021423,0.3340451419353485
22003,0,0,0,0,0,0,0,0,1.0,0.22700971364974976,0.22700971364974976
22004,0,0,0,1,0,0,1,1,1.0,0.171036958694458,0.23633268475532532
22007,0,0,0,1,0,1,0,0,1.0,0.19372069835662842,0.23780307173728943
22008,0,0,0,0,0,0,0,0,1.0,0.33478936553001404,0.3540703058242798
22021,0,0,0,0,0,0,0,0,1.0,0.36696863174438477,0.36696863174438477
22022,0,0,0,0,0,0,0,0,0.5,0.1376737654209137,0.1376737654209137
22026,0,0,0,0,0,0,0,1,1.0,0.33063316345214844,0.3598190248012543
22032,1,1,0,0,0,0,0,0,1.0,0.07861844450235367,0.07861844450235367
22033,0,0,0,0,0,0,0,0,1.0,0.29440397024154663,0.30003249645233154
22037,0,0,0,0,0,0,0,0,1.0,0.28330621123313904,0.30477848649024963
22042,0,0,0,0,0,0,0,0,0.0,,
22043,0,0,0,0,1,1,0,0,1.0,0.3159691393375397,0.3359825611114502
22044,0,0,0,0,0,1,0,1,1.0,0.2387208342552185,0.2387208342552185
22045,0,0,0,0,0,0,0,0,,,
22046,0,0,0,0,0,0,0,0,1.0,0.21990355849266052,0.2885459363460541
22047,0,0,0,0,0,0,0,0,1.0,0.06624241173267365,0.06624241173267365
22048,0,0,0,0,0,0,0,1,1.0,0.05133287236094475,0.08829069882631302
22049,0,0,0,1,0,0,0,0,1.0,0.19271962344646454,0.19271962344646454
22050,0,0,0,1,0,0,0,0,1.0,0.22404326498508453,0.22404326498508453
22052,0,0,0,0,0,0,0,0,0.5,0.04290083795785904,0.04290083795785904
22053,0,0,0,0,0,0,0,0,1.0,0.07107558846473694,0.08269013464450836
22054,0,0,0,0,0,0,0,0,1.0,0.21819061040878296,0.21819061040878296
22055,0,0,0,0,0,0,0,0,1.0,0.14616963267326355,0.14616963267326355
22062,0,0,0,0,0,0,1,0,0.6666666666666666,0.1465100646018982,0.1537398397922516
22063,0,0,0,0,0,0,0,0,0.0,,
22075,0,0,0,0,0,0,0,0,1.0,0.14366674423217773,0.14366674423217773
22076,0,0,0,1,0,0,0,0,1.0,0.3469599187374115,0.4248729944229126
22077,0,0,0,0,0,0,0,0,1.0,0.18875527381896973,0.2983587980270386
22078,0,0,0,0,0,0,0,0,1.0,0.23355713486671448,0.23355713486671448
22079,0,0,0,0,0,0,0,0,1.0,0.2565276622772217,0.2565276622772217
22080,0,0,0,0,0,0,0,1,1.0,0.2915163040161133,0.4022004306316376
22082,0,0,0,0,0,0,0,0,1.0,0.13278749585151672,0.15144987404346466
22083,0,0,1,0,0,0,1,0,0.5,0.22027404606342316,0.2987727224826813
22084,0,0,0,0,0,0,0,0,1.0,0.12297165393829346,0.1504378616809845
22088,0,0,0,1,0,0,0,1,1.0,0.18215031921863556,0.23516947031021118
22091,0,0,0,0,0,0,0,0,1.0,0.14161571860313416,0.20266111195087433
22092,0,0,0,0,0,0,0,0,1.0,0.11590749025344849,0.20062324404716492
22101,1,1,0,0,0,0,0,0,1.0,0.3083239495754242,0.3083239495754242
22106,0,0,0,0,0,0,0,0,1.0,0.2433866411447525,0.2794954180717468
22108,0,0,0,0,0,0,0,0,1.0,0.24032378196716309,0.2781929075717926
22111,0,0,0,0,0,0,0,0,1.0,0.262432336807251,0.262432336807251
22124,0,0,0,0,0,0,0,0,1.0,0.2848718762397766,0.2848718762397766
22126,0,0,0,0,0,0,0,0,1.0,0.3363212049007416,0.35406357049942017
22131,0,0,0,1,0,0,0,0,1.0,0.1975148320198059,0.23233595490455627
22141,0,0,0,0,0,0,1,0,1.0,0.22361966967582703,0.3722887635231018
22148,0,0,0,1,0,0,0,0,1.0,0.2006354033946991,0.2965604066848755
22151,0,0,0,1,0,0,0,0,1.0,0.3443698287010193,0.3613954484462738
22152,0,0,0,0,0,0,0,0,1.0,0.06148100271821022,0.07731007039546967
22174,0,0,0,1,0,0,0,0,1.0,0.31546327471733093,0.3611888289451599
22184,0,0,0,1,0,0,0,0,1.0,0.09197216480970383,0.13124096393585205
22195,0,0,0,0,0,0,0,0,0.5,0.06458678841590881,0.06458678841590881
22196,0,0,0,0,0,0,0,1,1.0,0.1369398832321167,0.15353275835514069
22205,0,0,0,0,0,0,0,0,1.0,0.12101604044437408,0.12101604044437408
22206,0,0,1,0,1,1,1,1,1.0,0.2113109976053238,0.3578031361103058
22207,0,0,0,0,0,0,0,0,0.5,0.5751401782035828,0.5751401782035828
22217,0,0,0,1,0,0,0,0,1.0,0.21229688823223114,0.21229688823223114
22218,0,0,0,0,0,0,0,0,1.0,0.06675053387880325,0.10188212990760803
22228,0,0,0,0,0,0,0,0,0.5,0.05847068876028061,0.05847068876028061
22238,0,0,1,1,0,0,0,1,1.0,0.24259522557258606,0.2455359399318695
22241,0,0,0,0,0,0,0,0,1.0,0.09987130016088486,0.21521756052970886
22246,0,0,0,1,0,0,1,0,1.0,0.13445214927196503,0.13445214927196503
22247,0,0,1,1,0,0,0,1,1.0,0.33075574040412903,0.46372419595718384
22248,1,1,1,0,0,0,0,1,1.0,0.3984065055847168,0.43294593691825867
22249,0,0,1,0,0,0,0,0,1.0,0.1641579270362854,0.33707696199417114
22250,0,0,0,0,0,0,0,0,1.0,0.09433551132678986,0.1268930733203888
22251,0,0,0,0,0,0,0,0,0.5,0.05987193435430527,0.05987193435430527
22252,0,0,0,0,0,0,0,0,1.0,0.2411649525165558,0.34316548705101013
22256,0,0,0,0,0,0,0,0,0.6666666666666666,0.13473644852638245,0.15349629521369934
22257,0,0,0,1,0,0,0,0,1.0,0.3119177222251892,0.4421788454055786
22260,0,0,0,1,0,0,0,0,1.0,0.16690948605537415,0.1738058179616928
22266,0,0,0,1,0,0,0,0,0.5,0.1894654631614685,0.1894654631614685
22267,0,0,0,0,0,0,0,0,1.0,0.1495547592639923,0.2369680404663086
22268,0,0,0,0,0,0,1,0,1.0,0.3904959261417389,0.3904959261417389
22269,0,0,0,1,0,0,0,0,1.0,0.274588406085968,0.274588406085968
22272,0,0,0,0,0,0,0,0,1.0,0.09843132644891739,0.1016199067234993
22273,0,0,0,0,0,0,0,1,1.0,0.2176428586244583,0.2899644374847412
22277,0,0,0,1,0,0,0,0,1.0,0.24365656077861786,0.3515869081020355
22278,0,0,0,0,0,0,0,0,0.75,0.17591436207294464,0.29200708866119385
22294,0,0,0,1,0,0,1,0,1.0,0.12890908122062683,0.16270458698272705
22301,0,0,0,1,0,0,0,1,1.0,0.1510225534439087,0.2563984990119934
22303,0,0,0,0,0,0,0,0,1.0,0.3488261103630066,0.4352738857269287
22305,0,0,0,0,1,0,0,0,1.0,0.2457943558692932,0.35412362217903137
22306,0,0,0,0,1,0,0,0,1.0,0.3066618740558624,0.3066618740558624
22307,0,0,0,1,0,0,0,0,0.75,0.07783246785402298,0.1961245834827423
22319,0,0,1,0,0,1,0,0,1.0,0.22680947184562683,0.3400117754936218
22321,0,0,0,0,0,0,0,0,1.0,0.04372389614582062,0.07645431160926819
22322,0,0,0,1,0,0,0,0,0.5,0.3837876319885254,0.3837876319885254
22323,0,0,0,0,0,0,0,0,1.0,0.2833746075630188,0.2833746075630188
22327,0,0,0,0,0,0,0,0,0.0,,
22334,0,0,0,0,0,1,0,0,1.0,0.35897156596183777,0.4530700445175171
22353,0,0,0,1,0,0,0,0,1.0,0.17133478820323944,0.22685506939888
22470,0,0,0,1,0,0,0,0,1.0,0.17606227099895477,0.1972801387310028
22533,0,0,0,0,0,0,0,0,1.0,0.09286928176879883,0.11812007427215576
22565,0,0,0,0,0,0,0,1,1.0,0.11019160598516464,0.12452325224876404
22566,0,0,0,0,0,0,0,0,1.0,0.16797761619091034,0.2236504852771759
22579,0,0,0,0,0,0,1,0,1.0,0.2481265664100647,0.2759947180747986
22581,0,0,0,0,0,0,0,0,0.6666666666666666,0.12653884291648865,0.14206349849700928
22591,0,0,0,0,0,0,0,0,0.6666666666666666,0.18770639598369598,0.19065925478935242
22600,0,0,0,1,0,0,0,0,1.0,0.21179059147834778,0.21179059147834778
22608,0,0,0,1,0,0,0,1,1.0,0.21900062263011932,0.3225473463535309
22612,0,0,0,0,0,0,0,0,1.0,0.1398833841085434,0.23598143458366394
22617,0,0,0,0,0,0,0,0,1.0,0.43640369176864624,0.43640369176864624
22618,0,0,0,0,0,0,0,1,1.0,0.3602330684661865,0.453965961933136
22624,0,0,1,0,0,0,0,0,1.0,0.13689982891082764,0.16126355528831482
22625,0,0,0,0,0,0,0,0,0.0,,
22627,0,0,0,0,0,0,0,0,0.0,,
22630,0,0,0,0,0,0,0,0,,,
22632,0,0,0,0,0,0,0,1,0.6666666666666666,0.1978144347667694,0.22701722383499146
22638,0,0,0,0,0,0,0,0,1.0,0.21589559316635132,0.2935342788696289
22640,0,0,0,0,0,0,0,0,1.0,0.20221157371997833,0.28028005361557007
22652,0,0,0,0,0,0,0,0,1.0,0.17993423342704773,0.3003803491592407
22656,0,0,1,1,0,0,0,0,1.0,0.14544689655303955,0.16718225181102753
22658,0,0,0,0,0,0,0,0,1.0,0.20490209758281708,0.2670229971408844
22659,0,0,0,0,1,1,0,0,1.0,0.11760445684194565,0.11760445684194565
22660,0,0,0,0,0,0,0,0,1.0,0.28706687688827515,0.30265340209007263
22661,0,0,0,0,0,0,0,0,1.0,0.14144565165042877,0.21660560369491577
22662,0,0,0,0,0,0,0,0,0.5,0.076221764087677,0.076221764087677
22663,0,0,0,1,0,0,0,0,0.5,0.2882075011730194,0.2882075011730194
22664,0,0,0,1,0,0,0,1,1.0,0.33270809054374695,0.4089012145996094
22665,0,0,0,0,0,0,0,1,1.0,0.2454390525817871,0.26898425817489624
22666,0,0,0,0,0,0,0,0,0.0,,
22667,0,0,0,1,0,0,0,0,1.0,0.15760375559329987,0.23268818855285645
22668,0,0,0,0,0,0,0,0,1.0,0.08742580562829971,0.15385523438453674
22669,0,0,0,0,0,0,0,0,1.0,0.23359090089797974,0.26213860511779785
22670,0,0,0,0,0,0,0,0,0.0,,
22671,0,0,0,1,0,0,0,0,1.0,0.38785484433174133,0.4103463888168335
22672,0,0,0,0,0,0,0,0,0.5,0.26301705837249756,0.26301705837249756
22673,0,0,0,1,0,0,1,1,1.0,0.21293827891349792,0.22399228811264038
22674,0,0,0,0,1,0,0,1,1.0,0.28526100516319275,0.28526100516319275
22675,1,1,1,0,0,0,0,1,0.75,0.16651612520217896,0.19797158241271973
22676,0,0,0,1,0,0,0,1,1.0,0.25712138414382935,0.25933945178985596
22677,0,0,1,1,0,0,0,1,1.0,0.36267367005348206,0.5163742303848267
22681,0,0,0,0,0,0,0,0,1.0,0.296251118183136,0.296251118183136
22693,0,0,0,1,0,0,0,0,1.0,0.13093696534633636,0.13093696534633636
22695,0,0,0,0,0,0,0,0,0.5,0.16326041519641876,0.16326041519641876
22696,0,0,0,0,0,0,0,0,0.0,,
22698,0,0,0,0,0,0,0,0,1.0,0.06743542104959488,0.06743542104959488
22699,0,0,0,0,0,0,0,0,0.6666666666666666,0.058256350457668304,0.08074367791414261
22700,0,0,0,0,0,0,0,0,0.0,,
22701,0,0,0,1,0,0,0,0,1.0,0.1518438756465912,0.20565998554229736
22702,0,0,0,0,1,0,0,0,1.0,0.09700479358434677,0.14122538268566132
22703,0,0,0,0,0,0,0,0,1.0,0.48050540685653687,0.511699378490448
22704,0,0,0,1,0,0,0,0,1.0,0.44535237550735474,0.4851236045360565
22705,0,0,0,0,0,0,1,0,1.0,0.30661940574645996,0.37204644083976746
22706,0,0,0,0,1,0,0,1,1.0,0.1996348798274994,0.27093297243118286
22707,0,0,0,0,0,0,0,0,1.0,0.06955324113368988,0.08725858479738235
22708,0,0,0,0,0,0,0,0,1.0,0.406529039144516,0.41663026809692383
22709,0,0,0,0,0,0,0,0,0.0,,
22710,0,0,0,0,0,1,1,0,0.75,0.17736554145812988,0.28532251715660095
22711,0,0,0,1,0,1,0,0,1.0,0.1751880645751953,0.1800657957792282
22712,0,0,0,1,0,0,0,1,1.0,0.10631439834833145,0.13144870102405548
22713,0,0,0,0,0,0,0,0,0.5,0.1242678314447403,0.1242678314447403
22714,0,0,0,1,0,0,0,0,1.0,0.2866690158843994,0.2936180830001831
22715,0,0,0,0,0,0,0,0,1.0,0.30934613943099976,0.3422900438308716
22717,0,0,0,0,0,0,0,0,1.0,0.14967790246009827,0.16374284029006958
22718,0,0,0,0,0,0,0,0,0.0,,
22719,0,0,0,1,0,0,0,0,1.0,0.3427307605743408,0.5031866431236267
22720,1,1,0,0,0,0,0,0,1.0,0.1767946183681488,0.1767946183681488
22721,0,0,0,0,0,0,0,0,0.0,,
22722,0,0,0,0,0,0,0,0,0.0,,
22738,0,0,0,0,0,0,0,0,1.0,0.2590377628803253,0.27817270159721375
22741,0,0,0,0,0,0,0,0,1.0,0.19651249051094055,0.26144006848335266
22742,0,0,0,0,0,0,0,1,0.6666666666666666,0.17801962792873383,0.23327243328094482
22743,0,0,0,0,1,0,0,1,1.0,0.2934066653251648,0.3381432294845581
22744,0,0,0,0,0,1,0,0,1.0,0.11531864106655121,0.1941019892692566
22745,0,0,0,0,0,0,0,0,1.0,0.07686790823936462,0.09911041706800461
22750,0,0,0,1,0,0,0,0,0.5,0.23404447734355927,0.23404447734355927
22751,0,0,0,0,0,0,0,0,0.0,,
22752,0,0,0,1,0,1,0,1,1.0,0.17778022587299347,0.21847261488437653
22755,0,0,0,0,0,0,0,0,1.0,0.3779682517051697,0.4135791063308716
22764,0,0,0,0,0,0,0,0,1.0,0.29355084896087646,0.3736433982849121
22771,0,0,0,1,0,0,0,0,1.0,0.17567329108715057,0.3209153711795807
22772,0,0,0,0,0,0,0,0,0.0,,
22773,0,0,0,0,0,0,0,0,1.0,0.23605796694755554,0.23605796694755554
22774,0,0,0,1,0,0,0,0,1.0,0.05808073282241821,0.09546850621700287
22775,0,0,0,0,0,0,0,1,0.5,0.017538584768772125,0.017538584768772125
22776,0,0,0,0,0,0,0,1,1.0,0.21922050416469574,0.29428279399871826
22777,0,0,0,0,0,0,0,0,1.0,0.028187105432152748,0.037486545741558075
22778,0,0,0,0,0,0,0,0,1.0,0.23013776540756226,0.40661683678627014
22779,0,0,0,1,0,0,0,0,1.0,0.19383811950683594,0.19383811950683594
22780,0,0,0,0,0,0,0,0,1.0,0.3601493239402771,0.5314812064170837
22781,0,0,0,0,0,0,0,1,1.0,0.2984656095504761,0.31237512826919556
22782,0,0,0,0,0,0,0,0,0.0,,
22783,0,0,0,0,0,0,0,0,0.5,0.19128723442554474,0.19128723442554474
22784,0,0,0,1,0,0,0,0,1.0,0.21974046528339386,0.22909629344940186
22785,0,0,0,0,0,0,0,0,1.0,0.09690442681312561,0.09690442681312561
22786,0,0,0,1,0,0,0,0,1.0,0.301082581281662,0.301082581281662
22787,0,0,0,0,0,0,0,1,1.0,0.15210282802581787,0.218237966299057
22788,0,0,0,0,0,0,1,0,1.0,0.12797890603542328,0.23774054646492004
22789,0,0,0,0,0,0,0,0,1.0,0.2518862187862396,0.3614417612552643
22790,0,0,0,0,0,0,0,0,0.5,0.3187503516674042,0.3187503516674042
22791,0,0,0,0,0,0,0,1,1.0,0.3358916640281677,0.3515316843986511
22792,0,0,0,0,0,0,1,0,1.0,0.20666159689426422,0.20666159689426422
22796,0,0,0,0,0,0,0,0,1.0,0.2119448482990265,0.2119448482990265
22797,0,0,0,0,0,0,0,0,1.0,0.1822201907634735,0.2740604877471924
22806,0,0,0,1,0,0,0,0,1.0,0.21261869370937347,0.23836436867713928
22823,0,0,0,0,0,0,0,0,1.0,0.14843465387821198,0.1682400405406952
22826,0,0,0,0,0,0,0,0,,,
22827,0,0,0,1,0,0,0,1,1.0,0.3095194697380066,0.3095194697380066
22828,0,0,1,0,0,0,0,0,1.0,0.2696305513381958,0.2696305513381958
22829,0,0,0,1,0,0,0,0,0.6666666666666666,0.20271989703178406,0.3042566776275635
22830,1,1,0,0,0,0,0,0,0.5,0.14469824731349945,0.227073073387146
22831,0,0,0,0,0,0,0,0,0.0,,
22832,0,0,0,0,0,1,0,0,1.0,0.41913723945617676,0.41913723945617676
22833,0,0,0,0,0,0,0,1,1.0,0.4519871473312378,0.470614492893219
22834,0,0,0,0,0,0,0,0,1.0,0.11057566851377487,0.12553560733795166
22835,0,0,0,0,0,0,0,0,1.0,0.12214440107345581,0.1391453742980957
22836,0,0,0,0,0,0,0,0,1.0,0.3000193238258362,0.4211989939212799
22840,0,0,0,0,0,0,0,0,0.3333333333333333,-0.014711219817399979,-0.014711219817399979
22841,0,0,0,0,0,0,0,0,0.5,0.25779688358306885,0.25779688358306885
22842,0,0,0,0,0,0,0,0,1.0,0.16765034198760986,0.25193071365356445
22843,0,0,0,0,1,0,0,0,1.0,0.1126735657453537,0.1126735657453537
22844,0,0,0,0,0,0,0,0,1.0,0.12075935304164886,0.18733757734298706
22846,0,0,0,1,0,0,0,0,1.0,0.1474907547235489,0.2570420801639557
22850,0,0,0,0,0,0,0,0,0.0,,
22853,0,0,0,0,0,0,0,0,0.0,,
22854,1,1,0,1,0,0,0,0,1.0,0.31268614530563354,0.3153400123119354
22855,0,0,0,0,0,0,0,0,0.0,,
22856,0,0,0,0,0,0,0,0,0.3333333333333333,0.41757214069366455,0.41757214069366455
22857,0,0,0,0,0,0,0,1,1.0,0.08839508891105652,0.1455424427986145
22861,0,0,0,0,0,0,0,0,1.0,0.203248530626297,0.20999452471733093
22866,0,0,0,0,0,0,0,0,1.0,0.1308256834745407,0.17148268222808838
22867,0,0,0,0,0,0,0,0,0.0,,
22869,0,0,0,0,0,0,0,1,1.0,0.15596291422843933,0.17225155234336853
22870,0,0,0,0,0,0,0,0,1.0,0.2911820113658905,0.35073429346084595
22875,0,0,0,0,0,0,0,0,1.0,0.24483869969844818,0.27483704686164856
22876,0,0,0,0,0,0,0,0,0.0,,
22878,0,0,0,0,0,0,0,0,1.0,0.1968734860420227,0.1968734860420227
22879,0,0,0,0,0,0,0,0,1.0,0.2782661020755768,0.2782661020755768
22880,0,0,0,0,0,0,0,0,1.0,0.3518349826335907,0.3518349826335907
22881,0,0,0,1,0,0,1,1,1.0,0.18471568822860718,0.18805938959121704
22882,0,0,1,0,0,0,0,0,1.0,0.19160716235637665,0.19160716235637665
22883,0,0,0,1,0,0,0,0,1.0,0.2307448834180832,0.26967304944992065
22884,0,0,0,0,0,0,0,0,1.0,0.10040096193552017,0.11985917389392853
22885,0,0,0,0,0,0,0,0,0.0,,
22887,0,0,0,1,0,0,0,0,1.0,0.3528766632080078,0.4294320046901703
22888,0,0,0,0,0,0,0,0,0.0,,
22889,0,0,0,0,0,0,0,0,,,
22890,0,0,0,0,0,0,0,0,0.6666666666666666,0.13202159106731415,0.14994314312934875
22902,0,0,0,0,0,0,0,0,1.0,0.22558534145355225,0.22558534145355225
22903,0,0,0,0,0,0,0,0,1.0,0.31994152069091797,0.31994152069091797
22905,0,0,0,0,0,0,0,0,1.0,0.12858077883720398,0.12858077883720398
22906,0,0,0,0,0,0,0,0,1.0,0.17836615443229675,0.2529006600379944
22934,0,0,0,0,0,0,1,1,1.0,0.2556406855583191,0.26371484994888306
22935,1,1,0,0,0,0,0,1,1.0,0.29809480905532837,0.3913375735282898
22942,0,0,0,0,0,0,0,0,0.5,0.09365254640579224,0.09365254640579224
22944,0,0,0,1,0,0,0,0,1.0,0.38489487767219543,0.4029552936553955
22947,0,0,1,0,0,0,0,1,1.0,0.1727304756641388,0.19306808710098267
22948,0,0,0,0,0,0,0,0,1.0,0.12947143614292145,0.12947143614292145
22951,0,0,0,0,0,0,0,1,1.0,0.24309541285037994,0.26726675033569336
22952,0,0,0,0,0,0,0,0,1.0,0.18355156481266022,0.2239551842212677
22953,0,0,0,0,0,0,0,0,1.0,0.03069252334535122,0.06692136824131012
22955,0,0,0,1,0,0,0,1,1.0,0.1521736979484558,0.23646748065948486
22957,0,0,1,0,0,0,0,1,1.0,0.15674972534179688,0.2274867445230484
22958,0,0,0,0,0,0,0,0,0.0,,
22968,0,0,0,0,0,0,0,1,1.0,0.2680371403694153,0.2680371403694153
22969,0,0,0,0,0,0,0,0,1.0,0.0654279887676239,0.0654279887676239
22970,0,0,0,0,0,0,0,0,0.5,0.2593519687652588,0.2593519687652588
22974,0,0,0,0,0,0,0,0,1.0,0.11322030425071716,0.15735603868961334
22975,0,0,0,0,0,0,0,0,0.5,0.14697757363319397,0.14697757363319397
22983,0,0,0,0,0,0,0,0,1.0,0.12039007246494293,0.12039007246494293
22985,0,0,0,0,0,0,0,0,1.0,0.2627141773700714,0.3181334137916565
22986,0,0,0,0,0,0,0,0,1.0,0.07573394477367401,0.07573394477367401
22987,0,0,0,0,0,0,0,0,0.0,,
22989,0,0,0,1,0,0,0,1,1.0,0.17365992069244385,0.19756393134593964
22990,0,0,0,0,0,0,0,0,1.0,0.20742660760879517,0.20742660760879517
22991,0,0,0,0,0,0,1,0,1.0,0.11823329329490662,0.15172052383422852
22995,0,0,0,0,0,0,0,0,0.3333333333333333,0.10834306478500366,0.10834306478500366
22996,0,0,0,0,0,0,0,0,0.5,0.6694331765174866,0.6694331765174866
22997,0,0,0,0,0,0,0,1,1.0,0.257051557302475,0.31265491247177124
23000,0,0,0,1,0,0,0,0,1.0,0.2772769331932068,0.2772769331932068
23008,0,0,0,0,0,0,0,0,1.0,0.22793036699295044,0.2478950023651123
23017,0,0,0,0,0,0,0,0,1.0,0.19744277000427246,0.19744277000427246
23036,0,0,0,0,0,0,1,0,1.0,0.05925338342785835,0.05925338342785835
23037,0,0,0,0,0,0,0,0,,,
23038,0,0,0,0,0,0,0,0,1.0,0.2813998758792877,0.29243725538253784
23041,0,0,0,1,0,0,0,0,1.0,0.5171893835067749,0.569756031036377
23042,0,0,0,0,0,0,0,0,0.6666666666666666,0.11027827858924866,0.14286069571971893
23048,0,0,0,0,0,0,0,0,0.0,,
23050,0,0,0,0,0,0,0,1,1.0,0.23816341161727905,0.34726956486701965
23052,0,0,0,0,0,0,1,0,0.6666666666666666,0.22065630555152893,0.31980210542678833
23053,0,0,0,0,0,0,0,0,0.0,,
23054,0,0,0,0,0,0,0,0,1.0,0.19522690773010254,0.19522690773010254
23056,0,0,0,0,0,0,0,0,1.0,0.1546567678451538,0.3069113492965698
23062,0,0,0,1,0,0,0,1,1.0,0.2601657509803772,0.28074952960014343
23063,0,0,0,0,0,0,0,0,1.0,0.289757639169693,0.289757639169693
23064,0,0,0,0,0,0,1,0,1.0,0.2577514350414276,0.32054901123046875
23065,0,0,0,0,0,0,0,1,1.0,0.36957427859306335,0.3712335228919983
23073,0,0,0,0,1,1,0,0,1.0,0.24694009125232697,0.2591426968574524
23074,0,0,0,0,0,0,0,0,1.0,0.2977789044380188,0.2977789044380188
23075,0,0,0,0,0,0,0,0,1.0,0.09646390378475189,0.09646390378475189
23084,0,0,0,1,0,0,0,0,1.0,0.22952429950237274,0.3252967298030853
23085,0,0,0,0,0,0,0,0,1.0,0.059440162032842636,0.059440162032842636
23096,0,0,0,0,0,0,0,0,0.5,0.12533502280712128,0.12533502280712128
23105,0,0,0,0,0,0,0,0,1.0,0.30241718888282776,0.3593076467514038
23121,0,0,0,0,1,0,0,0,1.0,0.19146090745925903,0.20266789197921753
23127,0,0,0,0,0,0,0,0,1.0,0.3414864242076874,0.3414864242076874
23128,0,0,0,0,0,0,0,1,1.0,0.19887441396713257,0.32333067059516907
23139,0,0,0,0,1,0,0,0,1.0,0.12604281306266785,0.18902407586574554
23146,0,0,0,0,0,0,0,1,1.0,0.17840394377708435,0.24605855345726013
23156,0,0,0,0,0,0,0,0,1.0,0.20067915320396423,0.20067915320396423
23162,0,0,0,0,0,0,0,0,1.0,0.10698620975017548,0.16771504282951355
23167,0,0,0,1,0,0,1,1,1.0,0.13763968646526337,0.20459964871406555
23174,0,0,0,1,0,0,0,0,0.5,0.27158698439598083,0.27158698439598083
23175,0,0,0,0,0,0,0,0,,,
23185,0,0,0,0,0,0,0,0,1.0,0.22544392943382263,0.29998451471328735
23186,0,0,0,0,0,0,0,0,1.0,0.10808316618204117,0.13576287031173706
23189,0,0,0,0,0,0,0,0,1.0,0.13773833215236664,0.23389436304569244
23190,0,0,0,0,1,0,0,0,1.0,0.18605834245681763,0.18605834245681763
23191,0,0,0,0,0,0,0,0,1.0,0.21109499037265778,0.24343989789485931
23193,0,0,0,1,0,0,0,0,0.5,0.1874788999557495,0.1874788999557495
23200,0,0,1,1,0,0,0,1,1.0,0.24657109379768372,0.3695436120033264
23202,0,0,0,1,0,0,0,0,0.5,0.10540322214365005,0.10540322214365005
23220,0,0,0,0,1,0,0,0,1.0,0.4261512756347656,0.4261512756347656
23226,0,0,0,0,0,0,0,0,1.0,0.2051212191581726,0.2051212191581726
23229,0,0,0,0,0,0,0,0,1.0,0.2978299856185913,0.31686240434646606
23236,0,0,0,1,0,0,0,0,1.0,0.11831161379814148,0.15249064564704895
23238,0,0,0,0,0,0,0,0,1.0,0.19541534781455994,0.19541534781455994
23239,0,0,0,0,0,0,0,0,1.0,0.16679686307907104,0.1977865993976593
23240,0,0,0,0,0,0,0,1,1.0,0.23498082160949707,0.28309836983680725
23242,0,0,0,1,0,0,1,0,1.0,0.27557599544525146,0.34704285860061646
23259,0,0,0,0,0,0,0,0,1.0,0.18734535574913025,0.273536741733551
23260,0,0,0,0,0,1,0,0,1.0,0.0828157365322113,0.16629384458065033
23261,0,0,0,0,0,0,0,0,0.3333333333333333,0.22072580456733704,0.22072580456733704
23263,0,0,0,0,1,0,0,0,1.0,0.3281388580799103,0.42049139738082886
23264,0,0,0,0,0,0,0,0,1.0,0.07377484440803528,0.07377484440803528
23265,0,0,0,0,0,0,0,0,0.5,0.2872086763381958,0.2872086763381958
23266,0,0,0,0,0,0,0,1,1.0,0.42917191982269287,0.48482125997543335
23268,0,0,0,0,1,0,0,1,1.0,0.2598109841346741,0.3438289165496826
23269,0,0,1,0,0,0,0,0,1.0,0.14738263189792633,0.15081754326820374
23270,0,0,1,0,0,0,0,1,1.0,0.3246156871318817,0.3951646685600281
23271,0,0,0,1,0,0,0,0,1.0,0.2000308781862259,0.23780204355716705
23276,0,0,0,0,0,0,0,0,1.0,0.2483462393283844,0.4149753451347351
23277,0,0,1,0,0,0,1,1,1.0,0.13828197121620178,0.19167140126228333
23278,0,0,1,0,0,0,0,1,1.0,0.18565979599952698,0.23366056382656097
23279,0,0,0,0,0,0,0,0,1.0,0.17530092597007751,0.19069303572177887
23280,0,0,0,0,1,0,0,0,1.0,0.18655531108379364,0.21506725251674652
23290,0,0,0,0,0,0,0,1,1.0,0.27177688479423523,0.32329875230789185
23292,0,0,0,1,0,0,0,0,1.0,0.25450530648231506,0.3186856508255005
23301,0,0,0,0,0,0,0,0,1.0,0.16139307618141174,0.16174530982971191
23302,0,0,1,0,0,0,0,1,1.0,0.24463634192943573,0.24463634192943573
23303,0,0,0,1,0,0,1,0,1.0,0.20079024136066437,0.2891576886177063
23304,0,0,0,1,0,0,1,1,1.0,0.24779218435287476,0.29016393423080444
23305,0,0,0,0,0,0,0,0,1.0,0.24056385457515717,0.24056385457515717
23306,0,0,0,0,0,0,0,0,1.0,0.12671074271202087,0.1321708709001541
23315,0,0,0,0,0,0,0,0,1.0,0.05623956769704819,0.05623956769704819
23316,0,0,0,0,0,0,0,1,1.0,0.12298855930566788,0.12298855930566788
23317,0,0,0,0,0,0,0,0,1.0,0.2513916492462158,0.33806484937667847
23318,0,0,0,0,1,0,0,0,1.0,0.16850680112838745,0.16850680112838745
23324,0,0,0,0,0,0,0,0,1.0,-0.005331815220415592,0.010583488270640373
23327,0,0,0,0,0,0,0,0,0.5,0.002575492486357689,0.002575492486357689
23328,0,0,0,1,0,0,0,0,1.0,0.16422006487846375,0.16422006487846375
23355,0,0,0,0,0,0,0,1,1.0,0.2771807312965393,0.2771807312965393
23357,0,0,0,0,0,0,0,0,1.0,0.24464207887649536,0.34547507762908936
23366,0,0,0,1,0,0,0,1,1.0,0.20170919597148895,0.2323954701423645
23368,0,0,0,0,0,0,0,0,1.0,0.3938903212547302,0.3938903212547302
23369,0,0,0,0,0,0,0,0,1.0,0.31427860260009766,0.3169232904911041
23370,0,0,0,0,0,0,0,0,1.0,0.2847694158554077,0.2847694158554077
23371,0,0,0,0,0,0,0,0,0.0,,
23389,0,0,0,0,0,0,0,0,1.0,0.12130468338727951,0.15683263540267944
23397,0,0,0,1,0,0,0,0,1.0,0.13295386731624603,0.14940623939037323
23398,0,0,0,0,0,0,0,0,1.0,0.2004990577697754,0.2004990577697754
23399,0,0,0,1,0,0,0,0,1.0,0.17964941263198853,0.17964941263198853
23400,0,0,0,0,0,0,0,0,1.0,0.18449705839157104,0.31242549419403076
23405,0,0,0,0,0,0,0,0,1.0,0.1334107518196106,0.1334107518196106
23412,0,0,0,0,0,0,0,0,1.0,0.21979975700378418,0.21979975700378418
23413,0,0,0,0,0,0,0,0,1.0,0.24230313301086426,0.3538922071456909
23414,0,0,0,0,0,0,0,0,1.0,0.08425316214561462,0.1292596161365509
23415,0,0,0,0,0,0,0,0,1.0,0.16772465407848358,0.2748373746871948
23416,0,0,1,0,0,0,0,0,1.0,0.27376246452331543,0.27986764907836914
23421,0,0,0,0,0,0,0,0,1.0,0.28983256220817566,0.28983256220817566
23423,0,0,0,1,0,0,0,0,1.0,0.07296080142259598,0.07296080142259598
23429,0,0,0,0,0,0,0,0,1.0,0.294180691242218,0.294180691242218
23430,0,0,0,0,0,0,0,0,1.0,0.10172003507614136,0.10172003507614136
23431,0,0,0,0,0,0,0,0,1.0,0.07141482084989548,0.07141482084989548
23432,0,0,0,0,0,0,0,0,0.0,,
23433,0,0,0,1,0,0,0,1,1.0,0.204181969165802,0.2048904299736023
23434,0,0,0,0,0,0,0,0,0.0,,
23435,0,0,0,1,0,0,0,0,1.0,0.14452865719795227,0.14593765139579773
23437,0,0,0,1,1,0,0,0,1.0,0.17957329750061035,0.25778013467788696
23440,0,0,0,0,0,0,0,0,1.0,0.05226299539208412,0.10224659740924835
23443,1,1,0,1,0,0,0,1,1.0,0.153921976685524,0.20357480645179749
23445,0,0,0,0,0,0,0,0,1.0,0.25001001358032227,0.3001843988895416
23452,0,0,0,1,0,0,0,0,1.0,0.3799663782119751,0.44685259461402893
23453,0,0,0,0,0,0,0,1,1.0,0.28374356031417847,0.3054945170879364
23457,0,0,0,1,0,0,0,0,1.0,0.05582442879676819,0.07293424010276794
23458,0,0,0,0,0,0,0,0,1.0,0.1912250816822052,0.1912250816822052
23459,0,0,0,0,0,1,0,0,0.5,0.2855040729045868,0.2855040729045868
23460,0,0,1,0,0,0,0,0,1.0,0.2308792620897293,0.2308792620897293
23461,0,0,0,0,0,0,0,0,1.0,0.047737445682287216,0.047737445682287216
23462,0,0,1,0,0,0,1,0,1.0,0.43110722303390503,0.46227145195007324
23472,0,0,0,0,0,0,0,0,1.0,0.13405808806419373,0.16698305308818817
23511,0,0,0,0,1,1,0,1,1.0,0.1252157986164093,0.17248480021953583
23515,0,0,0,0,0,0,0,0,1.0,0.33097153902053833,0.33097153902053833
23518,0,0,0,0,0,0,0,0,1.0,0.1016860380768776,0.1285230815410614
23521,0,0,0,0,0,0,0,0,1.0,-0.03936447948217392,-0.03936447948217392
23522,0,0,0,0,0,0,0,0,0.0,,
23530,0,0,0,0,0,0,0,1,1.0,0.3001319169998169,0.3001319169998169
23531,0,0,0,1,0,0,0,0,1.0,0.1229507327079773,0.20283100008964539
23537,0,0,0,1,0,0,0,1,1.0,0.24726693332195282,0.3038575053215027
23539,0,0,0,0,0,1,0,0,1.0,0.15695726871490479,0.21958574652671814
23541,0,0,0,0,0,0,0,0,1.0,0.2364974170923233,0.2514827847480774
23550,0,0,0,0,0,0,0,0,1.0,0.05814142897725105,0.05814142897725105
23555,0,0,0,0,0,0,0,0,1.0,0.07319449633359909,0.07319449633359909
23556,0,0,0,1,0,0,0,0,1.0,0.29071730375289917,0.33249807357788086
23568,0,0,0,1,0,0,0,1,0.6666666666666666,0.1634048968553543,0.16441601514816284
23597,0,0,0,0,0,0,0,0,0.6666666666666666,0.13872352242469788,0.1908363550901413
23598,0,0,0,0,0,0,0,0,1.0,0.2560247480869293,0.26720428466796875
23599,0,0,0,0,0,0,0,0,0.5,0.0023903697729110718,0.0023903697729110718
23610,0,0,0,0,0,0,0,1,1.0,0.2850201427936554,0.28637635707855225
23611,0,0,0,0,0,0,0,0,1.0,0.42705145478248596,0.6196701526641846
23612,0,0,0,0,0,0,0,0,1.0,0.14031842350959778,0.14031842350959778
23613,0,0,0,0,0,0,0,0,1.0,0.15128210186958313,0.15128210186958313
23629,0,0,0,0,0,0,0,0,1.0,0.11566910147666931,0.11566910147666931
23630,0,0,0,0,0,0,1,0,1.0,0.13034452497959137,0.13034452497959137
23631,0,0,0,0,0,0,0,1,0.5,0.21929743885993958,0.21929743885993958
23632,0,0,0,0,0,0,0,0,1.0,0.1356656551361084,0.1358415186405182
23633,0,0,0,0,0,0,0,1,1.0,0.2364337295293808,0.2918151915073395
23634,0,0,0,0,0,0,0,0,0.5,0.2031097114086151,0.2031097114086151
23635,0,0,0,0,1,0,0,1,1.0,0.18353617191314697,0.25135213136672974
23636,0,0,0,1,1,0,0,0,1.0,0.0832972452044487,0.10384465008974075
23638,1,1,0,0,0,0,0,1,0.6666666666666666,0.3536916971206665,0.45621275901794434
23640,0,0,0,0,0,0,0,0,1.0,0.30633988976478577,0.36914145946502686
23642,0,0,0,0,0,0,0,1,0.75,0.2291458398103714,0.317194402217865
23645,0,0,0,0,0,0,0,0,0.6666666666666666,0.15373128652572632,0.16383770108222961
23656,0,0,0,0,0,0,0,0,0.5,0.31062453985214233,0.31062453985214233
23661,0,0,0,0,0,0,0,0,1.0,0.11117196083068848,0.13529635965824127
22694,0,0,0,1,0,0,0,0,1.0,0.240457683801651,0.30966413021087646
22763,0,0,0,0,0,0,0,0,0.0,,
23120,0,0,0,0,0,0,0,0,1.0,0.11808004975318909,0.11808004975318909
23451,0,0,0,1,0,0,0,0,1.0,0.2348969280719757,0.2348969280719757
23659,0,0,0,0,0,0,0,0,1.0,0.11483939737081528,0.14746159315109253
23727,0,0,0,0,0,0,0,1,1.0,0.3082902431488037,0.4185665547847748
23776,0,0,0,1,0,0,1,1,1.0,0.1522635817527771,0.19332346320152283
23777,0,0,0,1,0,0,0,0,1.0,0.08719430863857269,0.08719430863857269
23780,0,0,0,0,0,0,0,1,1.0,0.35607725381851196,0.35607725381851196
23781,0,0,0,1,0,0,0,0,1.0,0.2705918848514557,0.36000993847846985
23783,0,0,0,0,1,1,0,0,1.0,0.1898457407951355,0.23170676827430725
23796,1,1,0,0,0,0,0,0,1.0,0.18827900290489197,0.20414340496063232
23817,0,0,0,1,0,0,0,1,1.0,0.24026845395565033,0.2665764391422272
23818,0,0,0,0,0,0,0,1,1.0,0.09936057031154633,0.14633074402809143
23819,0,0,0,0,0,0,0,0,0.5,0.08084981888532639,0.08084981888532639
23820,0,0,0,0,0,0,0,0,1.0,0.06000521779060364,0.06000521779060364
23831,0,0,0,0,0,0,0,0,0.0,,
23832,0,0,0,0,0,0,0,0,0.0,,
23842,0,0,0,0,0,0,0,0,1.0,0.33320552110671997,0.5091302394866943
23845,0,0,0,0,0,1,0,1,1.0,0.1703558713197708,0.20267373323440552
23860,1,1,0,0,0,0,0,0,1.0,0.0869794711470604,0.0869794711470604
23861,0,0,0,0,0,0,0,1,1.0,0.3404107093811035,0.45571258664131165
23862,0,0,0,0,0,0,0,0,1.0,0.13312894105911255,0.1807786226272583
23884,0,0,0,0,0,0,0,0,1.0,0.11126648634672165,0.1919345259666443
23885,0,0,0,0,0,0,0,0,1.0,0.2728422284126282,0.3481621742248535
23939,1,1,1,0,0,0,0,1,1.0,0.08583064377307892,0.0966261550784111
23943,0,0,0,0,0,0,0,0,1.0,0.46494269371032715,0.46494269371032715
23944,0,0,0,0,0,0,0,0,1.0,0.05261371284723282,0.05261371284723282
23945,0,0,0,0,0,0,0,0,1.0,0.2985672950744629,0.30877041816711426
23946,0,0,0,1,0,0,0,0,1.0,0.13944999873638153,0.15880678594112396
23947,0,0,0,0,0,0,0,0,1.0,0.20076707005500793,0.24770256876945496
23948,1,1,0,0,0,0,0,0,0.0,,
23950,0,0,0,1,0,0,0,0,1.0,0.3262404501438141,0.34897366166114807
23951,0,0,0,0,1,1,0,0,1.0,0.28700119256973267,0.42971867322921753
23952,0,0,0,0,0,0,0,0,1.0,0.2270480841398239,0.2270480841398239
23953,0,0,0,0,0,0,0,0,1.0,0.0806586742401123,0.0806586742401123
23955,0,0,1,0,0,0,0,0,1.0,0.2030726969242096,0.22880353033542633
23956,0,0,1,0,0,0,0,0,1.0,0.18858414888381958,0.24868370592594147
23957,0,0,0,1,0,0,0,0,1.0,0.1885862648487091,0.1885862648487091
23958,0,0,0,0,0,0,0,0,1.0,0.2785155773162842,0.2785155773162842
23959,0,0,0,0,0,0,0,0,1.0,0.3939480185508728,0.5382393002510071
23960,0,0,0,1,0,0,0,1,1.0,0.21762700378894806,0.37000584602355957
23963,0,0,0,0,0,0,1,1,1.0,0.07283326983451843,0.11239549517631531
23967,0,0,0,1,0,0,0,1,1.0,0.13350851833820343,0.18124908208847046
23968,0,0,0,0,0,0,0,0,1.0,0.3236270546913147,0.3236270546913147
23969,0,0,0,0,0,0,0,0,1.0,0.29302868247032166,0.3155149817466736
23970,0,0,0,0,0,0,0,0,1.0,0.2098572999238968,0.37038111686706543
23971,0,0,0,0,0,0,0,0,1.0,0.12793362140655518,0.12793362140655518
23972,1,1,0,0,0,0,0,0,1.0,0.22912245988845825,0.22912245988845825
23973,0,0,0,0,0,0,0,0,1.0,0.04832573980093002,0.04832573980093002
23974,0,0,0,1,0,0,0,0,1.0,0.11740056425333023,0.15853729844093323
23977,0,0,0,0,0,0,0,0,0.0,,
23978,0,0,0,1,0,0,0,0,1.0,0.2921665906906128,0.314605712890625
23979,0,0,0,1,0,0,0,0,1.0,0.10845013707876205,0.10845013707876205
23985,0,0,0,0,0,0,0,0,1.0,0.1644730120897293,0.2618188261985779
23986,0,0,0,0,0,0,0,0,1.0,0.4357658922672272,0.5056784749031067
23988,0,0,0,0,0,0,0,0,0.6666666666666666,0.29573458433151245,0.3821123540401459
24005,0,0,0,0,0,0,0,0,1.0,0.10778054594993591,0.11938434839248657
24006,0,0,0,1,0,0,0,0,1.0,0.27165985107421875,0.27165985107421875
24008,0,0,0,0,1,0,0,0,0.5,0.1311762034893036,0.1311762034893036
24024,0,0,0,1,0,0,1,0,1.0,0.20689049363136292,0.25346386432647705
24025,0,0,0,1,0,0,0,0,1.0,0.25605589151382446,0.39558300375938416
24026,0,0,0,0,0,0,0,0,0.5,0.3006695508956909,0.3006695508956909
24034,0,0,0,0,0,0,0,0,1.0,0.2407604455947876,0.2407604455947876
24037,1,1,1,0,0,0,1,0,1.0,0.19207149744033813,0.22925344109535217
24038,0,0,0,0,0,0,0,1,1.0,0.35775887966156006,0.35775887966156006
24039,0,0,0,0,0,0,0,0,0.6666666666666666,0.21840879321098328,0.2268517166376114
24040,0,0,0,0,0,0,0,0,1.0,0.19232222437858582,0.2619269788265228
24041,0,0,0,0,0,0,0,0,1.0,0.35506686568260193,0.44410812854766846
24042,0,0,0,0,0,0,0,1,1.0,0.20708425343036652,0.27773773670196533
24044,0,0,1,0,0,0,0,1,1.0,0.36915311217308044,0.38176053762435913
24045,0,0,0,0,0,0,0,1,1.0,0.17983855307102203,0.2694700062274933
24046,0,0,1,0,0,0,0,0,1.0,0.15445087850093842,0.25470268726348877
24049,0,0,0,0,0,0,0,1,1.0,0.23999230563640594,0.27410784363746643
24053,0,0,0,0,0,0,0,0,1.0,0.24507874250411987,0.24507874250411987
24055,0,0,0,0,0,0,0,1,1.0,0.11877508461475372,0.11877508461475372
24058,0,0,0,0,0,0,0,0,1.0,0.20807166397571564,0.371656596660614
24059,0,0,0,0,0,0,0,0,0.5,0.264468789100647,0.264468789100647
24064,0,0,0,0,0,0,0,0,1.0,0.17420673370361328,0.20410174131393433
24065,0,0,0,0,0,0,0,0,1.0,0.27194786071777344,0.32212382555007935
24079,0,0,0,0,0,0,0,1,1.0,0.35294556617736816,0.35294556617736816
24080,0,0,0,0,0,0,0,0,1.0,0.11234766244888306,0.11234766244888306
24081,0,0,0,0,1,0,0,0,1.0,0.3213631510734558,0.37386780977249146
24082,0,0,0,0,1,0,0,0,1.0,0.40672847628593445,0.40672847628593445
24083,0,0,0,0,0,0,0,0,1.0,0.20199990272521973,0.20199990272521973
24084,0,0,0,0,0,0,1,0,1.0,0.1805267482995987,0.26565247774124146
24086,0,0,0,1,0,0,0,0,0.5,0.22344470024108887,0.22344470024108887
24091,0,0,0,0,0,0,0,0,1.0,0.10110742598772049,0.10110742598772049
24093,0,0,0,0,0,0,0,0,1.0,0.11125344783067703,0.11787880957126617
24094,0,0,0,1,0,0,0,1,0.5,0.23022811114788055,0.23022811114788055
24095,0,0,0,1,0,0,0,0,1.0,0.2064066380262375,0.3739660680294037
24096,0,0,0,0,0,0,0,0,1.0,0.4436945915222168,0.4436945915222168
24100,0,0,1,0,0,0,0,1,1.0,0.08832263946533203,0.14111703634262085
24108,0,0,0,0,0,0,0,1,0.75,0.22901320457458496,0.3191351294517517
24129,0,0,0,0,0,0,0,0,1.0,0.09094395488500595,0.09094395488500595
24130,0,0,0,0,0,0,0,0,1.0,0.2719823122024536,0.2719823122024536
24131,0,0,0,0,0,0,1,0,1.0,0.2493186891078949,0.2493186891078949
24132,0,0,0,1,0,0,0,0,1.0,0.2592202425003052,0.3436228632926941
24135,0,0,0,1,0,0,0,0,1.0,0.17881111800670624,0.25177717208862305
24136,0,0,0,0,0,0,0,0,1.0,0.16318051517009735,0.3171185851097107
24137,0,0,0,1,0,0,0,1,1.0,0.18747417628765106,0.18747417628765106
24138,0,0,0,0,0,0,0,0,1.0,0.455491304397583,0.5631551146507263
24139,0,0,0,0,0,0,0,0,1.0,0.18104538321495056,0.18522487580776215
24140,0,0,0,0,0,0,0,0,1.0,0.15661872923374176,0.15661872923374176
24141,0,0,0,0,0,0,0,0,1.0,0.10693225264549255,0.1317199021577835
24142,0,0,0,1,0,1,0,1,1.0,0.18055421113967896,0.28582996129989624
24143,0,0,1,0,0,0,0,1,1.0,0.3512563705444336,0.46803051233291626
24147,0,0,0,1,0,0,0,0,1.0,0.30193474888801575,0.44608384370803833
24148,0,0,0,0,0,0,0,1,1.0,0.12079926580190659,0.12359865009784698
24149,0,0,0,0,0,0,0,0,1.0,0.15243567526340485,0.18836645781993866
24150,0,0,0,0,0,0,0,0,1.0,0.2875649929046631,0.3214263916015625
24151,0,0,1,1,0,0,0,1,1.0,0.20995250344276428,0.22413338720798492
24152,0,0,0,0,0,0,0,0,1.0,0.0003625694662332535,0.0003625694662332535
24153,0,0,0,0,0,0,1,0,1.0,0.2078569233417511,0.2525230050086975
24154,0,0,0,1,0,0,0,1,1.0,0.2829096019268036,0.3229754865169525
24156,0,0,0,0,0,0,0,1,1.0,0.21995025873184204,0.21995025873184204
24157,1,1,0,1,1,0,0,0,0.6666666666666666,0.24023039638996124,0.2605528235435486
24158,0,0,0,0,0,0,0,0,1.0,0.26480573415756226,0.26480573415756226
24159,0,0,0,1,1,0,0,0,0.5,0.2952709197998047,0.2952709197998047
24160,0,0,0,0,0,0,0,0,1.0,0.044083163142204285,0.044083163142204285
24161,0,0,0,0,0,0,0,0,1.0,0.43772268295288086,0.43772268295288086
24162,0,0,0,0,0,0,0,1,0.5,0.319946825504303,0.319946825504303
24163,0,0,0,0,0,0,0,0,0.6666666666666666,0.06275777518749237,0.11160196363925934
24164,0,0,0,0,0,0,0,0,1.0,0.21391643583774567,0.21391643583774567
24165,0,0,0,0,0,0,0,0,1.0,0.2649322748184204,0.2963887155056
24166,0,0,0,0,0,0,0,0,1.0,0.3423953354358673,0.3423953354358673
24167,0,0,0,0,0,0,0,0,1.0,0.2953273057937622,0.2953273057937622
24168,0,0,0,0,0,0,0,0,0.5,0.35449880361557007,0.35449880361557007
24169,0,0,0,0,0,0,0,0,1.0,0.08157782256603241,0.12513026595115662
24170,0,0,1,0,0,0,0,1,1.0,0.1703256070613861,0.2121519297361374
24176,0,0,0,0,0,0,0,1,1.0,0.20239698886871338,0.34648826718330383
24177,0,0,1,0,0,0,0,1,1.0,0.18672430515289307,0.21763744950294495
24180,0,0,0,0,0,0,0,0,,,
24181,0,0,0,0,0,0,0,0,1.0,0.12070590257644653,0.19956666231155396
24185,0,0,0,0,1,0,0,0,1.0,0.3348504900932312,0.5142354965209961
24188,0,0,0,0,1,0,0,0,1.0,0.3065964877605438,0.40890443325042725
24190,0,0,0,0,0,0,0,0,1.0,0.26160886883735657,0.2701452374458313
24191,0,0,0,0,0,0,0,0,1.0,0.10062699764966965,0.13322283327579498
24192,0,0,0,0,0,0,0,0,1.0,0.1640223264694214,0.1640223264694214
24194,0,0,0,0,0,0,0,0,1.0,0.12573915719985962,0.21150189638137817
24195,0,0,0,0,0,0,0,0,1.0,0.03931232541799545,0.03931232541799545
24197,0,0,0,0,0,0,0,0,1.0,0.2776021361351013,0.2776021361351013
24198,0,0,0,0,0,0,0,0,1.0,0.1662566065788269,0.1720215380191803
24199,0,0,0,0,0,0,0,1,1.0,0.08706393837928772,0.08706393837928772
24203,0,0,0,0,0,0,0,0,1.0,0.03527501970529556,0.03527501970529556
24204,0,0,0,0,0,0,0,0,0.5,0.22454306483268738,0.22454306483268738
24205,0,0,0,0,0,0,0,0,1.0,0.05872765928506851,0.05872765928506851
24206,0,0,0,1,0,0,0,0,1.0,0.1888522356748581,0.217413991689682
24207,0,0,0,0,0,0,0,1,1.0,0.25912678241729736,0.25983989238739014
24229,0,0,0,1,0,0,0,0,1.0,0.14178526401519775,0.1437893807888031
24230,0,0,0,0,0,0,1,1,1.0,0.19786405563354492,0.23882445693016052
24235,0,0,0,0,0,0,0,0,1.0,0.05286453664302826,0.06619603931903839
24237,0,0,0,0,0,0,0,0,1.0,0.3093169927597046,0.3093169927597046
24241,0,0,0,0,0,0,0,0,0.0,,
24243,0,0,0,0,0,0,0,0,1.0,0.29101794958114624,0.29101794958114624
24244,0,0,0,0,0,0,0,1,1.0,0.25372499227523804,0.2603355050086975
24248,0,0,0,1,0,0,0,0,1.0,0.37758687138557434,0.5657778978347778
24250,0,0,0,0,0,0,0,0,1.0,0.19638176262378693,0.32922714948654175
24251,0,0,0,0,0,0,0,0,1.0,0.21379601955413818,0.23826202750205994
24252,0,0,0,0,0,0,1,1,1.0,0.215030238032341,0.26107725501060486
24253,0,0,0,0,0,0,0,0,0.8,0.22809547185897827,0.2963065207004547
24254,0,0,1,0,0,0,0,0,1.0,0.08728796243667603,0.08728796243667603
24255,0,0,0,1,0,0,0,1,1.0,0.19473573565483093,0.22762155532836914
24256,0,0,0,0,0,0,0,0,1.0,0.028828240931034088,0.028828240931034088
24257,0,0,0,0,0,0,0,0,0.6666666666666666,0.24105244874954224,0.2543448507785797
24258,0,0,0,0,0,0,0,1,1.0,0.16060850024223328,0.16060850024223328
24259,0,0,0,1,0,0,0,0,1.0,0.20837871730327606,0.21429133415222168
24260,0,0,0,0,1,0,0,0,1.0,0.27655407786369324,0.30330026149749756
24264,0,0,0,0,0,0,0,0,1.0,0.12442011386156082,0.17418287694454193
24266,0,0,0,0,0,0,0,0,1.0,0.19986306130886078,0.2345152348279953
24268,0,0,0,0,0,0,0,0,0.5,0.23016256093978882,0.23016256093978882
24269,0,0,0,0,0,0,0,1,1.0,0.2307344526052475,0.2307344526052475
24270,0,0,0,0,0,0,0,0,1.0,0.23635423183441162,0.23635423183441162
24271,0,0,0,0,0,0,0,1,1.0,0.2822197675704956,0.2960554361343384
24275,0,0,0,1,0,0,0,0,1.0,0.497733473777771,0.497733473777771
24280,1,1,0,0,0,0,0,0,0.5,0.11031781136989594,0.11031781136989594
24282,0,0,0,0,0,0,0,0,1.0,0.09515748172998428,0.16722577810287476
24291,0,0,0,1,0,0,0,0,1.0,0.1785217821598053,0.3307253420352936
24292,0,0,0,0,0,0,0,0,1.0,0.2644340693950653,0.27926743030548096
24302,0,0,0,1,0,0,0,1,1.0,0.1819581538438797,0.21503257751464844
24303,0,0,0,1,1,0,0,1,1.0,0.14690862596035004,0.25953370332717896
24304,0,0,0,0,0,0,0,0,1.0,0.1698867231607437,0.1698867231607437
24329,0,0,1,0,0,0,0,0,1.0,0.3600219190120697,0.3600219190120697
24330,0,0,1,1,0,0,1,1,1.0,0.27540478110313416,0.28967517614364624
24339,0,0,1,0,0,0,0,1,1.0,0.17066989839076996,0.36420726776123047
24343,0,0,0,0,0,0,0,0,1.0,0.21273480355739594,0.358592689037323
24344,0,0,0,0,0,0,0,0,1.0,0.402455598115921,0.402455598115921
24345,0,0,0,0,0,0,0,0,1.0,0.19764924049377441,0.21018639206886292
24346,0,0,0,1,0,0,0,0,1.0,0.2748216986656189,0.28212571144104004
24347,0,0,0,0,0,0,0,0,1.0,0.37180277705192566,0.37180277705192566
24348,0,0,0,0,0,0,0,0,1.0,0.38418251276016235,0.38418251276016235
24349,0,0,0,0,0,0,0,0,0.6666666666666666,0.23043349385261536,0.30606013536453247
24351,0,0,0,0,0,0,0,0,1.0,0.24148565530776978,0.24148565530776978
24353,0,0,0,0,0,0,0,0,1.0,0.013547917827963829,0.06802955269813538
24354,0,0,0,0,0,0,0,0,1.0,0.1232258751988411,0.1232258751988411
24355,0,0,0,0,0,0,0,0,1.0,0.1559494435787201,0.1559494435787201
24367,0,0,0,0,0,1,0,0,1.0,0.1571325957775116,0.1584201455116272
24368,0,0,0,1,0,0,0,0,0.75,0.21378856897354126,0.3078167736530304
24369,0,0,0,0,1,0,0,0,1.0,0.2246098518371582,0.33242809772491455
24370,0,0,0,1,0,0,1,0,1.0,0.23617902398109436,0.3166259527206421
24371,0,0,0,0,0,0,0,0,1.0,0.231439009308815,0.231439009308815
24372,0,0,0,0,0,0,0,0,1.0,0.42152243852615356,0.5799214243888855
24373,0,0,0,0,0,0,0,0,1.0,0.07609081268310547,0.07609081268310547
24374,0,0,0,1,0,0,0,1,1.0,0.3347332179546356,0.37456536293029785
24378,0,0,0,0,0,0,0,0,1.0,0.1285158395767212,0.1285158395767212
24379,0,0,0,0,0,0,0,0,1.0,0.3351112902164459,0.3351112902164459
24380,0,0,0,0,0,0,0,0,1.0,0.09843762218952179,0.10245664417743683
24381,0,0,0,0,0,0,0,0,1.0,0.12264910340309143,0.20262059569358826
24382,0,0,0,1,1,0,0,1,1.0,0.25007885694503784,0.3447914719581604
24383,0,0,0,0,1,0,0,0,1.0,0.3316282033920288,0.42093515396118164
24384,0,0,0,0,0,0,0,0,1.0,0.17415955662727356,0.17415955662727356
24385,0,0,0,0,1,0,1,1,1.0,0.2576885521411896,0.2899407148361206
24390,0,0,0,0,0,0,0,0,0.3333333333333333,0.26052695512771606,0.26052695512771606
24391,0,0,0,0,0,0,0,1,1.0,0.2784810960292816,0.3885193169116974
24395,0,0,0,0,0,0,0,0,1.0,0.1468529850244522,0.16673804819583893
24398,0,0,0,0,0,0,0,0,1.0,0.18374188244342804,0.23732981085777283
24404,0,0,0,0,0,0,0,0,1.0,-0.09275779128074646,-0.09275779128074646
24405,0,0,0,0,0,0,0,0,1.0,0.14692845940589905,0.14692845940589905
24406,0,0,0,1,0,0,0,0,1.0,0.11583060771226883,0.14988712966442108
24407,0,0,0,1,0,0,0,0,1.0,0.2733103036880493,0.3161276578903198
24408,0,0,0,0,0,0,0,0,1.0,0.06519479304552078,0.06519479304552078
24414,0,0,0,0,0,0,0,0,1.0,0.19157588481903076,0.23676005005836487
24415,0,0,0,1,0,0,1,0,1.0,0.21040840446949005,0.23076948523521423
24416,0,0,0,0,0,0,0,0,0.5,0.1406826376914978,0.1406826376914978
24422,0,0,0,1,0,0,1,1,1.0,0.1264125555753708,0.2211640626192093
24424,0,0,0,0,0,0,0,0,1.0,0.03344697505235672,0.0489422045648098
24426,0,0,0,0,0,0,0,0,1.0,0.2837914824485779,0.2837914824485779
24428,0,0,0,0,0,0,0,0,1.0,0.06388039886951447,0.08771457523107529
24429,0,0,0,1,0,0,1,0,0.6666666666666666,0.21520866453647614,0.2198222130537033
24443,0,0,0,0,0,0,0,0,1.0,0.18075063824653625,0.29887425899505615
24444,0,0,0,0,0,0,0,0,1.0,0.13919860124588013,0.2098407745361328
24445,0,0,0,0,1,1,0,0,1.0,0.08894553780555725,0.09061568230390549
24446,0,0,0,1,0,0,0,0,1.0,0.2607347071170807,0.42283445596694946
24450,0,0,0,0,1,0,0,0,1.0,0.19232186675071716,0.19232186675071716
24459,0,0,0,0,0,0,0,0,1.0,0.36166101694107056,0.36166101694107056
24460,0,0,0,0,0,0,0,0,1.0,0.11489210277795792,0.18894188106060028
24461,0,0,0,0,0,0,0,0,1.0,0.0937667191028595,0.0982685312628746
24466,1,1,1,0,1,1,0,0,1.0,0.28697192668914795,0.386976420879364
24467,0,0,0,0,0,0,0,1,1.0,0.4380570948123932,0.5582582950592041
24475,0,0,0,0,0,0,0,0,1.0,0.10625477880239487,0.15781480073928833
24476,0,0,0,0,0,0,0,0,1.0,0.13358409702777863,0.13358409702777863
24477,0,0,0,0,0,0,0,1,1.0,0.2772601246833801,0.2772601246833801
24479,0,0,0,0,0,0,0,1,1.0,0.08551305532455444,0.14152824878692627
24481,0,0,0,0,0,0,0,0,1.0,0.17957210540771484,0.26373374462127686
24484,0,0,0,0,0,0,0,1,1.0,0.22270023822784424,0.23550383746623993
24485,0,0,0,0,0,0,0,1,1.0,0.22769388556480408,0.22769388556480408
24488,0,0,0,0,0,0,0,0,1.0,0.17360340058803558,0.22337576746940613
24489,0,0,0,1,0,0,0,0,1.0,0.24882936477661133,0.2653343677520752
24497,0,0,0,0,0,0,0,0,0.5,0.0701901838183403,0.0701901838183403
24498,0,0,1,0,0,0,0,1,1.0,0.25479766726493835,0.38917970657348633
24499,0,0,0,0,0,0,0,0,1.0,0.2769755721092224,0.3014056086540222
24505,0,0,0,0,0,0,0,0,1.0,0.37378060817718506,0.39675360918045044
24506,0,0,0,0,0,0,1,1,1.0,0.14145144820213318,0.22703400254249573
24507,0,0,0,0,0,0,0,0,1.0,0.22878429293632507,0.35602691769599915
24508,0,0,0,0,0,0,0,0,1.0,0.394716739654541,0.394716739654541
24509,0,0,0,0,0,0,0,0,1.0,0.16138231754302979,0.16138231754302979
24514,0,0,0,0,0,0,1,0,1.0,0.08355922996997833,0.09312482178211212
24524,0,0,0,0,0,0,0,1,1.0,0.2932719588279724,0.323316752910614
24525,0,0,0,0,0,0,0,0,,,
24526,0,0,0,0,0,0,0,0,1.0,0.4103061258792877,0.4103061258792877
24528,0,0,0,0,1,1,0,0,1.0,0.21234925091266632,0.2653396725654602
24529,0,0,0,1,0,0,0,0,1.0,0.1594279408454895,0.18563005328178406
24530,0,0,0,0,0,0,0,0,1.0,0.27252092957496643,0.27252092957496643
24531,0,0,0,0,1,0,0,0,1.0,0.37363865971565247,0.37363865971565247
24538,0,0,0,0,0,0,0,0,1.0,0.10977278649806976,0.131563201546669
24539,0,0,0,0,0,0,0,0,1.0,0.22402100265026093,0.25018155574798584
24540,0,0,0,0,0,0,0,1,1.0,0.3438292145729065,0.3438292145729065
24543,0,0,0,0,0,0,0,0,1.0,0.2510310709476471,0.2510310709476471
24544,0,0,0,0,0,0,0,0,1.0,0.28237107396125793,0.37059134244918823
24549,0,0,1,0,0,0,1,1,0.5,0.11830341815948486,0.11830341815948486
24550,0,0,0,0,0,0,0,0,1.0,0.09928278625011444,0.13622735440731049
24551,0,0,0,0,0,0,0,0,1.0,0.32060059905052185,0.42541879415512085
24555,0,0,0,0,0,0,0,0,1.0,0.2882261872291565,0.2882261872291565
24556,0,0,0,0,1,1,0,1,1.0,0.23512889444828033,0.2744993269443512
24557,0,0,0,1,0,0,0,0,0.5,0.13526253402233124,0.13526253402233124
24558,0,0,0,0,0,0,0,0,1.0,0.16420210897922516,0.16420210897922516
24562,0,0,0,0,0,0,0,0,1.0,0.1305481344461441,0.1305481344461441
24563,0,0,0,1,0,0,0,1,1.0,0.08616548776626587,0.13435545563697815
24567,0,0,0,0,1,0,0,0,1.0,0.3043767511844635,0.3043767511844635
24569,0,0,0,0,0,0,0,0,1.0,0.03209429979324341,0.09220229089260101
24571,0,0,0,0,0,0,0,0,1.0,0.1822408139705658,0.23683825135231018
24572,0,0,0,0,0,0,0,0,1.0,0.3120632469654083,0.3120632469654083
24573,0,0,0,0,0,0,0,1,1.0,0.2692643105983734,0.3446502089500427
24574,0,0,0,0,0,0,0,0,1.0,0.2815028429031372,0.2856684625148773
24575,0,0,1,0,0,0,0,0,1.0,0.27718719840049744,0.35288289189338684
24579,0,0,1,0,0,0,0,0,1.0,0.09718963503837585,0.09718963503837585
24580,1,2,0,0,0,0,0,0,1.0,0.20300477743148804,0.2547834515571594
24586,0,0,0,0,0,0,0,0,1.0,0.22994264960289001,0.22994264960289001
24587,0,0,0,0,0,0,0,0,,,
24589,0,0,0,0,0,0,0,0,1.0,0.26438653469085693,0.26438653469085693
24590,0,0,1,0,0,0,0,1,1.0,0.11244525015354156,0.17925474047660828
24596,0,0,0,0,0,0,0,1,1.0,0.16975975036621094,0.19821614027023315
24597,0,0,0,0,0,0,0,0,1.0,0.18296322226524353,0.18296322226524353
24598,0,0,0,1,0,1,0,1,1.0,0.10493018478155136,0.11442746222019196
24599,0,0,0,0,0,0,0,0,1.0,0.3542865514755249,0.39557111263275146
24600,0,0,0,0,0,0,0,0,,,
24601,0,0,1,0,0,0,0,0,1.0,0.4454461634159088,0.5510927438735962
24602,0,0,0,0,0,0,0,0,1.0,0.1891273856163025,0.1891273856163025
24603,0,0,0,0,0,0,0,0,0.0,,
24604,0,0,0,0,0,0,0,1,1.0,0.14025554060935974,0.14025554060935974
24605,0,0,0,1,0,0,0,0,1.0,0.24071051180362701,0.37021440267562866
24606,0,0,0,0,0,0,0,1,1.0,0.2832252085208893,0.30034059286117554
24615,0,0,0,0,0,1,0,0,1.0,0.058127474039793015,0.13643935322761536
24616,0,0,0,0,0,0,0,0,0.5,0.2626293897628784,0.2626293897628784
24622,0,0,0,0,0,0,0,0,0.0,,
24624,0,0,0,1,0,0,0,1,1.0,0.2846618890762329,0.29966655373573303
24627,0,0,0,1,0,0,0,0,1.0,0.08518747240304947,0.1626794934272766
24628,0,0,0,0,0,0,0,0,1.0,0.3243350088596344,0.3970774710178375
24629,0,0,0,0,0,0,0,0,1.0,0.17532049119472504,0.19244742393493652
24635,0,0,1,0,0,0,0,1,0.5,0.25250712037086487,0.36611586809158325
24638,0,0,0,0,0,0,0,1,0.5,0.10822911560535431,0.10822911560535431
24640,0,0,0,0,0,0,0,1,1.0,0.19645202159881592,0.209232360124588
24649,0,0,0,0,0,0,0,0,0.3333333333333333,0.31630420684814453,0.31630420684814453
24653,0,0,1,1,0,0,0,0,1.0,0.13218845427036285,0.22841691970825195
24666,0,0,0,0,0,0,0,1,1.0,0.2709417939186096,0.3725773096084595
24668,0,0,0,1,0,0,0,0,1.0,0.0878843367099762,0.0878843367099762
24669,0,0,0,0,0,0,0,0,1.0,0.27724218368530273,0.3680236041545868
24679,0,0,0,1,0,0,0,0,1.0,0.23156636953353882,0.34191328287124634
24681,0,0,0,0,0,0,0,1,1.0,0.13123881816864014,0.24204084277153015
24682,0,0,0,0,0,0,0,1,1.0,0.2684076428413391,0.31456589698791504
24685,0,0,0,1,0,0,0,0,1.0,0.23443366587162018,0.2744756042957306
24686,0,0,0,0,0,0,0,0,1.0,0.1411716639995575,0.1411716639995575
24691,0,0,0,0,0,0,0,0,1.0,0.1290867030620575,0.15870806574821472
24692,0,0,0,0,0,0,0,1,1.0,0.2120642364025116,0.2801942229270935
24700,0,0,0,0,0,0,0,0,1.0,0.2769908905029297,0.3488257825374603
24701,0,0,0,0,0,0,1,1,1.0,0.3593886196613312,0.39291495084762573
24705,0,0,0,0,1,0,0,1,1.0,0.4390902519226074,0.4574277102947235
24719,0,0,0,1,0,0,0,0,1.0,0.26455843448638916,0.2718435227870941
24720,0,0,0,1,0,0,0,1,1.0,0.1814257800579071,0.26925674080848694
24725,0,0,0,0,0,0,0,1,1.0,0.257406622171402,0.257406622171402
24726,0,0,0,0,0,0,0,0,0.5,-0.003028111532330513,-0.003028111532330513
24727,0,0,0,0,0,0,0,0,,,
24737,0,0,0,0,0,0,0,0,0.5,0.12491762638092041,0.12491762638092041
24746,0,0,0,0,0,0,0,0,1.0,0.3133541941642761,0.42131468653678894
24754,0,0,0,1,0,0,0,0,1.0,0.44980525970458984,0.44980525970458984
24756,0,0,0,0,0,0,0,1,1.0,0.29625657200813293,0.29625657200813293
24759,0,0,0,1,0,0,0,1,1.0,0.16365930438041687,0.1774434894323349
24760,0,0,0,1,0,0,0,0,1.0,0.20923937857151031,0.24726954102516174
24762,0,0,0,0,0,0,0,0,0.5,0.22470715641975403,0.22470715641975403
24773,0,0,0,0,0,0,0,1,1.0,0.30470535159111023,0.30470535159111023
24774,0,0,0,0,0,0,0,0,1.0,0.08680300414562225,0.12445218861103058
24779,0,0,0,1,0,0,1,0,1.0,0.2303491234779358,0.27547454833984375
24787,0,0,0,0,0,0,0,0,1.0,0.24483443796634674,0.2826961576938629
24795,0,0,0,0,1,1,1,1,1.0,0.2790219187736511,0.2958676815032959
24799,0,0,0,0,0,0,0,0,1.0,0.31423482298851013,0.31423482298851013
24816,1,1,1,0,0,0,1,0,1.0,0.062260501086711884,0.10970563441514969
24817,0,0,0,0,0,0,0,0,1.0,0.2660294771194458,0.2660294771194458
24818,0,0,0,0,0,0,0,0,1.0,0.2727421522140503,0.3333119750022888
24819,0,0,0,0,1,0,0,0,1.0,0.13460858166217804,0.2350861132144928
24820,0,0,0,0,0,0,0,0,1.0,0.4079929292201996,0.41257616877555847
24821,0,0,0,0,0,0,0,0,1.0,0.1245642602443695,0.14636926352977753
24822,0,0,0,0,0,0,0,0,1.0,0.23979859054088593,0.2931724786758423
24823,0,0,0,0,0,0,0,0,1.0,0.23786889016628265,0.23786889016628265
24827,0,0,0,0,0,0,0,0,1.0,0.30512863397598267,0.30512863397598267
24828,0,0,0,0,0,0,0,1,1.0,0.23124396800994873,0.28674477338790894
24830,0,0,1,0,0,0,0,1,1.0,0.3051416873931885,0.38491398096084595
24839,0,0,1,1,0,0,0,0,1.0,0.47436052560806274,0.4864952564239502
24840,0,0,0,0,0,0,0,0,1.0,0.2396564483642578,0.2396564483642578
24841,0,0,0,1,0,0,0,0,1.0,0.21742893755435944,0.21742893755435944
24842,0,0,0,0,0,0,0,0,1.0,0.09088137745857239,0.11609702557325363
24843,0,0,0,0,0,0,0,0,1.0,0.12658363580703735,0.15797962248325348
24845,1,1,0,0,0,0,1,1,1.0,0.1705944687128067,0.294150710105896
24846,0,0,0,0,0,0,0,0,0.0,,
24857,0,0,0,0,0,0,0,0,1.0,0.24297258257865906,0.2796677350997925
24858,0,0,0,1,0,0,0,0,1.0,0.10315178334712982,0.1138264536857605
24859,0,0,0,0,0,0,0,1,1.0,0.4303392767906189,0.4303392767906189
24861,0,0,0,1,0,0,0,0,1.0,0.07619733363389969,0.0890846699476242
24865,0,0,0,0,0,0,1,1,1.0,0.2603440284729004,0.3902578055858612
24866,0,0,0,0,0,0,0,0,0.5,0.10497783869504929,0.10497783869504929
24867,0,0,0,0,0,0,0,0,1.0,0.20294302701950073,0.2400205433368683
24868,0,0,1,0,1,1,0,0,1.0,0.17722228169441223,0.2782317101955414
24870,0,0,1,0,0,0,0,1,1.0,0.11176023632287979,0.11295457184314728
24871,0,0,0,0,0,0,1,1,1.0,0.24669122695922852,0.24669122695922852
24873,0,0,0,0,0,0,0,0,1.0,0.3852947950363159,0.4046357572078705
24874,0,0,0,1,0,0,1,0,1.0,0.3168666958808899,0.3188493251800537
24875,0,0,0,0,1,0,0,0,1.0,0.12417739629745483,0.14588022232055664
24876,1,1,0,1,0,0,0,0,1.0,0.13455714285373688,0.14803850650787354
24879,0,0,0,0,0,0,0,0,1.0,0.2555290460586548,0.2555290460586548
24882,0,0,0,0,0,0,0,1,1.0,0.0736832246184349,0.13790644705295563
24883,0,0,0,0,0,0,0,0,1.0,0.13602964580059052,0.1458478569984436
24884,0,0,0,0,0,0,0,0,1.0,0.2538239359855652,0.41480687260627747
24892,0,0,0,0,0,0,0,0,1.0,0.13296163082122803,0.13296163082122803
24893,0,0,0,0,0,0,0,0,1.0,0.2964485287666321,0.37684234976768494
24907,0,0,0,0,0,0,0,1,1.0,0.13468557596206665,0.17268218100070953
24913,0,0,0,0,0,0,0,0,1.0,0.1817597597837448,0.3384972810745239
24914,0,0,0,0,0,0,0,0,1.0,0.2777305543422699,0.3703194856643677
24915,0,0,0,0,0,0,0,1,1.0,0.10167886316776276,0.10167886316776276
24925,0,0,0,0,0,0,0,0,1.0,0.1551431268453598,0.20710740983486176
24926,0,0,0,0,0,0,0,0,1.0,0.36556458473205566,0.44673240184783936
24934,0,0,0,1,0,0,0,0,1.0,0.2917201519012451,0.2917201519012451
25047,0,0,0,0,0,0,0,1,1.0,0.2056611329317093,0.32515135407447815
23954,0,0,0,1,0,0,0,0,1.0,0.17062053084373474,0.1762121468782425
24078,0,0,0,0,0,0,0,0,1.0,0.04832134023308754,0.04832134023308754
24352,0,0,0,1,0,0,0,1,1.0,0.27245667576789856,0.28230321407318115
25058,0,0,0,1,0,0,0,1,1.0,0.13737301528453827,0.19678175449371338
25060,0,0,0,0,0,0,0,1,1.0,0.3203040361404419,0.511992335319519
25061,1,2,0,1,0,0,1,0,1.0,0.10844386368989944,0.13368169963359833
25075,0,0,0,0,0,0,0,0,1.0,0.20968344807624817,0.2566468119621277
25086,0,0,0,0,0,0,0,0,1.0,-0.002052798867225647,-0.002052798867225647
25106,0,0,0,0,0,0,0,0,0.0,,
25110,0,0,0,0,0,0,0,0,0.0,,
25117,0,0,0,0,0,0,0,0,1.0,0.19168990850448608,0.19168990850448608
25118,0,0,0,0,0,0,0,0,1.0,0.3970358967781067,0.3970358967781067
25120,0,0,0,0,0,0,0,1,1.0,0.19840145111083984,0.2105029821395874
25144,0,0,0,0,0,0,0,1,0.5,0.1564011126756668,0.1564011126756668
25152,0,0,0,0,0,1,0,1,1.0,0.2214377373456955,0.2728753089904785
25160,0,0,0,0,0,0,0,0,1.0,0.11151565611362457,0.11151565611362457
25174,0,0,0,0,0,0,0,1,1.0,0.16534191370010376,0.21108543872833252
25262,0,0,0,0,0,0,0,0,1.0,0.15078383684158325,0.15078383684158325
25271,0,0,0,0,0,0,0,0,0.5,0.1354924887418747,0.1354924887418747
25272,0,0,0,0,0,0,0,0,0.0,,
25273,0,0,0,1,0,0,0,0,1.0,0.1413024216890335,0.1538853943347931
25274,0,0,0,0,0,0,0,1,1.0,0.2811017632484436,0.34480997920036316
25275,0,0,0,1,0,0,0,1,1.0,0.33511775732040405,0.33511775732040405
25278,0,0,0,0,0,0,0,0,1.0,0.3429287075996399,0.3429287075996399
25279,1,1,1,1,0,0,0,0,1.0,0.26994743943214417,0.26994743943214417
25285,0,0,0,0,1,0,0,1,1.0,0.15190336108207703,0.1736135184764862
25286,0,0,0,0,1,0,0,0,1.0,0.24657917022705078,0.263340562582016
25287,0,0,0,1,0,0,0,0,1.0,0.3765658140182495,0.3765658140182495
25291,0,0,0,0,0,0,0,0,1.0,0.1154259741306305,0.16845467686653137
25303,0,0,0,1,0,0,0,0,1.0,0.1462436467409134,0.1462436467409134
25304,0,0,0,0,0,0,0,1,1.0,0.1817130297422409,0.24681559205055237
25305,0,0,0,0,0,0,0,0,1.0,0.2151264101266861,0.2151264101266861
25306,0,0,0,0,0,0,0,0,1.0,0.25446879863739014,0.25446879863739014
25307,0,0,1,1,0,0,0,0,1.0,0.18862225115299225,0.20173540711402893
25308,0,0,0,0,0,0,0,0,1.0,0.3083728551864624,0.3083728551864624
25309,0,0,0,0,0,0,0,0,1.0,0.2541693449020386,0.40246152877807617
25311,0,0,0,1,0,0,1,0,1.0,0.29776424169540405,0.29776424169540405
25312,0,0,0,0,0,0,0,0,1.0,0.10083100199699402,0.1144775003194809
25313,0,0,0,0,0,0,0,0,1.0,0.2856983542442322,0.3615226745605469
25314,0,0,0,1,1,0,0,0,1.0,0.21769434213638306,0.2259598970413208
25315,0,0,0,0,0,0,0,1,1.0,0.2822471857070923,0.35572129487991333
25316,0,0,0,0,0,0,0,0,1.0,0.30331897735595703,0.3310682773590088
25317,0,0,0,1,1,0,0,0,1.0,0.20873332023620605,0.24417118728160858
25318,0,0,0,0,0,0,0,1,1.0,0.23433054983615875,0.23433054983615875
25319,0,0,0,0,0,0,0,0,1.0,0.2784240245819092,0.2784240245819092
25320,0,0,0,0,0,0,0,0,1.0,0.343411922454834,0.343411922454834
25321,0,0,0,0,1,0,0,1,1.0,0.31575798988342285,0.35326260328292847
25322,0,0,0,0,0,0,1,0,1.0,0.17043326795101166,0.1924530565738678
25327,0,0,0,0,0,0,0,0,1.0,0.4311830699443817,0.4514177143573761
25328,0,0,0,1,0,0,0,1,1.0,0.07581273466348648,0.11742529273033142
25329,0,0,0,0,0,0,0,0,1.0,0.17137664556503296,0.2624968886375427
25330,0,0,1,0,1,0,0,0,1.0,0.37864282727241516,0.42210620641708374
25331,0,0,0,0,0,0,0,0,1.0,0.21569547057151794,0.21569547057151794
25332,0,0,0,0,0,0,0,0,1.0,0.2233964502811432,0.2233964502811432
25333,0,0,0,0,0,0,0,0,0.0,,
25334,0,0,0,0,0,0,0,0,1.0,0.2571454644203186,0.2754811942577362
25337,0,0,0,1,1,0,0,0,1.0,0.24024732410907745,0.24516300857067108
25338,0,0,0,0,0,0,0,0,1.0,0.0736176148056984,0.09528456628322601
25339,0,0,0,1,0,0,0,0,1.0,0.1508951634168625,0.2069016396999359
25340,0,0,0,0,0,0,0,1,1.0,0.08516521751880646,0.13604159653186798
25341,0,0,0,1,0,0,1,0,1.0,0.17249557375907898,0.21606746315956116
25342,0,0,0,1,0,0,0,0,1.0,0.299381285905838,0.33123767375946045
25343,0,0,0,0,0,0,0,0,1.0,0.09545644372701645,0.1027987003326416
25344,0,0,0,0,0,0,0,1,1.0,0.3146674633026123,0.3415486812591553
25346,0,0,0,0,0,0,0,0,1.0,0.21963346004486084,0.24068205058574677
25347,0,0,0,0,0,0,0,1,1.0,0.22570326924324036,0.22570326924324036
25348,0,0,0,1,0,0,0,0,1.0,0.4079677164554596,0.5258488059043884
25349,0,0,0,0,1,0,0,1,1.0,0.4393692910671234,0.5148055553436279
25350,1,2,0,1,0,0,1,0,1.0,0.30802562832832336,0.3085072636604309
25351,0,0,0,0,0,0,0,0,1.0,0.3663281798362732,0.3663281798362732
25353,0,0,1,1,0,0,0,0,1.0,0.04431284964084625,0.09038924425840378
25354,0,0,0,1,0,0,1,0,1.0,0.2962064743041992,0.37964898347854614
25355,0,0,0,0,0,0,0,0,1.0,0.08332542330026627,0.11946077644824982
25356,0,0,0,0,0,0,0,0,1.0,0.43180903792381287,0.5208238363265991
25357,0,0,0,0,0,0,0,1,1.0,0.2983439266681671,0.3730010986328125
25358,0,0,0,1,1,1,0,1,1.0,0.19929566979408264,0.2616782784461975
25359,0,0,0,0,0,0,0,0,1.0,0.22763901948928833,0.24550002813339233
25360,0,0,0,0,0,0,0,0,0.5,0.04806001856923103,0.04806001856923103
25361,0,0,0,0,0,0,1,0,1.0,0.07287021726369858,0.07505650818347931
25363,0,0,0,1,0,0,0,0,1.0,0.25181132555007935,0.3240499496459961
25379,0,0,0,0,0,0,0,0,1.0,0.2759409248828888,0.2759409248828888
25381,0,0,0,0,0,0,0,0,0.5,0.10772721469402313,0.10772721469402313
25394,0,0,0,1,0,0,0,0,1.0,0.4292769134044647,0.46343523263931274
25395,0,0,0,0,0,0,0,1,1.0,0.3225720524787903,0.3510783910751343
25396,0,0,1,0,1,0,0,0,1.0,0.157305508852005,0.19391115009784698
25397,0,0,0,1,0,0,0,0,1.0,0.25493115186691284,0.25493115186691284
25398,0,0,0,0,1,0,0,0,1.0,0.3409292697906494,0.4182378351688385
25399,0,0,0,1,0,0,0,0,1.0,0.2026045322418213,0.2682951092720032
25400,0,0,0,1,0,0,0,1,1.0,0.31441324949264526,0.4061102867126465
25401,0,0,0,1,0,0,1,1,1.0,0.24526691436767578,0.3639214336872101
25402,0,0,0,0,0,0,1,0,1.0,0.16151708364486694,0.25302326679229736
25403,0,0,1,0,0,0,0,0,1.0,0.15302297472953796,0.15302297472953796
25404,0,0,0,1,0,0,1,1,1.0,0.1293565332889557,0.17179736495018005
25417,0,0,0,1,0,0,0,0,0.5,0.11385546624660492,0.11385546624660492
25418,0,0,0,1,0,0,0,0,1.0,0.23739171028137207,0.31138113141059875
25419,0,0,0,0,0,0,0,0,1.0,0.30116063356399536,0.30116063356399536
25433,0,0,1,0,0,0,0,0,1.0,0.10778521001338959,0.10778521001338959
25444,0,0,0,0,0,0,0,0,0.6666666666666666,0.16468891501426697,0.22018814086914062
25445,0,0,0,0,0,0,0,0,1.0,0.10239611566066742,0.1076209768652916
25446,0,0,0,0,0,0,0,1,1.0,0.16478583216667175,0.19829310476779938
25447,0,0,0,0,0,0,0,1,1.0,0.06232981011271477,0.06232981011271477
25448,0,0,0,0,0,0,0,0,1.0,0.2812187671661377,0.2812187671661377
25449,0,0,0,0,0,1,0,0,0.5,0.30051422119140625,0.30051422119140625
25450,0,0,0,0,0,0,0,0,1.0,0.6367120742797852,0.6367120742797852
25451,1,1,0,1,0,0,0,0,1.0,0.0832674652338028,0.15996165573596954
25472,0,0,0,0,0,0,0,0,1.0,0.16621972620487213,0.16621972620487213
25473,0,0,0,0,0,0,0,0,1.0,0.2631077170372009,0.2631077170372009
25475,0,0,0,0,0,0,0,0,1.0,0.1711408793926239,0.21580453217029572
25476,0,0,0,0,0,0,0,1,1.0,0.20436449348926544,0.30521756410598755
25480,0,0,1,0,0,0,0,0,1.0,0.07417385280132294,0.07471507042646408
25486,0,0,0,0,0,0,0,1,0.5,0.053063441067934036,0.053063441067934036
25491,0,0,1,1,0,0,0,0,1.0,0.20114976167678833,0.20114976167678833
25509,0,0,0,1,0,0,0,0,1.0,0.17102889716625214,0.1845046877861023
25511,0,0,0,1,0,0,0,0,1.0,0.1998990774154663,0.2589903771877289
25512,0,0,0,0,0,0,0,0,1.0,0.2897571325302124,0.3989366590976715
25513,0,0,0,1,0,0,0,1,1.0,0.10778619349002838,0.11558139324188232
25515,0,0,0,1,0,0,0,0,0.3333333333333333,0.3298923373222351,0.3298923373222351
25516,0,0,0,0,0,0,0,0,1.0,0.24015799164772034,0.24015799164772034
25517,0,0,0,0,0,0,0,1,0.3333333333333333,0.21695299446582794,0.21695299446582794
25518,0,0,0,1,0,0,0,1,1.0,0.21291939914226532,0.27610403299331665
25519,0,0,0,0,0,0,0,0,1.0,0.24933719635009766,0.2646936774253845
25521,0,0,0,0,0,0,0,1,1.0,0.18562379479408264,0.18562379479408264
25522,0,0,0,0,0,0,0,0,0.5,0.24574869871139526,0.24574869871139526
25525,0,0,0,0,0,0,0,0,1.0,0.18182015419006348,0.18182015419006348
25526,0,0,0,0,0,0,0,0,0.0,,
25527,0,0,1,0,0,0,0,0,1.0,0.12576520442962646,0.2378506362438202
25528,0,0,0,0,0,0,0,0,1.0,0.13940173387527466,0.19878745079040527
25529,0,0,0,1,0,0,0,1,1.0,0.2561977505683899,0.2561977505683899
25531,0,0,0,0,0,0,0,0,1.0,0.32832765579223633,0.37969914078712463
25532,0,0,0,0,0,0,0,0,1.0,0.4667617678642273,0.5939662456512451
25537,0,0,1,0,0,0,0,1,1.0,0.19901859760284424,0.2556830644607544
25538,0,0,0,1,0,0,0,0,1.0,0.2276693880558014,0.29058223962783813
25539,0,0,0,0,0,0,0,1,1.0,0.042874205857515335,0.11258360743522644
25540,0,0,1,1,0,0,0,0,1.0,0.15942028164863586,0.24221190810203552
25541,0,0,0,1,0,0,0,0,1.0,0.21385064721107483,0.21385064721107483
25542,0,0,0,0,0,0,0,1,1.0,0.305025190114975,0.3566136956214905
25543,0,0,0,1,0,0,0,0,1.0,0.23911617696285248,0.27775824069976807
25552,0,0,0,0,0,0,0,1,1.0,0.30600079894065857,0.30600079894065857
25553,0,0,0,0,0,0,0,0,1.0,0.13393361866474152,0.13393361866474152
25557,0,0,0,0,0,0,0,0,1.0,0.37678951025009155,0.37678951025009155
25558,0,0,0,0,0,0,0,1,0.5,0.45677822828292847,0.45677822828292847
25559,0,0,0,0,0,0,0,0,1.0,0.13565190136432648,0.13565190136432648
25560,0,0,0,0,0,0,0,0,1.0,0.21529434621334076,0.25966310501098633
25561,0,0,1,0,0,0,0,0,1.0,0.36773228645324707,0.36773228645324707
25569,0,0,1,1,0,0,0,0,1.0,0.23785120248794556,0.2836450934410095
25571,0,0,0,1,0,0,0,0,1.0,0.2509456276893616,0.300558865070343
25572,0,0,0,0,0,0,0,0,1.0,0.20741790533065796,0.2301122546195984
25573,0,0,0,0,0,0,0,1,1.0,0.06839030981063843,0.17851558327674866
25575,0,0,0,0,0,0,0,0,1.0,0.16409236192703247,0.24234232306480408
25576,0,0,0,1,0,0,0,0,1.0,0.24258606135845184,0.24258606135845184
25582,0,0,0,0,0,1,0,0,1.0,0.16586127877235413,0.16586127877235413
25583,0,0,0,0,0,0,0,0,,,
25584,0,0,0,0,0,0,0,0,1.0,0.19114220142364502,0.2774308919906616
25585,0,0,0,0,0,0,0,0,1.0,0.22703960537910461,0.27184468507766724
25586,0,0,0,0,0,0,0,0,1.0,0.1272817850112915,0.1272817850112915
25587,0,0,1,0,0,0,0,0,1.0,0.2401357740163803,0.2676318287849426
25588,0,0,0,0,0,0,0,1,1.0,0.2698288857936859,0.3198407292366028
25589,0,0,0,0,0,1,0,1,1.0,0.3320176601409912,0.4233303666114807
25590,0,0,0,0,0,0,0,0,1.0,0.13795292377471924,0.13795292377471924
25592,0,0,0,0,0,0,0,0,1.0,0.06943894177675247,0.09227932244539261
25593,0,0,0,0,0,0,0,0,1.0,0.24390128254890442,0.26949411630630493
25594,0,0,0,0,0,0,0,0,1.0,0.22283819317817688,0.2294086366891861
25596,0,0,0,0,0,0,0,0,0.0,,
25603,0,0,0,1,0,0,1,0,1.0,0.12929657101631165,0.12929657101631165
25605,0,0,1,0,0,0,0,1,1.0,0.11271260678768158,0.11271260678768158
25606,0,0,0,0,0,0,0,0,1.0,0.2263849675655365,0.23113089799880981
25607,0,0,0,0,0,0,0,0,1.0,0.11929138004779816,0.11929138004779816
25608,0,0,0,0,0,0,0,0,1.0,0.21495972573757172,0.21741563081741333
25610,0,0,0,1,0,0,0,0,1.0,0.23912914097309113,0.23912914097309113
25613,1,1,0,0,0,0,0,1,1.0,0.11118794977664948,0.12211992591619492
25614,0,0,0,1,0,0,0,0,1.0,0.1643780767917633,0.20920681953430176
25615,0,0,0,0,0,0,0,0,1.0,0.1664849817752838,0.3608298897743225
25616,0,0,0,0,0,0,0,0,1.0,0.27892470359802246,0.27892470359802246
25617,0,0,0,1,1,0,0,0,1.0,0.42995306849479675,0.5219385027885437
25618,0,0,0,0,0,0,0,0,1.0,0.18122059106826782,0.18122059106826782
25619,0,0,0,0,0,0,0,0,1.0,0.2545252740383148,0.2545252740383148
25620,0,0,0,1,0,1,0,0,1.0,0.22945815324783325,0.2810513973236084
25634,0,0,0,1,0,0,0,0,1.0,0.2264607846736908,0.2544160783290863
25635,0,0,0,0,0,0,0,0,1.0,0.10786697268486023,0.14746719598770142
25641,0,0,0,1,0,1,0,0,1.0,0.2271006852388382,0.29435545206069946
25643,0,0,0,0,0,0,0,0,1.0,0.06169302389025688,0.08669111132621765
25644,0,0,0,0,0,0,0,1,1.0,0.05680147930979729,0.05680147930979729
25645,0,0,0,0,0,0,0,0,,,
25647,0,0,1,1,0,0,0,0,1.0,0.10397867113351822,0.10397867113351822
25649,0,0,0,1,0,0,0,0,1.0,0.20187634229660034,0.23631799221038818
25650,0,0,0,0,1,1,0,0,1.0,0.05897430703043938,0.05897430703043938
25652,0,0,1,0,0,0,0,1,1.0,0.3434462547302246,0.3668883740901947
25654,0,0,0,0,0,0,0,1,1.0,0.3447697162628174,0.36299294233322144
25655,0,0,0,0,0,0,0,0,1.0,0.14556315541267395,0.14556315541267395
25656,0,0,0,1,0,0,0,1,1.0,0.14105038344860077,0.19164523482322693
25657,0,0,0,0,0,0,0,0,1.0,0.1842205822467804,0.1842205822467804
25658,0,0,0,0,0,0,0,0,1.0,0.05737557262182236,0.07207479327917099
25659,0,0,0,0,0,0,0,0,0.5,0.3087196946144104,0.3087196946144104
25660,0,0,0,0,0,0,0,0,0.5,0.568786084651947,0.568786084651947
25662,0,0,0,1,0,0,1,1,1.0,0.2860502600669861,0.2957140803337097
25663,0,0,0,1,0,0,0,0,1.0,0.21678587794303894,0.21678587794303894
25665,0,0,0,0,0,0,0,1,1.0,0.2138688564300537,0.258512943983078
25670,0,0,0,0,0,0,0,0,1.0,0.3026123642921448,0.3026123642921448
25671,0,0,0,0,0,0,0,1,1.0,0.146158829331398,0.22380638122558594
25672,0,0,0,0,0,0,0,0,1.0,0.06285671889781952,0.07191112637519836
25673,0,0,0,0,1,0,0,1,1.0,0.04949465021491051,0.11005935817956924
25674,0,0,0,1,0,0,0,0,1.0,0.11244919151067734,0.15642832219600677
25677,0,0,0,0,0,0,0,0,1.0,0.19770146906375885,0.19770146906375885
25678,0,0,0,1,0,0,0,0,1.0,0.30796486139297485,0.48968905210494995
25679,0,0,0,0,0,0,0,0,1.0,0.506847620010376,0.5438566207885742
25680,0,0,0,0,0,0,0,0,1.0,0.27947521209716797,0.27947521209716797
25681,0,0,0,0,0,0,0,0,1.0,0.41681134700775146,0.41681134700775146
25682,0,0,0,0,0,0,0,0,0.0,,
25683,0,0,0,0,0,0,0,0,0.0,,
25684,0,0,0,1,0,0,0,0,0.5,0.2139708697795868,0.2139708697795868
25685,0,0,0,0,0,0,0,0,1.0,0.17592529952526093,0.20576928555965424
25689,0,0,1,0,0,0,1,0,1.0,0.26284855604171753,0.33605825901031494
25690,0,0,0,1,0,0,0,1,1.0,0.0941617488861084,0.1536881923675537
25691,0,0,0,0,0,0,0,0,0.3333333333333333,0.15926922857761383,0.15926922857761383
25692,0,0,0,0,0,0,0,0,1.0,0.091036856174469,0.091036856174469
25693,0,0,0,0,0,0,0,0,0.5,0.4672582447528839,0.4672582447528839
25694,0,0,0,0,0,0,0,0,1.0,0.46277591586112976,0.46277591586112976
25695,0,0,0,1,0,0,0,1,1.0,0.411628782749176,0.4523146152496338
25696,0,0,0,0,0,0,0,0,1.0,0.26871758699417114,0.34664854407310486
25697,0,0,0,0,0,0,0,0,1.0,0.155226930975914,0.19756659865379333
25700,0,0,0,0,1,0,0,0,1.0,0.12982380390167236,0.17531222105026245
25711,0,0,0,0,0,0,0,0,1.0,0.043334946036338806,0.043334946036338806
25712,0,0,0,0,0,0,0,1,1.0,0.2503546476364136,0.3244646489620209
25713,0,0,0,0,0,0,0,0,1.0,0.15920552611351013,0.15920552611351013
25714,1,1,0,1,0,0,0,0,1.0,0.4876205623149872,0.4876205623149872
25715,0,0,0,0,0,0,0,1,1.0,0.45430243015289307,0.45430243015289307
25716,0,0,0,0,0,0,0,0,1.0,0.2527097761631012,0.27012985944747925
25717,0,0,0,0,0,0,0,0,1.0,0.11319798976182938,0.27352821826934814
25720,0,0,0,0,0,0,0,0,1.0,0.10903763771057129,0.10903763771057129
25721,0,0,0,0,0,0,0,1,1.0,0.08537138253450394,0.18730045855045319
25722,0,0,0,0,0,0,0,0,1.0,0.23540902137756348,0.23540902137756348
25723,0,0,1,1,0,0,0,0,1.0,0.34057775139808655,0.507225513458252
25724,0,0,0,0,0,0,0,0,1.0,0.12422221899032593,0.1574731171131134
25725,0,0,0,0,0,0,0,0,1.0,0.057417407631874084,0.057417407631874084
25726,0,0,0,0,0,0,0,1,1.0,0.4349721372127533,0.4349721372127533
25727,0,0,0,0,0,0,0,0,1.0,0.18407706916332245,0.18407706916332245
25728,0,0,0,0,0,0,0,0,,,
25730,0,0,0,0,0,0,0,0,0.6666666666666666,0.21406510472297668,0.24180370569229126
25731,0,0,0,0,0,0,0,0,1.0,0.13517189025878906,0.13517189025878906
25732,0,0,0,0,0,0,0,0,1.0,0.04103969410061836,0.04103969410061836
25733,0,0,1,0,0,0,0,0,1.0,0.2853396534919739,0.35634350776672363
25737,0,0,0,0,1,0,0,1,1.0,0.16481687128543854,0.16897785663604736
25738,0,0,0,0,0,0,0,0,1.0,0.3027982711791992,0.3027982711791992
25743,0,0,1,1,1,0,0,0,1.0,0.2639200985431671,0.30568546056747437
25745,0,0,1,0,0,0,0,0,1.0,0.4392651319503784,0.4392651319503784
25746,0,0,0,0,0,0,0,0,1.0,0.21214616298675537,0.21214616298675537
25752,0,0,0,0,0,0,0,0,0.5,0.1235504150390625,0.1235504150390625
25753,0,0,0,1,0,0,0,0,1.0,0.2562507688999176,0.2562507688999176
25754,0,0,0,1,0,0,0,1,1.0,0.11910514533519745,0.11910514533519745
25755,0,0,0,0,0,0,0,0,1.0,0.28285548090934753,0.28604060411453247
25757,0,0,0,1,0,0,0,0,1.0,0.32127952575683594,0.32127952575683594
25758,0,0,0,0,0,0,1,0,1.0,0.19435152411460876,0.19435152411460876
25763,0,0,0,1,0,0,0,1,1.0,0.1826578676700592,0.21412993967533112
25776,0,0,0,0,0,0,0,0,1.0,0.13227593898773193,0.15410584211349487
25777,0,0,1,0,0,0,0,1,1.0,0.28563186526298523,0.31832873821258545
25778,0,0,0,1,0,0,0,0,1.0,0.3591034412384033,0.3591034412384033
25779,0,0,0,1,0,0,0,0,1.0,0.2185598611831665,0.2454606592655182
25782,0,0,0,1,0,0,0,0,1.0,0.11497712880373001,0.18097856640815735
25787,0,0,0,1,0,0,0,1,1.0,0.06525251269340515,0.06748777627944946
25788,0,0,0,0,0,0,0,1,1.0,0.2313990294933319,0.3393876552581787
25789,0,0,1,0,0,0,1,1,1.0,0.2664946913719177,0.31912535429000854
25810,0,0,0,1,0,0,0,1,0.5,0.06221240758895874,0.06221240758895874
25814,0,0,0,0,0,0,0,0,0.0,,
25817,0,0,0,1,1,0,0,0,1.0,0.3212999105453491,0.3212999105453491
25818,0,0,0,0,1,0,0,1,1.0,0.19097945094108582,0.19097945094108582
25819,0,0,0,0,0,0,0,0,1.0,0.24419251084327698,0.24419251084327698
25820,0,0,1,0,0,0,0,0,1.0,0.2898397445678711,0.4382655918598175
25822,0,0,0,1,0,0,0,0,1.0,0.13928347826004028,0.13928347826004028
25823,0,0,0,0,0,0,0,0,1.0,0.31418365240097046,0.3243686556816101
25825,0,0,0,0,0,0,0,0,1.0,0.2404778003692627,0.2502833604812622
25827,0,0,0,0,0,0,1,1,1.0,0.3110734522342682,0.3110734522342682
25831,0,0,0,1,0,1,0,0,1.0,0.24351158738136292,0.24351158738136292
25835,0,0,0,0,0,0,0,0,1.0,0.2220517247915268,0.2220517247915268
25849,0,0,0,0,0,0,0,0,1.0,0.053707800805568695,0.053707800805568695
25864,0,0,0,0,1,0,0,0,1.0,0.1913873553276062,0.1913873553276062
25865,0,0,0,0,1,0,0,0,1.0,0.25440093874931335,0.25440093874931335
25866,0,0,0,1,0,0,0,1,0.5,0.22650346159934998,0.22650346159934998
25870,0,0,0,0,0,0,1,0,1.0,0.2527591586112976,0.2697925269603729
25871,0,0,0,0,0,0,0,1,1.0,0.4014330506324768,0.4161900579929352
25876,0,0,0,0,0,0,0,1,1.0,0.1996975988149643,0.2589050531387329
25891,0,0,0,0,0,0,0,1,1.0,0.1687644124031067,0.2766045331954956
25892,0,0,0,0,0,0,0,0,1.0,0.15466471016407013,0.1632278859615326
25905,0,0,0,1,0,0,0,0,1.0,0.2772166430950165,0.4795079529285431
25907,0,0,0,0,0,0,0,0,1.0,0.04138294607400894,0.06043415516614914
25911,0,0,1,1,0,0,0,0,1.0,0.2748853266239166,0.2748853266239166
25912,0,0,0,1,0,0,0,0,1.0,0.28005242347717285,0.3915187418460846
25913,0,0,0,0,0,0,0,0,0.0,,
25914,0,0,0,0,0,0,0,0,1.0,0.2764842212200165,0.4133417010307312
25915,0,0,0,0,0,0,0,0,,,
25918,0,0,0,1,0,0,1,0,1.0,0.24928414821624756,0.3296196460723877
25921,0,0,0,0,0,0,0,0,1.0,0.08993729948997498,0.13141217827796936
25923,0,0,0,0,0,0,0,0,1.0,0.09676609188318253,0.09676609188318253
25924,0,0,0,0,0,0,0,1,1.0,0.12232895195484161,0.12830671668052673
25928,0,0,0,1,0,0,0,0,1.0,0.3073170483112335,0.3271064758300781
25929,0,0,0,0,0,0,0,1,1.0,0.19463685154914856,0.19914588332176208
25930,0,0,0,0,0,0,0,1,0.5,0.2968844771385193,0.2968844771385193
25931,0,0,1,1,0,0,0,1,1.0,0.44243380427360535,0.44243380427360535
25935,0,0,0,0,0,0,0,1,1.0,0.15919926762580872,0.16235199570655823
25937,0,0,0,0,0,0,0,0,1.0,0.0586707703769207,0.15916360914707184
25946,0,0,0,1,0,0,0,1,1.0,0.0920887291431427,0.0920887291431427
25947,0,0,0,0,0,0,0,0,,,
25948,0,0,0,0,0,0,0,0,1.0,0.043104685842990875,0.043104685842990875
25949,0,0,0,1,0,0,0,0,1.0,0.25306400656700134,0.30423563718795776
25950,0,0,0,0,0,0,0,0,1.0,0.1921558827161789,0.3171205222606659
25951,0,0,0,0,1,0,0,1,1.0,0.2714782953262329,0.2714782953262329
25954,0,0,0,0,0,0,0,0,1.0,0.013609085232019424,0.013609085232019424
25958,0,0,0,0,0,0,0,0,1.0,0.19791747629642487,0.22969312965869904
25959,0,0,0,0,0,0,0,1,1.0,0.06465411931276321,0.13734345138072968
25960,0,0,0,0,0,0,0,0,1.0,0.3327271342277527,0.33569544553756714
25965,0,0,0,0,0,0,0,1,1.0,0.13556165993213654,0.16140057146549225
25966,0,0,0,0,0,0,0,0,1.0,0.24228119850158691,0.2655029892921448
25967,0,0,0,0,0,0,0,1,1.0,0.3208363950252533,0.3243024945259094
25968,0,0,0,0,0,0,1,1,1.0,0.32034868001937866,0.32034868001937866
25969,0,0,0,1,0,1,0,0,1.0,0.30696946382522583,0.30696946382522583
25972,0,0,0,1,0,0,0,0,1.0,0.22050783038139343,0.4046313166618347
25973,0,0,0,1,0,0,0,0,1.0,0.4010532796382904,0.5862181186676025
25974,0,0,0,0,0,0,0,0,1.0,0.2570084035396576,0.3706311583518982
25975,0,0,0,1,0,0,0,0,1.0,0.2318490594625473,0.2900170087814331
25976,0,0,0,0,0,0,0,1,1.0,0.25164052844047546,0.28806397318840027
25977,0,0,0,1,0,0,0,0,1.0,0.20743225514888763,0.2162894606590271
25978,0,0,0,0,0,0,1,0,1.0,0.21798472106456757,0.3653625249862671
25981,0,0,0,1,0,0,0,0,1.0,0.3559839129447937,0.38747984170913696
25983,0,0,0,1,0,0,0,0,1.0,0.06024865433573723,0.11713272333145142
25984,0,0,0,1,0,0,0,0,1.0,0.11454424262046814,0.1355275958776474
25985,0,0,0,0,1,0,0,0,1.0,0.23383328318595886,0.24002641439437866
25986,0,0,0,0,0,0,1,1,1.0,0.2626270055770874,0.2629295587539673
25989,0,0,0,0,0,0,0,0,1.0,0.40286388993263245,0.40286388993263245
25991,0,0,0,0,0,0,0,0,1.0,0.15644939243793488,0.3060283958911896
25992,0,0,1,0,0,0,1,1,1.0,0.0616074874997139,0.14749902486801147
25994,0,0,0,1,0,0,0,0,1.0,0.06544279307126999,0.0830591470003128
25995,0,0,0,0,0,0,0,0,1.0,0.35352271795272827,0.35352271795272827
25996,0,0,0,0,0,0,0,0,0.5,0.21359911561012268,0.21359911561012268
25999,0,0,0,0,0,0,0,0,1.0,0.10648295283317566,0.10648295283317566
26003,0,0,0,0,0,0,0,0,1.0,0.12761624157428741,0.12761624157428741
26004,0,0,0,0,0,0,0,0,1.0,0.23119403421878815,0.23380088806152344
26012,0,0,0,1,0,0,0,1,1.0,0.07696512341499329,0.09152580797672272
26016,0,0,0,1,0,0,0,0,1.0,0.44502025842666626,0.44502025842666626
26019,0,0,0,0,0,0,0,0,1.0,0.21452952921390533,0.21452952921390533
26020,0,0,0,0,1,0,0,0,1.0,0.06673440337181091,0.07055672258138657
26021,0,0,0,0,0,0,0,0,1.0,0.08814047276973724,0.08814047276973724
26032,0,0,0,0,0,0,0,0,0.0,,
26033,0,0,0,0,0,0,0,0,1.0,0.18719328939914703,0.25091952085494995
26034,0,0,0,0,0,0,0,0,1.0,0.2678382396697998,0.3901382088661194
26035,0,0,0,1,0,0,1,0,1.0,0.2894360423088074,0.2894360423088074
26041,0,0,0,0,0,0,0,0,1.0,0.10706425458192825,0.14938786625862122
26042,0,0,0,0,0,0,0,0,1.0,0.201796755194664,0.26447394490242004
26043,0,0,1,1,0,0,0,0,1.0,0.19042329490184784,0.2392151653766632
26049,0,0,0,0,0,0,0,0,1.0,0.26385393738746643,0.26385393738746643
26050,0,0,0,0,0,0,1,0,1.0,0.13186831772327423,0.22033855319023132
26051,0,0,0,0,0,0,1,0,1.0,0.21341826021671295,0.21341826021671295
26052,0,0,1,0,0,0,0,0,1.0,0.28385987877845764,0.3250332474708557
26053,0,0,0,0,0,0,0,0,0.5,0.11241410672664642,0.11241410672664642
26054,0,0,0,0,0,0,1,1,1.0,0.14983433485031128,0.15419626235961914
26065,0,0,1,1,0,0,0,0,1.0,0.3366175889968872,0.3366175889968872
26066,0,0,0,0,0,0,0,0,1.0,0.22825577855110168,0.22825577855110168
26067,0,0,0,0,0,0,0,1,1.0,0.12725317478179932,0.16649873554706573
26072,0,0,0,0,0,0,0,1,1.0,0.16195183992385864,0.1925562024116516
26073,0,0,0,1,0,0,0,0,1.0,0.2210167497396469,0.2210167497396469
26094,0,0,1,0,0,0,0,0,1.0,0.19002175331115723,0.19002175331115723
26108,0,0,0,0,0,0,0,0,0.0,,
26109,0,0,0,1,0,0,0,1,1.0,0.1837184876203537,0.2531281113624573
26118,0,0,0,0,0,0,0,0,1.0,0.1264612078666687,0.1264612078666687
26120,0,0,0,0,0,0,1,0,1.0,0.26763224601745605,0.34283605217933655
26121,0,0,0,1,0,0,0,0,1.0,0.10474580526351929,0.20283538103103638
26122,0,0,0,0,1,0,0,0,1.0,0.3465302288532257,0.3465302288532257
26125,0,0,0,0,0,0,0,0,1.0,0.18030202388763428,0.19376924633979797
26134,0,0,0,0,0,0,0,0,1.0,0.2577618658542633,0.2577618658542633
26137,0,0,0,0,1,0,0,0,1.0,0.13158687949180603,0.16530020534992218
26138,0,0,0,0,0,0,0,0,1.0,0.3195686340332031,0.38187602162361145
26139,0,0,0,0,0,0,0,0,1.0,0.13318708539009094,0.13318708539009094
26147,0,0,0,0,0,0,0,0,1.0,0.11634105443954468,0.12010188400745392
26148,0,0,0,0,0,0,0,1,1.0,0.17699241638183594,0.23643679916858673
26163,0,0,0,0,0,0,0,0,1.0,0.10323144495487213,0.10323144495487213
26183,0,0,0,0,0,0,0,0,1.0,0.23363900184631348,0.28209733963012695
26190,0,0,0,0,0,0,0,1,1.0,0.13794414699077606,0.13794414699077606
26205,0,0,0,0,0,0,0,0,1.0,0.20249469578266144,0.21202892065048218
26206,0,0,1,0,0,0,0,1,1.0,0.28204843401908875,0.34816354513168335
26210,0,0,0,1,0,0,1,1,1.0,0.20673589408397675,0.2646409869194031
26238,0,0,0,0,0,0,0,0,1.0,0.34465599060058594,0.3703407347202301
26242,0,0,0,0,0,0,0,0,1.0,0.3714197278022766,0.4262652099132538
26243,0,0,0,0,0,0,0,0,1.0,0.3357093334197998,0.4936511516571045
26253,0,0,0,0,0,0,0,1,1.0,0.31575706601142883,0.31575706601142883
26254,0,0,0,0,0,0,0,1,1.0,0.2098046839237213,0.2355019450187683
26264,0,0,0,0,0,0,0,0,1.0,0.06451702117919922,0.09626880288124084
26265,0,0,0,0,0,0,0,0,1.0,0.25252366065979004,0.25252366065979004
26266,0,0,1,0,0,0,0,0,1.0,0.30653804540634155,0.335410475730896
26267,0,0,0,0,0,0,0,1,1.0,0.13247841596603394,0.23257000744342804
26268,0,0,0,0,0,0,0,0,1.0,0.1671326756477356,0.21868786215782166
26277,0,0,0,0,0,0,0,1,1.0,0.1509632021188736,0.18482428789138794
26278,0,0,0,0,0,0,0,0,1.0,0.1025899350643158,0.12822426855564117
26290,0,0,0,0,0,0,0,0,1.0,0.2167523354291916,0.21706457436084747
26294,0,0,0,0,0,0,0,0,0.0,,
26296,0,0,0,0,0,0,0,0,1.0,0.4390028417110443,0.4390028417110443
26303,0,0,0,1,0,0,0,1,1.0,0.4880044460296631,0.49119484424591064
26307,0,0,0,0,0,0,0,1,1.0,0.22468669712543488,0.2943926751613617
26311,0,0,0,0,1,0,1,0,1.0,0.31867706775665283,0.3245279788970947
26331,0,0,0,0,0,0,0,0,,,
26425,0,0,0,0,0,0,0,0,1.0,0.24727262556552887,0.4020482003688812
25059,0,0,0,0,0,0,1,0,1.0,0.058665648102760315,0.07571195811033249
25151,0,0,0,0,1,1,0,1,1.0,0.3350946307182312,0.41038036346435547
25249,0,0,0,1,0,0,0,0,1.0,0.19194155931472778,0.19194155931472778
25267,1,2,0,0,0,0,0,0,0.5,0.09927303344011307,0.09927303344011307
26413,1,1,0,1,0,0,1,0,1.0,0.2726409137248993,0.38945960998535156
26427,0,0,0,0,1,0,0,0,1.0,0.14779001474380493,0.14779001474380493
26476,0,0,1,0,0,0,0,0,1.0,0.41963818669319153,0.46874111890792847
26480,0,0,0,1,0,1,0,0,1.0,0.234670951962471,0.234670951962471
26501,0,0,1,0,0,0,0,0,0.5,0.1316029280424118,0.1316029280424118
26505,0,0,1,0,0,0,0,0,1.0,0.2050022929906845,0.2050022929906845
26525,0,0,0,1,0,1,0,0,1.0,0.12704244256019592,0.12704244256019592
26554,0,0,0,0,1,0,0,1,1.0,0.22707638144493103,0.22707638144493103
26564,0,0,0,0,0,0,0,0,1.0,0.3063061833381653,0.3063061833381653
26654,0,0,0,0,0,0,0,0,1.0,0.20316734910011292,0.20316734910011292
26655,0,0,1,1,0,0,0,1,1.0,0.26249855756759644,0.3134130537509918
26657,0,0,0,0,0,0,0,0,1.0,0.11757934093475342,0.15997233986854553
26658,0,0,0,0,0,0,0,0,0.0,,
26659,0,0,0,1,0,0,1,1,1.0,0.22529859840869904,0.2836827039718628
26660,0,0,1,0,0,0,0,0,1.0,0.262265145778656,0.27445948123931885
26661,0,0,0,0,0,0,0,0,1.0,0.1181807816028595,0.1181807816028595
26662,0,0,0,1,0,0,0,0,1.0,0.15886440873146057,0.18539799749851227
26663,0,0,0,1,0,0,0,1,1.0,0.29613447189331055,0.3320810794830322
26666,0,0,0,0,0,0,0,0,1.0,0.2890419661998749,0.2890419661998749
26667,0,0,0,1,0,0,0,0,1.0,0.1173648089170456,0.1173648089170456
26668,0,0,0,0,0,0,0,0,0.0,,
26669,0,0,0,1,1,0,0,0,1.0,0.25693053007125854,0.3121267259120941
26670,0,0,0,1,0,0,0,0,1.0,0.3285539448261261,0.3285539448261261
26671,0,0,0,1,0,0,1,0,1.0,0.18083806335926056,0.25808799266815186
26673,0,0,0,0,0,0,0,0,1.0,0.15235738456249237,0.2681032419204712
26675,0,0,0,0,1,0,0,1,1.0,0.26354309916496277,0.26354309916496277
26676,0,0,0,1,0,0,1,0,1.0,0.20705698430538177,0.2771730422973633
26681,0,0,0,1,0,0,0,0,1.0,0.21217767894268036,0.32238760590553284
26690,0,0,0,1,0,0,1,0,1.0,0.27837273478507996,0.2844264507293701
26693,0,0,1,1,0,0,0,0,1.0,0.334522545337677,0.4112650454044342
26703,1,1,0,1,0,0,0,0,1.0,0.1916918009519577,0.2122965008020401
26704,0,0,0,0,0,0,0,0,1.0,0.3575793504714966,0.3575793504714966
26705,0,0,0,1,0,0,0,0,1.0,0.08090560138225555,0.08090560138225555
26706,0,0,0,0,0,0,0,0,1.0,0.3214147686958313,0.4256213307380676
26707,0,0,0,1,0,0,0,0,1.0,0.0649745836853981,0.09266635030508041
26708,0,0,0,0,0,0,0,0,0.0,,
26709,0,0,0,0,0,0,0,0,1.0,0.3405703008174896,0.4134345054626465
26710,0,0,1,1,0,0,0,0,0.5,0.05757717043161392,0.05757717043161392
26711,0,0,0,0,0,0,0,1,1.0,0.22477228939533234,0.2418949007987976
26712,0,0,0,0,0,0,0,0,1.0,0.20460078120231628,0.29572242498397827
26713,0,0,0,0,0,0,0,0,1.0,0.03139830753207207,0.03139830753207207
26715,0,0,0,0,0,0,0,0,1.0,0.22384533286094666,0.2616850733757019
26716,0,0,0,0,0,0,0,1,1.0,0.2542074918746948,0.30661118030548096
26717,0,0,0,1,0,0,0,0,1.0,0.21824075281620026,0.21824075281620026
26718,0,0,1,0,1,0,0,0,1.0,0.15370211005210876,0.29214370250701904
26719,0,0,0,1,0,0,0,0,1.0,0.16076955199241638,0.18264363706111908
26720,0,0,0,0,0,0,0,0,0.0,,
26722,0,0,0,0,0,0,0,0,1.0,0.43107569217681885,0.5098673105239868
26723,0,0,0,0,0,0,0,1,1.0,0.12540338933467865,0.18134745955467224
26724,0,0,0,0,0,0,0,1,1.0,0.19427552819252014,0.19514217972755432
26725,0,0,0,0,0,0,0,0,0.3333333333333333,0.02874802052974701,0.02874802052974701
26726,0,0,0,1,0,0,0,1,1.0,0.25763818621635437,0.25763818621635437
26727,0,0,0,0,0,0,0,0,1.0,0.24569444358348846,0.29892510175704956
26730,0,0,0,0,0,0,0,0,1.0,0.24367231130599976,0.3059045076370239
26732,0,0,0,0,0,0,0,0,1.0,0.2144206166267395,0.31266307830810547
26733,0,0,0,0,0,0,1,0,1.0,0.17301565408706665,0.18395602703094482
26734,0,0,0,1,1,0,0,1,1.0,0.28613901138305664,0.3452654480934143
26735,1,1,0,0,0,0,0,0,0.0,,
26736,0,0,0,1,0,0,0,0,1.0,0.24729126691818237,0.37500494718551636
26737,0,0,0,0,0,0,0,0,1.0,0.2878156900405884,0.30451178550720215
26738,0,0,0,0,0,0,0,0,0.6666666666666666,0.13236720860004425,0.2795727252960205
26739,0,0,0,0,0,0,0,0,1.0,0.17286863923072815,0.24190744757652283
26740,0,0,0,0,0,0,0,0,1.0,0.1672862321138382,0.21888726949691772
26741,0,0,0,1,0,0,0,0,1.0,0.3557612895965576,0.3557612895965576
26742,0,0,0,0,0,0,0,0,1.0,0.20224779844284058,0.20747099816799164
26743,0,0,0,0,0,0,1,1,1.0,0.2928306758403778,0.338817834854126
26749,0,0,0,0,0,0,0,0,0.0,,
26750,0,0,0,0,1,1,0,1,1.0,0.25406020879745483,0.2757253646850586
26751,0,0,0,0,1,0,0,0,1.0,0.3119896948337555,0.41309040784835815
26752,0,0,0,0,0,0,1,0,1.0,0.3109072148799896,0.3356969952583313
26753,0,0,1,0,0,0,0,0,1.0,0.2094893902540207,0.2094893902540207
26754,0,0,0,0,0,0,0,0,1.0,0.1099524050951004,0.2063419669866562
26755,0,0,0,0,0,0,0,0,1.0,0.13129748404026031,0.17970207333564758
26756,0,0,0,1,1,0,0,1,1.0,0.270632266998291,0.270632266998291
26763,0,0,0,0,0,0,0,0,1.0,0.024390721693634987,0.024390721693634987
26764,0,0,0,0,0,0,0,0,0.5,0.10279881209135056,0.10279881209135056
26768,0,0,0,0,0,0,0,0,0.5,0.15710300207138062,0.15710300207138062
26769,0,0,0,0,0,0,0,0,1.0,0.21387392282485962,0.2796698808670044
26770,0,0,0,0,0,0,0,1,1.0,0.10777163505554199,0.148630291223526
26776,0,0,0,1,0,0,0,0,1.0,0.30292755365371704,0.3333612084388733
26778,0,0,0,0,0,0,0,0,0.0,,
26779,0,0,0,0,0,0,0,0,1.0,0.21236370503902435,0.24981488287448883
26780,0,0,0,1,0,0,0,0,1.0,0.22526967525482178,0.30947405099868774
26781,0,0,0,0,0,0,0,0,1.0,0.16978177428245544,0.1709406077861786
26782,0,0,0,0,0,0,1,1,1.0,0.24235858023166656,0.24235858023166656
26783,0,0,0,0,0,0,0,0,1.0,-0.0002446770668029785,0.03892059624195099
26784,0,0,0,1,1,1,0,1,1.0,0.21376541256904602,0.21376541256904602
26792,0,0,0,0,0,0,0,0,1.0,0.40750211477279663,0.5104528665542603
26793,0,0,0,1,0,0,0,0,1.0,0.29537448287010193,0.29537448287010193
26794,0,0,0,0,0,0,0,0,1.0,0.35363611578941345,0.35363611578941345
26795,0,0,0,0,0,0,0,0,0.3333333333333333,0.21084186434745789,0.21084186434745789
26796,1,1,0,0,0,0,0,0,1.0,0.15907159447669983,0.23674336075782776
26797,0,0,0,0,0,0,0,0,1.0,0.12193325161933899,0.19529423117637634
26800,0,0,0,0,0,0,0,0,1.0,0.23008857667446136,0.26322120428085327
26801,0,0,0,1,0,0,0,0,0.5,0.17715704441070557,0.17715704441070557
26802,0,0,0,0,0,0,0,0,1.0,0.11869561672210693,0.1270098090171814
26803,0,0,0,1,0,0,0,0,1.0,0.18526208400726318,0.24802166223526
26806,0,0,0,0,0,0,0,0,1.0,0.18722036480903625,0.2239147424697876
26807,0,0,0,0,0,0,0,0,1.0,0.2028302401304245,0.2028302401304245
26808,0,0,0,1,0,1,0,0,1.0,0.23235128819942474,0.30123835802078247
26809,0,0,0,1,0,0,0,1,1.0,0.15348821878433228,0.201492577791214
26810,0,0,0,0,1,0,0,0,1.0,-0.0011084210127592087,0.022608023136854172
26811,0,0,0,0,0,0,0,0,1.0,0.2154543250799179,0.2581160366535187
26812,0,0,0,0,0,0,0,0,1.0,0.16937467455863953,0.16937467455863953
26813,0,0,0,0,0,0,0,0,1.0,0.28562265634536743,0.37117063999176025
26814,0,0,0,0,1,0,0,0,1.0,0.34346914291381836,0.35307013988494873
26818,0,0,0,0,0,0,0,0,1.0,0.18093501031398773,0.18093501031398773
26819,0,0,0,1,0,1,0,0,0.5,0.22625988721847534,0.22625988721847534
26825,0,0,0,1,0,0,0,0,1.0,0.4263283610343933,0.4263283610343933
26847,0,0,0,0,0,0,0,0,1.0,0.19861818850040436,0.31635409593582153
26850,0,0,0,1,0,0,0,1,1.0,0.20050650835037231,0.30111074447631836
26851,0,0,0,0,0,0,0,0,1.0,0.14005208015441895,0.16570839285850525
26852,0,0,0,1,1,0,0,0,1.0,0.06458599120378494,0.09831345081329346
26859,0,0,0,0,0,0,0,0,1.0,0.1054130494594574,0.11485831439495087
26860,0,0,0,0,0,0,0,0,1.0,0.16628411412239075,0.19113922119140625
26861,0,0,0,0,0,0,0,0,1.0,0.18451842665672302,0.238358274102211
26862,0,0,1,0,0,0,1,0,1.0,0.18603694438934326,0.21280688047409058
26863,0,0,0,0,0,0,0,0,1.0,0.23389726877212524,0.23389726877212524
26869,0,0,0,0,0,0,0,1,1.0,0.2131478190422058,0.27677223086357117
26870,0,0,0,0,0,0,0,0,1.0,0.10886041074991226,0.10886041074991226
26871,0,0,0,0,0,0,0,0,1.0,0.24221070110797882,0.2567801773548126
26872,0,0,0,1,0,0,0,0,1.0,0.2243255376815796,0.2243255376815796
26876,0,0,0,1,0,0,0,0,1.0,0.2000667303800583,0.2000667303800583
26877,1,1,1,0,0,0,1,0,1.0,0.24195288121700287,0.2853584885597229
26880,0,0,0,1,0,0,0,0,1.0,0.20346291363239288,0.20346291363239288
26881,0,0,0,0,0,0,0,0,1.0,0.3145213723182678,0.43366050720214844
26882,0,0,0,1,0,0,0,0,1.0,0.23900051414966583,0.3789542615413666
26883,0,0,1,1,1,0,1,0,1.0,0.19333204627037048,0.22679802775382996
26885,0,0,0,0,0,0,0,0,1.0,0.05285482853651047,0.05285482853651047
26890,0,0,0,0,0,0,0,0,1.0,0.24020077288150787,0.3573751747608185
26897,0,0,0,0,0,0,0,0,1.0,0.23044677078723907,0.2984761595726013
26898,0,0,0,0,0,0,1,1,1.0,0.29352110624313354,0.29352110624313354
26899,0,0,0,0,0,0,0,0,1.0,0.1492830514907837,0.18585637211799622
26900,0,0,0,0,0,0,0,0,1.0,0.3397715985774994,0.5296348929405212
26901,0,0,0,0,0,0,0,0,1.0,0.149636909365654,0.15520256757736206
26902,0,0,0,0,0,0,0,0,1.0,0.27580076456069946,0.354755163192749
26903,0,0,0,0,0,0,0,0,1.0,0.09332785755395889,0.15710893273353577
26907,0,0,0,0,0,0,1,0,1.0,0.14867043495178223,0.1795903444290161
26912,0,0,0,0,1,1,0,0,1.0,0.20994922518730164,0.20994922518730164
26913,0,0,0,0,0,0,0,0,1.0,0.15431095659732819,0.19216760993003845
27037,0,0,0,0,0,0,0,0,1.0,0.008797219023108482,0.00957448035478592
27038,0,0,0,0,0,0,0,1,1.0,0.18109458684921265,0.18407398462295532
27039,0,0,0,0,0,0,0,0,1.0,0.0983002781867981,0.12120769917964935
27040,0,0,0,0,0,0,0,0,1.0,0.2614978551864624,0.2614978551864624
27041,0,0,0,1,0,0,0,0,1.0,0.22801728546619415,0.2642291486263275
27042,0,0,0,0,0,0,0,0,1.0,0.17636822164058685,0.2723377048969269
27045,0,0,0,0,0,0,0,1,1.0,0.17004653811454773,0.19205611944198608
27046,0,0,1,1,0,0,0,1,1.0,0.1444309502840042,0.1734822392463684
27047,0,0,0,0,0,0,0,1,1.0,0.2399427890777588,0.2979193925857544
27048,0,0,0,0,0,0,0,0,1.0,0.29576408863067627,0.33878737688064575
27049,0,0,1,0,0,0,0,0,0.3333333333333333,0.09579259157180786,0.09579259157180786
27050,0,0,0,0,0,0,0,0,1.0,0.11874395608901978,0.18410943448543549
27051,0,0,0,0,0,0,0,0,0.5,0.12974746525287628,0.12974746525287628
27052,0,0,1,0,0,0,0,0,1.0,0.3326706886291504,0.4224510192871094
27054,0,0,0,1,0,0,0,0,1.0,0.2997966706752777,0.30167216062545776
27055,0,0,0,1,0,0,0,0,1.0,0.15978853404521942,0.1716129332780838
27078,0,0,0,0,0,0,0,1,1.0,0.1977503001689911,0.21132223308086395
27085,0,0,1,0,0,0,0,0,1.0,-0.019457103684544563,-0.019457103684544563
27086,0,0,0,1,0,0,0,0,0.5,0.1924075484275818,0.1924075484275818
27090,0,0,1,0,0,0,0,1,1.0,0.31068146228790283,0.37289565801620483
27091,0,0,0,0,0,0,0,0,1.0,0.30748921632766724,0.5268596410751343
27092,0,0,0,0,0,0,0,0,0.5,0.42733386158943176,0.42733386158943176
27094,0,0,0,0,0,0,0,0,1.0,0.14773176610469818,0.17246344685554504
27095,0,0,0,1,0,0,0,0,1.0,0.018541179597377777,0.04345160722732544
27096,0,0,0,0,0,0,0,0,1.0,0.2639230191707611,0.35597074031829834
27097,0,0,1,1,0,0,0,1,1.0,0.1273118257522583,0.2133578062057495
27108,0,0,0,0,0,0,0,1,1.0,0.2734626531600952,0.2843322455883026
27109,0,0,0,1,1,0,1,0,1.0,0.09917321056127548,0.13184905052185059
27124,0,0,0,0,0,1,0,0,1.0,0.1767459213733673,0.1767459213733673
27137,0,0,0,0,0,0,0,0,1.0,0.24154557287693024,0.3498130440711975
27140,0,0,0,0,0,0,0,0,1.0,0.10863956063985825,0.1400822103023529
27141,0,0,0,1,0,0,0,0,1.0,0.13159088790416718,0.14820829033851624
27142,0,0,0,0,0,1,0,0,1.0,0.29813912510871887,0.31368929147720337
27143,0,0,0,0,0,0,0,0,0.5,0.09548121690750122,0.09548121690750122
27146,0,0,0,0,0,0,0,0,1.0,0.2762916088104248,0.3176121115684509
27147,0,0,0,1,0,0,0,0,1.0,0.2045379877090454,0.23889490962028503
27150,0,0,0,1,0,0,1,0,1.0,0.19603729248046875,0.3204835057258606
27151,0,0,0,0,0,0,0,0,1.0,0.26610612869262695,0.26610612869262695
27152,0,0,0,0,0,0,0,0,1.0,0.11172307282686234,0.13831618428230286
27153,0,0,0,1,0,0,0,1,1.0,0.15140488743782043,0.23424595594406128
27154,0,0,0,0,0,0,0,1,1.0,0.19440634548664093,0.19440634548664093
27155,0,0,0,1,0,0,0,0,1.0,0.16950586438179016,0.18167030811309814
27157,0,0,0,0,0,0,0,1,1.0,0.2787109315395355,0.28922510147094727
27158,0,0,0,0,0,0,0,0,0.6666666666666666,0.22962763905525208,0.3159061372280121
27159,0,0,0,1,0,0,0,0,1.0,0.1149451732635498,0.11537560820579529
27160,0,0,1,0,0,0,0,0,0.5,0.14839814603328705,0.14839814603328705
27161,0,0,0,0,0,0,0,1,0.75,0.19228315353393555,0.2711015045642853
27162,0,0,0,0,0,0,0,1,1.0,0.29321932792663574,0.3259771168231964
27164,0,0,0,0,0,0,0,0,1.0,0.2878563404083252,0.2885928750038147
27165,0,0,0,0,0,0,0,0,1.0,0.19459286332130432,0.19712404906749725
27166,0,0,0,1,0,0,0,1,1.0,0.07838793098926544,0.08024027943611145
27167,0,0,0,0,0,0,0,0,1.0,0.20314942300319672,0.3692474365234375
27168,0,0,0,0,1,0,0,0,1.0,0.20761561393737793,0.20761561393737793
27172,0,0,0,0,0,0,0,0,1.0,0.12081117182970047,0.14889606833457947
27173,0,0,0,0,0,0,0,1,0.6666666666666666,0.12212619930505753,0.16885408759117126
27174,0,0,0,0,0,0,0,0,1.0,0.24301698803901672,0.24301698803901672
27175,0,0,0,0,0,0,0,0,1.0,0.19348078966140747,0.2670052647590637
27176,0,0,0,0,0,0,0,0,1.0,0.028856860473752022,0.028856860473752022
27177,0,0,0,1,0,0,0,1,1.0,0.24611297249794006,0.29707545042037964
27178,0,0,0,0,0,0,0,0,1.0,0.287784218788147,0.287784218788147
27184,0,0,0,1,0,0,0,0,1.0,0.3625893294811249,0.37922489643096924
27185,0,0,0,1,0,0,0,0,1.0,0.11030621826648712,0.1648872345685959
27190,0,0,0,0,0,0,0,0,1.0,0.22703373432159424,0.22703373432159424
27191,0,0,0,0,0,0,0,0,1.0,0.1100388765335083,0.1100388765335083
27194,0,0,0,0,0,0,0,0,0.5,0.10107631236314774,0.10107631236314774
27195,0,0,0,0,0,0,0,0,1.0,0.0034804195165634155,0.05046318471431732
27198,0,0,0,0,0,0,0,0,1.0,0.21684756875038147,0.21684756875038147
27205,0,0,0,1,0,0,0,0,1.0,0.13816778361797333,0.20883305370807648
27206,0,0,0,1,1,0,1,0,1.0,0.2164769321680069,0.28864380717277527
27219,0,0,0,0,0,0,0,0,1.0,0.13825294375419617,0.1402357518672943
27221,0,0,0,0,0,0,0,0,0.0,,
27222,0,0,0,0,0,1,0,0,1.0,0.37828734517097473,0.37828734517097473
27224,0,0,0,0,1,0,0,0,1.0,0.26201003789901733,0.26800552010536194
27248,0,0,0,1,0,0,1,0,1.0,0.2134212702512741,0.21956372261047363
27249,0,0,1,1,0,0,0,0,1.0,0.12295381724834442,0.22337816655635834
27250,0,0,0,0,0,0,0,0,0.6666666666666666,0.3641422986984253,0.3659437894821167
27251,0,0,0,0,0,0,0,0,0.5,0.16917797923088074,0.16917797923088074
27252,1,3,0,0,0,0,0,0,0.6666666666666666,0.15203791856765747,0.23122598230838776
27253,0,0,0,0,0,0,0,0,1.0,0.11111005395650864,0.13897040486335754
27255,0,0,0,1,0,0,0,1,1.0,0.2588891386985779,0.2588891386985779
27258,0,0,0,0,0,0,0,1,1.0,0.17996534705162048,0.25084805488586426
27260,0,0,0,1,0,0,0,0,1.0,0.5445613861083984,0.5445613861083984
27261,0,0,0,0,0,0,0,0,1.0,0.1970730721950531,0.1970730721950531
27262,0,0,0,0,0,0,0,0,1.0,0.08420613408088684,0.08420613408088684
27263,0,0,0,0,1,1,1,0,1.0,0.2919130325317383,0.3801707625389099
27264,0,0,0,1,0,0,0,0,1.0,0.2984691858291626,0.3074911832809448
27267,0,0,0,0,0,0,0,1,1.0,0.4296557903289795,0.48053810000419617
27268,0,0,0,1,0,0,1,1,1.0,0.16220124065876007,0.20220084488391876
27269,0,0,0,1,0,0,0,0,1.0,0.3798518776893616,0.411355197429657
27361,1,1,0,0,0,0,0,0,1.0,0.40049147605895996,0.4040551483631134
26837,0,0,0,0,1,0,0,0,1.0,0.20250408351421356,0.20250408351421356
26884,0,0,0,1,0,0,0,0,1.0,0.3101142644882202,0.3101142644882202
27201,0,0,0,0,0,0,0,0,0.3333333333333333,0.10701705515384674,0.10701705515384674
27254,0,0,0,1,0,0,1,0,1.0,0.1769154667854309,0.1769154667854309
27424,0,0,0,0,0,0,0,0,0.5,0.024167947471141815,0.024167947471141815
27491,0,0,0,0,0,0,0,0,1.0,0.16835109889507294,0.16835109889507294
27492,0,0,0,0,0,0,0,0,1.0,0.1698824167251587,0.1698824167251587
27583,0,0,0,1,0,0,0,0,1.0,0.14110364019870758,0.20013666152954102
27655,0,0,0,1,0,0,0,1,1.0,0.056285109370946884,0.11150024831295013
27664,0,0,0,0,0,0,0,0,0.6666666666666666,-0.021415531635284424,-0.008820349350571632
27666,0,0,0,0,0,0,0,0,1.0,0.2649075388908386,0.2649075388908386
27667,0,0,0,0,1,0,0,0,1.0,0.2846570909023285,0.28828710317611694
27668,0,0,0,1,0,0,0,1,1.0,0.20382843911647797,0.258187472820282
27669,0,0,0,0,0,0,0,0,1.0,0.1788058876991272,0.1788058876991272
27670,0,0,0,0,0,0,0,0,1.0,0.15228228271007538,0.15228228271007538
27671,0,0,0,0,0,0,0,0,1.0,0.13309383392333984,0.13309383392333984
27672,0,0,0,1,0,0,0,0,1.0,0.16610226035118103,0.1978173553943634
27673,0,0,0,0,0,0,0,0,1.0,0.16461950540542603,0.2531735301017761
27674,0,0,0,0,0,0,0,0,1.0,0.30861514806747437,0.4409750699996948
27675,0,0,0,0,0,0,0,0,1.0,0.18558481335639954,0.19107216596603394
27676,0,0,0,0,0,0,0,0,1.0,0.2432173490524292,0.2968400716781616
27677,0,0,0,1,0,0,0,0,1.0,0.17735502123832703,0.2013956755399704
27678,0,0,0,1,0,0,0,1,1.0,0.292512446641922,0.29347145557403564
27679,0,0,0,0,0,0,0,0,1.0,0.23438990116119385,0.24546390771865845
27680,0,0,1,0,0,0,0,0,1.0,0.3354734182357788,0.3812864422798157
27683,0,0,0,0,0,0,0,0,1.0,0.19400063157081604,0.19808436930179596
27684,0,0,0,0,0,0,0,0,1.0,0.22784604132175446,0.24552425742149353
27685,0,0,0,0,0,0,0,0,0.3333333333333333,0.2213643491268158,0.2213643491268158
27686,0,0,0,0,0,0,0,1,1.0,0.2362699657678604,0.27451592683792114
27687,0,0,0,1,0,0,0,0,1.0,0.16342909634113312,0.21606633067131042
27690,0,0,0,1,0,0,0,0,1.0,0.14018556475639343,0.3167664110660553
27691,0,0,0,0,0,0,0,0,1.0,0.16849343478679657,0.27440348267555237
27692,0,0,0,0,0,0,0,0,1.0,0.2659565806388855,0.31817084550857544
27693,0,0,0,0,0,0,0,0,1.0,0.1567365825176239,0.22088821232318878
27694,0,0,0,0,1,0,0,0,1.0,0.14383603632450104,0.21569864451885223
27695,0,0,0,1,0,0,0,0,1.0,0.03235611319541931,0.03235611319541931
27696,0,0,0,1,0,0,0,0,1.0,0.10495103895664215,0.12775225937366486
27697,0,0,0,0,0,0,0,0,1.0,0.17580145597457886,0.22956731915473938
27698,0,0,0,1,0,0,0,0,1.0,0.10181346535682678,0.12078049778938293
27699,0,0,0,0,0,0,0,0,0.5,0.30816617608070374,0.30816617608070374
27700,0,0,0,0,0,0,0,0,1.0,0.13654690980911255,0.2101154774427414
27701,0,0,0,0,0,0,0,0,1.0,0.3663775622844696,0.4059246778488159
27702,0,0,0,1,0,0,0,0,1.0,0.23432083427906036,0.26114368438720703
27703,0,0,0,0,0,0,0,0,0.5,0.2730351984500885,0.2730351984500885
27704,0,0,0,1,0,0,0,1,1.0,0.2596360445022583,0.3085920810699463
27705,0,0,0,1,0,0,0,0,1.0,0.2444469928741455,0.2948923707008362
27707,0,0,0,0,0,0,0,0,1.0,0.2578180432319641,0.2829594910144806
27708,0,0,0,0,0,0,0,0,0.0,,
27710,0,0,0,0,0,0,0,0,1.0,0.22113853693008423,0.2426825910806656
27712,0,0,0,1,0,0,0,0,1.0,0.1811603307723999,0.32031118869781494
27713,0,0,0,0,0,0,0,0,1.0,0.05244000256061554,0.06808272004127502
27714,0,0,0,1,0,0,0,0,1.0,0.16793592274188995,0.2798791229724884
27725,0,0,0,0,0,0,0,0,0.0,,
27728,1,1,1,1,0,0,0,0,1.0,0.23650553822517395,0.24828124046325684
27734,0,0,0,1,0,0,0,0,1.0,0.19906483590602875,0.21682456135749817
27735,0,0,0,1,0,0,0,1,1.0,0.233781635761261,0.24792639911174774
27740,0,0,0,1,0,0,0,0,1.0,0.13752003014087677,0.20153221487998962
27754,0,0,0,1,0,0,0,1,1.0,0.1278049498796463,0.1278049498796463
27762,0,0,0,0,1,0,0,0,1.0,0.1440618634223938,0.1440618634223938
27763,0,0,0,0,0,0,0,0,1.0,0.26314693689346313,0.26314693689346313
27766,0,0,1,0,1,0,0,0,1.0,0.1710757315158844,0.20148958265781403
27774,0,0,0,1,0,0,0,0,1.0,0.16185235977172852,0.1940007507801056
27785,0,0,0,0,0,0,0,0,0.0,,
27806,0,0,0,1,0,0,0,0,1.0,0.25444647669792175,0.316911906003952
27807,0,0,0,0,0,0,0,0,0.0,,
27808,0,0,0,1,0,0,0,0,1.0,0.25635600090026855,0.3174731433391571
27809,0,0,0,0,0,0,0,0,1.0,0.30487024784088135,0.36737555265426636
27810,0,0,0,0,0,0,0,0,1.0,0.07708625495433807,0.11345020681619644
27811,0,0,0,0,0,0,0,0,1.0,0.13990803062915802,0.22649875283241272
27812,0,0,0,0,0,0,0,0,1.0,0.1604752540588379,0.22812460362911224
27813,0,0,1,1,0,0,0,0,1.0,0.27380356192588806,0.27478474378585815
27814,0,0,0,1,0,0,0,0,1.0,0.17557160556316376,0.17557160556316376
27815,0,0,0,0,0,0,0,0,1.0,0.2983931303024292,0.30728915333747864
27816,0,0,0,1,0,0,0,0,1.0,0.17735767364501953,0.34201595187187195
27817,1,1,0,0,0,0,0,1,1.0,0.20661766827106476,0.27776145935058594
27818,0,0,0,0,0,0,0,1,1.0,0.19521772861480713,0.2422000765800476
27819,0,0,0,0,0,0,0,1,1.0,0.28697171807289124,0.43975958228111267
27820,0,0,0,1,0,0,0,0,1.0,0.29078924655914307,0.3084295392036438
27821,0,0,0,1,0,0,0,0,1.0,0.11816016584634781,0.1315060257911682
27822,0,0,0,1,0,0,0,0,1.0,0.19610078632831573,0.21804673969745636
27823,0,0,0,0,0,0,0,0,0.5,0.11878465116024017,0.11878465116024017
27824,0,0,0,0,0,0,0,0,1.0,0.3503435254096985,0.4899935722351074
27825,0,0,0,0,0,0,0,0,1.0,0.262447327375412,0.262447327375412
27827,0,0,0,1,0,0,1,0,1.0,0.21871373057365417,0.2361277937889099
27828,0,0,0,1,0,0,0,1,1.0,0.17912088334560394,0.3272289037704468
27831,0,0,0,1,0,0,0,0,1.0,0.19556498527526855,0.2378142923116684
27832,0,0,0,1,0,0,0,1,1.0,0.15757443010807037,0.22390109300613403
27834,0,0,0,1,1,0,0,0,1.0,0.2068409025669098,0.28165119886398315
27836,0,0,0,1,0,0,0,0,1.0,0.446856826543808,0.45204585790634155
27837,0,0,0,0,0,0,0,0,1.0,0.12432143837213516,0.12693960964679718
27838,0,0,0,1,1,1,0,0,1.0,0.01693028025329113,0.05472807586193085
27839,0,0,0,0,0,0,0,1,1.0,0.23552633821964264,0.4471243619918823
27840,0,0,0,0,0,0,0,0,1.0,0.1354183554649353,0.14541450142860413
27841,0,0,0,0,0,0,0,0,0.5,0.09144360572099686,0.09144360572099686
27842,0,0,0,1,0,0,0,0,1.0,0.08427304029464722,0.08427304029464722
27843,0,0,1,1,0,0,0,1,1.0,0.38822439312934875,0.43943509459495544
27844,0,0,0,0,0,0,0,1,1.0,0.22246725857257843,0.2314048558473587
27846,0,0,0,1,0,0,0,0,1.0,0.151828333735466,0.18589244782924652
27850,0,0,0,1,0,0,0,0,1.0,0.27479833364486694,0.27479833364486694
27852,0,0,0,1,0,0,0,0,1.0,0.06215914338827133,0.08630485832691193
27853,0,0,0,1,0,0,0,0,1.0,0.24720622599124908,0.25916439294815063
27854,0,0,0,1,0,0,0,0,0.5,0.34745925664901733,0.34745925664901733
27855,0,0,0,0,0,0,0,0,,,
27857,1,1,0,0,0,0,0,0,1.0,0.2596462070941925,0.2596462070941925
27858,0,0,0,0,0,0,0,0,1.0,0.31293952465057373,0.31293952465057373
27859,1,2,1,0,0,0,0,0,1.0,0.37352392077445984,0.5215376615524292
27860,1,1,1,0,0,0,0,0,1.0,0.22181200981140137,0.22181200981140137
27862,0,0,0,1,0,0,0,0,0.5,0.19425076246261597,0.19425076246261597
27867,0,0,0,1,1,0,0,0,1.0,0.21333645284175873,0.30954331159591675
27868,0,0,0,0,0,0,0,0,1.0,0.28647226095199585,0.2968188524246216
27869,0,0,0,1,0,0,0,0,1.0,0.18989644944667816,0.21512508392333984
27870,0,0,0,1,1,0,0,0,1.0,0.2264748215675354,0.31671783328056335
27871,0,0,0,0,0,0,0,0,1.0,0.1902131289243698,0.3062126040458679
27873,0,0,0,1,0,0,0,0,1.0,0.29610615968704224,0.3414915204048157
27874,0,0,0,0,1,0,0,0,1.0,0.17470687627792358,0.22018036246299744
27875,0,0,0,0,0,0,0,0,1.0,0.03640510141849518,0.03640510141849518
27876,0,0,0,0,0,0,0,0,1.0,0.38782286643981934,0.44448184967041016
27877,0,0,0,1,0,0,0,0,1.0,0.2013416886329651,0.2983926236629486
27878,0,0,1,1,0,0,0,0,1.0,0.30458614230155945,0.40517187118530273
27879,0,0,0,0,0,0,0,1,1.0,0.17216455936431885,0.24210010468959808
27880,0,0,0,0,0,0,0,0,1.0,0.11394568532705307,0.14467856287956238
27881,0,0,0,1,0,0,0,0,1.0,0.15888357162475586,0.16280311346054077
27882,0,0,0,0,0,0,0,0,,,
27883,0,0,1,0,0,1,0,0,1.0,0.1916366070508957,0.2614763379096985
27890,0,0,0,0,1,0,1,0,1.0,0.22886128723621368,0.2783416509628296
27892,0,0,0,0,0,0,0,0,1.0,0.3099401295185089,0.3827512860298157
27893,0,0,0,0,0,0,0,0,1.0,0.1357278823852539,0.1556992530822754
27894,0,0,0,0,1,0,0,0,1.0,0.31432321667671204,0.32730913162231445
27896,0,0,0,0,0,0,0,0,1.0,0.023383937776088715,0.04305174946784973
27897,0,0,0,1,0,0,0,0,1.0,0.2938159108161926,0.30531787872314453
27898,0,0,0,0,0,0,0,1,1.0,0.1922592967748642,0.21651548147201538
27899,0,0,0,0,0,0,0,1,1.0,0.19393734633922577,0.23018893599510193
27901,0,0,0,0,0,0,0,0,0.0,,
27902,0,0,0,1,1,0,0,0,1.0,0.3265761137008667,0.3265761137008667
27906,0,0,0,0,0,0,0,0,1.0,0.28839683532714844,0.3556712567806244
27907,1,1,0,1,0,0,0,0,1.0,0.09877759218215942,0.13147151470184326
27909,0,0,0,1,0,0,0,1,1.0,0.30480504035949707,0.34511592984199524
27911,0,0,0,0,0,0,0,0,1.0,0.19772404432296753,0.23270072042942047
27915,0,0,0,1,0,0,0,0,1.0,0.19924180209636688,0.24535372853279114
27919,0,0,0,1,0,0,0,1,1.0,0.1683136224746704,0.32385754585266113
27921,0,0,0,0,0,0,0,0,1.0,0.11672049015760422,0.11850599944591522
27923,0,0,0,0,0,0,0,0,1.0,0.18605464696884155,0.2126217931509018
27924,0,0,0,1,0,0,0,0,1.0,0.3258334994316101,0.3708551824092865
27925,0,0,0,0,0,0,0,0,1.0,0.16282333433628082,0.1826852560043335
27926,0,0,0,0,0,0,0,0,1.0,0.2535786032676697,0.2821369171142578
27927,0,0,0,0,0,0,0,0,1.0,0.07501260936260223,0.08070573955774307
27928,0,0,0,0,0,0,0,0,1.0,0.16110140085220337,0.16110140085220337
27935,0,0,0,1,0,0,0,0,1.0,0.2231999635696411,0.22527262568473816
27936,0,0,0,0,0,0,0,1,1.0,0.4155925512313843,0.47663414478302
27938,0,0,0,1,0,0,0,1,1.0,0.25579917430877686,0.30213025212287903
27939,0,0,0,1,0,0,0,0,1.0,0.2918347716331482,0.32770517468452454
27941,0,0,0,1,0,0,0,0,1.0,0.3620299696922302,0.3620299696922302
27942,0,0,0,0,0,0,0,0,0.5,0.29574546217918396,0.29574546217918396
27943,0,0,0,1,0,0,0,1,1.0,0.22800445556640625,0.392412006855011
27945,0,0,0,1,0,1,0,0,1.0,0.2380664348602295,0.27085939049720764
27946,0,0,0,0,0,0,0,0,0.5,0.24019192159175873,0.24019192159175873
27947,0,0,0,0,0,0,0,0,1.0,-0.009149719029664993,-0.009149719029664993
27949,0,0,0,0,0,0,0,0,1.0,0.21006324887275696,0.21006324887275696
27950,0,0,0,0,0,0,0,0,0.0,,
27951,0,0,0,0,0,0,0,1,1.0,0.23874497413635254,0.3005523681640625
27952,1,1,0,0,0,0,0,0,1.0,0.3711369037628174,0.3920013904571533
27953,0,0,0,0,0,0,0,0,1.0,0.21757546067237854,0.24651290476322174
27956,0,0,0,0,0,0,0,0,1.0,0.46960771083831787,0.46960771083831787
27957,0,0,0,0,0,0,0,1,1.0,0.3254539966583252,0.33645591139793396
27958,0,0,0,0,0,0,0,0,1.0,0.336057186126709,0.336057186126709
27959,0,0,1,0,1,0,0,0,1.0,0.3009529709815979,0.32322388887405396
27960,0,0,0,1,0,0,0,0,1.0,0.37268173694610596,0.38637107610702515
27961,0,0,0,0,0,0,0,1,1.0,0.24981656670570374,0.2862693667411804
27964,0,0,0,0,0,0,0,0,1.0,0.053078655153512955,0.09129789471626282
27965,0,0,0,0,0,0,0,0,0.5,0.28022462129592896,0.28022462129592896
27966,0,0,0,1,0,0,0,1,1.0,0.19090372323989868,0.29848599433898926
27967,0,0,0,0,0,0,0,0,1.0,0.21134138107299805,0.42819321155548096
27968,0,0,0,1,0,0,0,0,1.0,0.1780300736427307,0.18171238899230957
27969,0,0,0,1,0,0,0,1,1.0,0.12852388620376587,0.20834894478321075
27971,0,0,0,0,0,0,0,0,1.0,0.16082274913787842,0.16082274913787842
27972,0,0,0,0,0,0,0,0,1.0,0.27785801887512207,0.29207074642181396
27974,1,3,0,1,0,0,0,0,1.0,0.11258354783058167,0.16979634761810303
27978,0,0,0,0,0,0,0,0,1.0,-0.03297662362456322,-0.031136879697442055
27982,0,0,0,1,0,0,0,0,1.0,0.26374518871307373,0.3114619851112366
27983,0,0,0,1,0,0,1,0,1.0,0.21855248510837555,0.2713291645050049
27984,0,0,0,0,0,0,0,0,0.0,,
27985,0,0,0,1,0,0,0,0,1.0,0.2874176502227783,0.2874176502227783
27986,0,0,0,1,0,0,0,0,1.0,0.03510527312755585,0.03510527312755585
27987,0,0,0,0,0,0,0,1,1.0,0.27043136954307556,0.3242202401161194
27989,1,1,0,0,0,0,0,0,1.0,0.11189573258161545,0.18812881410121918
27991,0,0,0,0,0,0,0,0,1.0,0.2304241955280304,0.2878241539001465
27992,0,0,0,0,0,0,0,1,1.0,0.21575124561786652,0.255295991897583
28006,0,0,0,0,0,0,0,0,0.0,,
28007,0,0,0,1,0,0,0,1,1.0,0.31535983085632324,0.4337410628795624
28008,0,0,0,0,0,0,0,0,1.0,0.24296073615550995,0.25742068886756897
28013,1,1,0,0,0,0,0,0,1.0,0.07387925684452057,0.0799160897731781
28018,0,0,0,1,1,0,0,0,1.0,0.13901831209659576,0.2069249153137207
28019,0,0,0,0,0,0,0,0,1.0,0.2664799988269806,0.31140458583831787
28037,0,0,0,0,0,0,0,0,1.0,0.43571633100509644,0.43571633100509644
28045,0,0,0,0,0,0,0,0,1.0,0.2895353436470032,0.2895353436470032
28048,0,0,0,1,0,0,0,0,1.0,0.25191885232925415,0.29207563400268555
28069,0,0,0,0,0,0,0,0,0.6666666666666666,0.10967154800891876,0.11845330148935318
28070,0,0,0,1,0,0,0,0,1.0,0.19886399805545807,0.19886399805545807
28071,0,0,0,0,0,0,0,0,,,
28072,0,0,0,0,0,0,0,0,1.0,0.2302294373512268,0.2302294373512268
28073,0,0,0,0,0,0,0,0,0.5,0.22518646717071533,0.22518646717071533
28074,0,0,0,0,0,0,0,0,1.0,0.3044812083244324,0.36303508281707764
28075,0,0,0,1,0,0,0,0,1.0,0.2205038219690323,0.2655935287475586
28077,0,0,0,1,0,0,0,0,1.0,0.2988041043281555,0.2988041043281555
28078,0,0,0,1,0,0,0,0,1.0,0.11246341466903687,0.15262474119663239
28079,0,0,0,1,0,0,0,0,1.0,0.19909018278121948,0.2441452592611313
28080,0,0,0,0,0,0,0,0,,,
28081,0,0,0,1,0,0,0,1,1.0,0.2938462495803833,0.37950706481933594
28082,0,0,0,0,0,0,0,0,1.0,0.09841495752334595,0.14496368169784546
28087,0,0,0,0,0,0,0,0,1.0,0.31249797344207764,0.31643834710121155
28088,0,0,0,0,0,0,0,0,1.0,0.21671894192695618,0.2817463278770447
28089,0,0,0,1,0,0,0,0,1.0,0.24660681188106537,0.24660681188106537
28090,0,0,0,0,0,0,0,0,1.0,0.24221287667751312,0.4032328724861145
28091,0,0,0,0,0,0,0,0,1.0,0.19577790796756744,0.19577790796756744
28092,0,0,1,0,0,0,0,0,1.0,0.20854119956493378,0.20854119956493378
28093,0,0,0,0,0,0,0,0,1.0,0.20441608130931854,0.2639865279197693
28094,0,0,0,1,0,0,0,0,1.0,0.2251577377319336,0.2251577377319336
28096,0,0,0,0,0,0,0,0,1.0,0.17599742114543915,0.22512619197368622
28097,0,0,0,1,0,0,0,0,1.0,0.4265136122703552,0.4295993149280548
28098,0,0,0,0,0,0,0,0,1.0,0.29993364214897156,0.3850563168525696
28099,0,0,0,0,0,0,0,0,1.0,0.1550254225730896,0.18087583780288696
28103,0,0,0,1,0,0,0,0,1.0,0.10650765895843506,0.10650765895843506
28107,0,0,0,0,0,0,0,0,0.0,,
28108,0,0,0,0,0,0,0,0,1.0,0.27347540855407715,0.2924607992172241
28110,0,0,0,0,0,0,0,0,1.0,0.10905151069164276,0.10905151069164276
28111,0,0,1,1,0,0,0,0,1.0,0.21633628010749817,0.21633628010749817
28112,0,0,0,0,0,0,0,0,1.0,0.20397329330444336,0.25838959217071533
28113,0,0,0,0,0,0,0,0,1.0,0.01953781768679619,0.06265336275100708
28114,0,0,0,0,0,0,0,0,1.0,0.36843588948249817,0.36843588948249817
28115,0,0,0,0,0,0,0,0,0.3333333333333333,0.18361049890518188,0.18361049890518188
28116,0,0,0,0,0,0,0,0,1.0,0.16708150506019592,0.22132326662540436
28118,0,0,0,0,0,0,0,0,0.5,0.322715163230896,0.322715163230896
28119,0,0,0,0,0,0,0,0,1.0,0.14288729429244995,0.15788468718528748
28127,0,0,0,0,0,0,0,1,0.5,0.26717689633369446,0.26717689633369446
28128,1,1,0,0,0,0,0,0,1.0,0.10025306046009064,0.18405576050281525
28129,0,0,0,1,0,0,0,0,1.0,0.26395726203918457,0.2822151184082031
28131,0,0,0,1,0,0,0,0,1.0,0.07377786189317703,0.07377786189317703
28141,0,0,0,0,0,0,0,0,1.0,0.21913781762123108,0.2789616584777832
28158,0,0,0,0,0,1,1,0,1.0,0.22315548360347748,0.36291050910949707
28159,0,0,0,0,1,0,1,0,1.0,0.289821594953537,0.4043762683868408
28160,0,0,0,0,0,0,0,0,0.5,0.23595602810382843,0.23595602810382843
28162,0,0,0,0,0,0,0,0,1.0,0.38979995250701904,0.4115455746650696
28175,0,0,0,0,0,0,0,0,1.0,0.20332522690296173,0.20332522690296173
28178,0,0,0,0,0,0,0,1,1.0,0.32234421372413635,0.3909863233566284
28180,0,0,0,0,1,0,0,1,1.0,0.09850048273801804,0.10495877265930176
28183,0,0,0,0,0,0,0,0,1.0,0.08668451756238937,0.13973519206047058
28192,0,0,0,1,0,0,0,1,1.0,0.25429707765579224,0.25429707765579224
28205,0,0,0,0,1,0,0,0,1.0,0.26656442880630493,0.33977335691452026
28214,0,0,0,0,0,0,0,1,1.0,0.49893447756767273,0.49893447756767273
28216,0,0,0,1,0,1,0,0,1.0,0.2975430488586426,0.3944709897041321
28218,0,0,0,1,0,0,0,0,1.0,0.038822632282972336,0.038822632282972336
28221,0,0,0,1,0,0,0,1,1.0,0.17295017838478088,0.17719422280788422
28301,0,0,0,1,0,0,0,1,1.0,0.3594319820404053,0.4116314649581909
28303,0,0,0,1,0,0,0,0,1.0,0.07210856676101685,0.08400890231132507
28329,0,0,1,0,0,0,0,0,1.0,0.13755497336387634,0.13755497336387634
28361,0,0,0,0,0,0,0,0,1.0,0.0619368739426136,0.0619368739426136
28366,0,0,0,1,0,0,0,0,1.0,0.26877090334892273,0.26877090334892273
28367,0,0,0,0,0,1,0,0,1.0,0.3621186912059784,0.3858480453491211
28368,0,0,1,1,0,0,0,0,1.0,0.34600669145584106,0.34600669145584106
28369,0,0,0,0,0,0,0,0,1.0,0.27875351905822754,0.27875351905822754
28371,0,0,0,0,0,0,0,0,1.0,0.0554073303937912,0.06527858972549438
28372,0,0,0,0,0,0,0,0,1.0,0.2191910445690155,0.22025108337402344
28382,0,0,0,0,0,0,0,1,1.0,0.23940670490264893,0.26344603300094604
28409,0,0,0,0,0,0,0,0,0.0,,
28410,0,0,0,0,0,0,0,0,1.0,0.1400846242904663,0.1400846242904663
28412,0,0,0,1,0,0,0,1,0.6666666666666666,0.1579563468694687,0.16899675130844116
28413,0,0,1,0,0,0,0,0,1.0,0.08586810529232025,0.10085306316614151
28414,0,0,0,1,0,0,0,0,1.0,0.2239540070295334,0.31529831886291504
28415,0,0,0,0,0,0,0,1,1.0,0.26724952459335327,0.4077300429344177
28416,0,0,0,1,0,0,0,0,1.0,0.2910865843296051,0.3458406925201416
28417,1,1,0,0,0,0,0,0,1.0,0.108249232172966,0.108249232172966
28418,0,0,1,0,1,0,0,0,1.0,0.09865279495716095,0.09865279495716095
28421,0,0,0,0,0,0,0,0,1.0,0.26954489946365356,0.26954489946365356
28425,0,0,0,0,1,0,0,0,1.0,0.276288777589798,0.276288777589798
28404,0,0,0,0,0,0,0,0,0.5,0.15909290313720703,0.15909290313720703
28486,0,0,0,0,0,0,0,0,1.0,0.11765514314174652,0.1507003903388977
28589,0,0,0,0,0,0,0,0,1.0,0.213164284825325,0.4327505826950073
28593,0,0,0,0,0,0,0,0,1.0,0.2965657413005829,0.3219013214111328
28650,0,0,0,1,0,0,0,1,1.0,0.28407323360443115,0.2957000434398651
28659,0,0,0,1,0,0,0,0,1.0,0.3343501091003418,0.36366939544677734
28660,0,0,0,0,0,0,0,1,0.5,0.2890912890434265,0.2890912890434265
28663,0,0,0,1,0,0,0,0,1.0,0.1992073953151703,0.22277596592903137
28707,0,0,0,1,0,0,0,0,1.0,0.2302536815404892,0.2302536815404892
28743,0,0,0,1,0,0,0,0,1.0,0.18201503157615662,0.201386958360672
28744,0,0,0,0,0,1,0,0,1.0,0.29192930459976196,0.29192930459976196
28745,0,0,0,1,0,0,0,0,1.0,0.10916267335414886,0.1301013082265854
28759,0,0,0,0,0,0,0,0,0.5,0.24161307513713837,0.24161307513713837
28776,0,0,0,0,0,0,0,0,1.0,0.1361784189939499,0.2357056885957718
28777,0,0,0,0,0,0,0,0,0.0,,
28778,0,0,0,0,0,0,0,0,1.0,0.17004472017288208,0.17004472017288208
28779,0,0,0,1,0,0,0,0,1.0,0.29585185647010803,0.29585185647010803
28780,0,0,0,1,0,0,0,0,1.0,0.36057284474372864,0.36057284474372864
28784,0,0,1,0,0,0,1,1,1.0,0.223225399851799,0.24311576783657074
28786,0,0,0,1,1,0,0,1,1.0,0.27910497784614563,0.35874292254447937
28787,0,0,0,1,0,0,0,1,1.0,0.28936779499053955,0.38526248931884766
28788,0,0,0,1,0,1,0,1,1.0,0.3240128755569458,0.386507123708725
28789,0,0,0,0,0,0,0,0,1.0,0.3579246401786804,0.3579246401786804
28790,0,0,1,0,0,0,0,1,1.0,0.20150339603424072,0.2494741678237915
28791,0,0,0,0,0,0,0,0,1.0,0.049273133277893066,0.08929812908172607
28792,0,0,0,1,0,0,0,0,1.0,0.08483970910310745,0.1275661289691925
28793,0,0,0,0,0,0,0,0,0.5,0.05281747877597809,0.05281747877597809
28794,0,0,0,0,1,1,0,0,1.0,0.39248695969581604,0.3948330879211426
28795,0,0,0,0,0,0,0,0,1.0,0.34375131130218506,0.34375131130218506
28796,0,0,1,0,0,0,0,0,0.6666666666666666,0.13107101619243622,0.20653797686100006
28799,0,0,0,1,0,0,0,0,1.0,0.03340132534503937,0.07519945502281189
28802,0,0,0,0,0,0,0,1,1.0,0.35813313722610474,0.4563247561454773
28804,0,0,0,0,0,0,0,0,1.0,0.2039610743522644,0.23037731647491455
28805,0,0,0,0,0,0,0,0,1.0,0.36262083053588867,0.41790032386779785
28807,1,1,0,0,0,0,0,0,1.0,0.05728599429130554,0.15937495231628418
28808,0,0,0,1,0,0,0,0,1.0,0.3237903118133545,0.4415842890739441
28809,1,1,0,1,0,0,0,0,1.0,0.3280729055404663,0.3587304353713989
28810,0,0,0,1,0,0,0,0,1.0,0.1380152702331543,0.15557393431663513
28811,0,0,0,0,0,0,1,0,1.0,0.23355257511138916,0.23355257511138916
28812,0,0,0,0,0,0,0,0,1.0,0.21236151456832886,0.23032201826572418
28813,0,0,0,1,0,0,0,0,1.0,0.19760893285274506,0.24892950057983398
28814,0,0,0,1,0,0,0,0,1.0,0.16990314424037933,0.16990314424037933
28815,0,0,0,0,0,1,1,0,1.0,0.15797878801822662,0.24039186537265778
28816,0,0,0,0,0,0,0,0,1.0,0.19321399927139282,0.3234513998031616
28817,0,0,0,0,0,0,0,0,0.5,0.08389462530612946,0.08389462530612946
28818,0,0,0,0,0,0,0,0,1.0,0.1068616658449173,0.1068616658449173
28821,0,0,0,1,0,0,1,0,1.0,0.339321106672287,0.3463478982448578
28822,1,1,0,1,0,0,0,0,1.0,0.1561994105577469,0.2752859592437744
28823,0,0,0,1,0,0,1,0,1.0,0.031194327399134636,0.1342330276966095
28824,0,0,1,0,0,0,0,0,1.0,0.059308972209692,0.09093853086233139
28825,0,0,0,0,1,0,0,0,1.0,-0.002921078121289611,0.00943705439567566
28826,0,0,0,1,0,0,0,0,1.0,0.29892879724502563,0.313265323638916
28827,0,0,0,0,0,0,0,0,1.0,0.10114604234695435,0.16935575008392334
28829,1,1,0,1,0,0,0,0,1.0,0.31130290031433105,0.31130290031433105
28830,0,0,0,0,0,0,0,0,1.0,0.13359172642230988,0.13359172642230988
28835,0,0,0,0,0,0,0,0,0.5,0.23732276260852814,0.23732276260852814
28836,0,0,0,0,0,0,0,1,1.0,0.2688935399055481,0.31442415714263916
28837,0,0,0,0,0,0,0,0,1.0,0.1967989206314087,0.23682481050491333
28838,0,0,0,1,0,0,0,0,1.0,0.26042234897613525,0.36280685663223267
28839,0,0,0,1,0,0,0,0,1.0,0.3249141275882721,0.4401717483997345
28842,0,0,0,0,0,0,0,1,1.0,0.2585236728191376,0.28420525789260864
28843,0,0,0,1,0,1,0,0,1.0,0.1962434947490692,0.2620471119880676
28844,0,0,0,0,0,0,0,0,1.0,0.1864778995513916,0.2084873467683792
28845,0,0,0,0,0,0,0,0,1.0,0.20278862118721008,0.20278862118721008
28846,0,0,0,0,0,0,0,0,1.0,0.20397153496742249,0.21189267933368683
28847,0,0,0,1,0,0,0,0,1.0,0.08079312741756439,0.11820393055677414
28849,0,0,0,1,0,0,0,0,1.0,0.17072832584381104,0.17072832584381104
28851,0,0,0,0,0,0,0,0,1.0,0.2350892424583435,0.25506705045700073
28852,0,0,0,0,0,0,0,0,1.0,0.08421625196933746,0.09326108545064926
28853,0,0,0,1,0,0,0,0,1.0,0.47176915407180786,0.47176915407180786
28854,0,0,0,0,0,0,0,0,1.0,0.2848195731639862,0.34185075759887695
28857,0,0,0,0,0,0,0,0,1.0,0.04013902693986893,0.04013902693986893
28858,0,0,0,0,0,0,0,0,1.0,0.10717164725065231,0.10717164725065231
28859,0,0,0,0,1,0,0,0,1.0,0.3066908121109009,0.3806934952735901
28860,0,0,0,0,0,0,0,0,1.0,0.0749782919883728,0.08809330314397812
28862,0,0,1,0,0,0,0,1,1.0,0.1314278542995453,0.1314278542995453
28863,0,0,0,0,0,0,0,0,1.0,0.2614198327064514,0.2614198327064514
28864,0,0,0,1,0,0,0,0,1.0,0.06293468922376633,0.0918116644024849
28865,0,0,0,0,0,0,0,0,1.0,0.12262894213199615,0.12262894213199615
28867,0,0,0,1,0,1,0,0,1.0,0.21292296051979065,0.2509128153324127
28868,0,0,0,0,0,0,0,0,1.0,0.1261710375547409,0.1490860879421234
28869,0,0,0,1,0,0,0,0,1.0,0.31234264373779297,0.31234264373779297
28880,0,0,0,1,0,0,0,0,1.0,0.3948010802268982,0.5664608478546143
28881,0,0,0,0,0,0,0,1,1.0,0.08049038797616959,0.13086652755737305
28882,0,0,0,0,0,0,0,0,1.0,0.13403622806072235,0.254147469997406
28883,0,0,0,1,0,0,0,0,1.0,0.21940374374389648,0.23379942774772644
28884,0,0,0,1,0,0,0,0,1.0,0.12730929255485535,0.12730929255485535
28885,0,0,0,0,0,0,0,0,0.5,0.3809954822063446,0.3809954822063446
28886,0,0,0,0,0,0,0,0,1.0,0.09825854748487473,0.20016151666641235
28887,0,0,0,0,0,0,0,1,1.0,0.22131837904453278,0.28434720635414124
28890,0,0,0,0,0,0,0,0,1.0,0.14504413306713104,0.16966354846954346
28891,0,0,0,0,0,1,0,0,1.0,0.31360095739364624,0.38345032930374146
28893,0,0,0,1,0,0,0,1,1.0,0.1860109269618988,0.19242531061172485
28894,0,0,0,1,0,0,0,0,1.0,0.3081362545490265,0.37900450825691223
28899,0,0,0,0,0,0,0,0,1.0,0.3823580741882324,0.3823580741882324
28900,0,0,0,0,0,0,0,1,1.0,0.21667100489139557,0.22755929827690125
28902,0,0,0,1,0,1,0,0,1.0,0.2693418264389038,0.3102784752845764
28907,0,0,1,0,0,0,0,1,1.0,0.2997640073299408,0.3319697380065918
28911,0,0,0,1,0,0,1,0,1.0,0.10615599155426025,0.12008026242256165
28920,0,0,0,0,0,0,0,0,1.0,0.1268945336341858,0.1268945336341858
28921,0,0,0,0,0,0,0,0,1.0,0.3860976994037628,0.5541907548904419
28923,0,0,0,0,0,0,0,0,1.0,0.4956601560115814,0.538584291934967
28926,0,0,0,0,0,0,0,0,1.0,0.1590774953365326,0.18164171278476715
28927,0,0,0,1,0,0,0,0,1.0,0.24251307547092438,0.25793036818504333
28928,0,0,0,0,0,0,0,0,1.0,0.2704401910305023,0.40039804577827454
28929,0,0,0,1,0,0,0,0,1.0,0.3325677514076233,0.3325677514076233
28930,0,0,0,0,0,0,0,0,1.0,0.16344651579856873,0.16344651579856873
28931,0,0,0,1,0,0,0,0,1.0,0.2893369197845459,0.30589091777801514
28932,0,0,0,0,0,0,0,0,1.0,0.3198540508747101,0.3198540508747101
28933,0,0,0,0,0,0,0,0,1.0,0.09385132789611816,0.14830239117145538
28935,0,0,0,1,0,0,0,0,1.0,0.2327692061662674,0.3689311146736145
28936,0,0,0,1,0,1,0,0,1.0,0.3895794749259949,0.44511836767196655
28937,0,0,1,0,0,0,0,0,1.0,0.1848955750465393,0.2440582811832428
28938,0,0,0,1,0,0,0,0,1.0,0.008280429989099503,0.008280429989099503
28939,0,0,0,1,0,0,0,0,1.0,0.15946093201637268,0.25250017642974854
28940,0,0,0,0,0,0,0,0,1.0,0.25291240215301514,0.3206176161766052
28956,0,0,0,1,0,0,0,0,1.0,0.1291777342557907,0.1438821256160736
28957,0,0,0,0,0,0,0,0,1.0,0.20258763432502747,0.25216737389564514
28958,0,0,0,0,0,0,0,0,1.0,0.1971622109413147,0.1971622109413147
28959,0,0,0,0,1,1,0,0,1.0,0.04387551546096802,0.07425780594348907
28960,0,0,0,1,0,0,0,1,1.0,0.17140060663223267,0.21818439662456512
28966,0,0,0,1,0,0,0,0,1.0,0.20292776823043823,0.28932106494903564
28967,0,0,0,1,0,0,0,1,1.0,0.28343188762664795,0.3782576322555542
28968,0,0,0,0,1,0,0,0,1.0,0.23868834972381592,0.2667961120605469
28969,0,0,0,0,0,0,0,0,1.0,0.19748163223266602,0.3388706147670746
28971,0,0,0,1,0,0,0,0,1.0,0.13773426413536072,0.18432539701461792
28974,0,0,0,0,0,0,0,0,1.0,0.12480243295431137,0.12480243295431137
28976,0,0,0,1,0,0,0,0,1.0,0.23364396393299103,0.33418241143226624
28977,0,0,0,0,0,0,0,0,0.0,,
28978,0,0,0,1,0,0,0,0,1.0,0.26794084906578064,0.3082914352416992
28979,0,0,0,1,0,0,0,0,1.0,0.15172745287418365,0.15881681442260742
28980,0,0,0,1,0,0,0,1,1.0,0.06620374321937561,0.09529784321784973
28981,0,0,0,1,0,0,0,0,1.0,0.34208378195762634,0.34208378195762634
28982,0,0,0,0,0,0,0,0,1.0,0.2006964534521103,0.36429667472839355
28983,0,0,0,0,0,0,0,0,0.6666666666666666,0.1724667102098465,0.18529805541038513
28991,0,0,0,0,0,0,0,1,1.0,0.01497370284050703,0.039180465042591095
28992,0,0,0,1,0,0,0,0,1.0,0.13577312231063843,0.13577312231063843
28994,0,0,0,0,0,0,0,0,1.0,0.20548823475837708,0.26216065883636475
28996,0,0,0,0,0,0,0,0,0.0,,
28997,0,0,0,1,0,0,0,0,1.0,0.16770976781845093,0.19590677320957184
28998,0,0,0,0,0,0,0,0,1.0,0.33403071761131287,0.38142579793930054
28999,0,0,0,0,0,0,0,0,1.0,0.1865110695362091,0.1865110695362091
29000,0,0,0,1,0,0,0,0,1.0,0.2962597608566284,0.32924002408981323
29001,0,0,0,1,0,0,0,0,1.0,0.3688812255859375,0.38486626744270325
29002,0,0,0,1,0,0,0,0,1.0,0.3946394920349121,0.44687002897262573
29003,0,0,0,1,0,0,0,0,1.0,0.1044139638543129,0.1097307801246643
29004,0,0,0,0,0,0,0,0,1.0,0.3961440920829773,0.4210295081138611
29005,0,0,0,0,1,0,0,0,1.0,0.085013248026371,0.1062823086977005
29006,0,0,0,1,0,0,0,0,1.0,0.2858453094959259,0.3321823477745056
29008,0,0,0,0,0,0,0,0,1.0,0.15247848629951477,0.18882504105567932
29010,0,0,0,1,1,0,0,0,1.0,0.19294793903827667,0.22522228956222534
29013,0,0,0,0,0,1,0,0,1.0,0.2868039906024933,0.3731847405433655
29018,0,0,0,1,0,0,0,0,1.0,0.3779299557209015,0.5043941736221313
29019,0,0,0,1,0,0,0,0,1.0,0.10699287056922913,0.1688220202922821
29021,0,0,0,0,0,0,0,0,1.0,0.14279194176197052,0.14590586721897125
29026,0,0,0,1,0,0,0,0,1.0,0.3831573724746704,0.3831573724746704
29040,0,0,0,1,0,0,1,0,1.0,0.3014759123325348,0.35251495242118835
29041,0,0,0,0,0,0,0,0,1.0,0.08719732612371445,0.18376114964485168
29042,0,0,0,0,0,0,0,1,1.0,0.28499019145965576,0.28499019145965576
29045,0,0,1,1,0,0,0,1,0.75,0.13000936806201935,0.2506313920021057
29046,0,0,1,0,0,0,0,0,1.0,0.321222186088562,0.321222186088562
29051,0,0,0,0,1,0,0,1,1.0,0.3769727945327759,0.5084648728370667
29053,0,0,0,0,0,0,0,0,1.0,0.02939552627503872,0.02939552627503872
29069,0,0,0,1,1,0,0,0,1.0,0.20536623895168304,0.26073983311653137
29071,0,0,0,0,0,0,0,0,1.0,0.20681548118591309,0.28854602575302124
29072,0,0,0,1,0,0,0,1,1.0,0.22212274372577667,0.22212274372577667
29073,0,0,0,1,0,0,0,0,1.0,0.2379245162010193,0.26052606105804443
29074,0,0,0,1,0,0,0,1,1.0,0.30062979459762573,0.3415159583091736
29078,0,0,0,1,0,0,0,0,1.0,0.31877726316452026,0.31877726316452026
29079,0,0,0,0,0,0,0,0,1.0,0.10860215872526169,0.15827152132987976
29080,0,0,0,1,0,0,0,1,1.0,0.3292909860610962,0.3292909860610962
29081,0,0,0,1,0,0,0,0,1.0,0.28594955801963806,0.3279816508293152
29082,0,0,0,1,0,0,0,0,1.0,0.1674283742904663,0.19064801931381226
29085,0,0,0,0,0,0,0,0,1.0,0.2127450406551361,0.30554404854774475
29086,0,0,0,0,0,0,1,1,1.0,0.3086680769920349,0.3086680769920349
29087,0,0,0,1,0,0,0,0,1.0,0.1656891107559204,0.2197880893945694
29088,0,0,0,0,0,0,0,0,1.0,0.1855054646730423,0.18698805570602417
29089,0,0,0,1,0,0,0,1,1.0,0.38954827189445496,0.4528104066848755
29090,0,0,0,0,0,0,0,0,0.5,0.22509729862213135,0.22509729862213135
29091,0,0,0,0,0,0,0,0,1.0,0.08190491795539856,0.08190491795539856
29092,0,0,0,1,0,0,0,0,1.0,0.24386414885520935,0.3130822777748108
29093,0,0,0,1,0,0,1,0,1.0,0.13565367460250854,0.19103866815567017
29100,0,0,0,0,0,0,0,0,1.0,0.38132143020629883,0.39645513892173767
29101,0,0,0,0,0,0,0,1,1.0,0.29314717650413513,0.36521369218826294
29102,0,0,0,0,0,0,0,0,1.0,0.18329359591007233,0.20120340585708618
29103,0,0,0,0,0,0,0,0,1.0,-0.00039404164999723434,0.030224232003092766
29104,0,0,0,1,0,0,0,0,1.0,0.1968255341053009,0.2008867859840393
29105,0,0,0,0,0,0,0,0,1.0,0.19582535326480865,0.23149412870407104
29106,0,0,0,0,0,0,0,1,1.0,0.17533695697784424,0.17580969631671906
29107,0,0,0,1,0,0,0,0,1.0,0.11098350584506989,0.1624363362789154
29108,0,0,1,0,0,0,0,0,1.0,0.30013471841812134,0.3292692005634308
29110,1,2,0,0,0,0,0,1,1.0,0.3397786617279053,0.37351205945014954
29112,1,1,0,0,0,0,0,1,1.0,0.23532545566558838,0.25477758049964905
29113,0,0,0,0,0,0,0,0,1.0,0.26299405097961426,0.3335728645324707
29115,0,0,0,0,0,0,0,1,1.0,0.39672866463661194,0.40802478790283203
29117,0,0,1,0,0,0,0,0,1.0,0.12967921793460846,0.1480649709701538
29118,0,0,0,0,0,0,0,0,1.0,0.23017622530460358,0.23401612043380737
29119,0,0,0,1,0,0,0,0,1.0,0.314433753490448,0.34746140241622925
29120,0,0,0,0,0,0,0,0,1.0,0.20092594623565674,0.20092594623565674
29121,0,0,0,0,0,0,0,1,1.0,0.26796507835388184,0.3428765535354614
29122,0,0,0,1,0,0,0,0,1.0,0.12677577137947083,0.1769620180130005
29123,0,0,0,1,0,0,0,0,1.0,0.37077611684799194,0.4051031470298767
29124,0,0,1,0,0,0,0,0,1.0,0.18109871447086334,0.18274280428886414
29125,0,0,0,0,0,0,0,1,1.0,0.18791991472244263,0.2379474937915802
29128,0,0,0,0,1,0,0,1,1.0,0.16029274463653564,0.16996203362941742
29134,0,0,0,1,0,0,0,0,1.0,0.15756884217262268,0.15756884217262268
29136,0,0,0,1,0,0,0,0,1.0,0.2663120627403259,0.2663120627403259
29137,0,0,0,0,0,0,0,0,1.0,-0.003716668114066124,-0.003716668114066124
29150,0,0,0,1,0,0,0,1,1.0,0.269022673368454,0.36323559284210205
29152,0,0,0,0,0,0,0,0,1.0,0.10131830722093582,0.11376352608203888
29153,0,0,0,0,0,0,0,1,1.0,0.25534844398498535,0.30464380979537964
29154,0,0,0,0,1,0,0,0,1.0,0.44956475496292114,0.5564441680908203
29156,0,0,0,1,0,0,0,1,1.0,0.5102062225341797,0.5337576866149902
29157,0,0,0,0,0,0,0,0,1.0,0.23780982196331024,0.2644280195236206
29158,0,0,0,0,1,0,0,0,1.0,0.20319603383541107,0.2905992865562439
29159,0,0,1,0,0,0,0,0,1.0,0.3812260627746582,0.4339914917945862
29160,0,0,0,0,0,0,0,0,1.0,0.13891129195690155,0.1607150435447693
29162,1,1,0,1,0,0,0,0,1.0,0.16504010558128357,0.2152242660522461
29187,0,0,0,1,0,0,0,0,1.0,0.2900150716304779,0.29343435168266296
28896,0,0,0,1,0,0,0,1,1.0,0.31429022550582886,0.35284847021102905
28965,0,0,0,0,0,0,0,1,1.0,0.25507596135139465,0.3263406455516815
29177,0,0,0,0,0,0,0,0,1.0,0.2305736392736435,0.3443319797515869
29178,0,0,0,1,1,0,0,0,1.0,0.3811507821083069,0.43703651428222656
29179,0,0,0,0,1,0,0,0,1.0,0.07617327570915222,0.09385865181684494
29180,0,0,0,0,0,0,0,0,1.0,0.16290630400180817,0.16290630400180817
29181,0,0,0,0,0,0,0,0,,,
29182,0,0,0,1,0,0,0,0,1.0,0.019496900960803032,0.07748313248157501
29183,0,0,0,1,0,0,0,0,1.0,0.3712315857410431,0.41818833351135254
29184,0,0,0,0,0,0,0,0,1.0,0.26332008838653564,0.26332008838653564
29185,0,0,0,1,1,0,1,0,1.0,0.06448926776647568,0.10017558932304382
29186,0,0,0,0,0,0,0,0,1.0,0.13183347880840302,0.1674763262271881
29189,0,0,0,1,0,0,0,0,1.0,0.33370187878608704,0.3483622074127197
29196,0,0,0,1,0,0,0,0,1.0,0.11156371235847473,0.13334129750728607
29201,0,0,0,0,0,0,0,0,1.0,0.1963857114315033,0.2771996855735779
29205,0,0,0,1,0,0,0,0,1.0,0.3711082935333252,0.3711082935333252
29206,0,0,0,0,0,0,0,0,0.5,0.18248720467090607,0.18248720467090607
29207,0,0,0,1,0,1,0,0,1.0,0.17007829248905182,0.3585522770881653
29226,0,0,0,1,0,0,0,0,1.0,0.19774334132671356,0.3652925491333008
29231,0,0,0,1,0,0,0,0,1.0,0.2977001368999481,0.38201963901519775
29233,0,0,0,0,1,0,0,0,1.0,0.3409600853919983,0.3409600853919983
29238,0,0,0,1,0,0,0,1,1.0,0.2420383095741272,0.3523586690425873
29239,1,1,1,0,0,0,0,0,1.0,0.27460482716560364,0.27460482716560364
29241,0,0,0,1,1,1,0,0,1.0,0.07265441864728928,0.07265441864728928
29244,0,0,0,0,0,0,0,0,1.0,0.16971349716186523,0.22369877994060516
29245,0,0,0,0,0,0,0,0,1.0,0.32432839274406433,0.34010690450668335
29246,0,0,0,1,0,0,0,0,1.0,0.12618204951286316,0.126653790473938
29247,0,0,0,0,0,0,0,0,1.0,0.25004470348358154,0.31016528606414795
29249,0,0,0,0,0,0,0,1,1.0,0.16174009442329407,0.16174009442329407
29252,0,0,0,0,0,0,1,0,1.0,0.19357752799987793,0.19357752799987793
29253,0,0,0,0,0,0,0,0,1.0,0.1843203604221344,0.1843203604221344
29254,0,0,0,1,0,0,0,0,1.0,0.19578611850738525,0.2203083485364914
29256,0,0,0,1,0,0,0,0,1.0,0.14503511786460876,0.21558180451393127
29257,0,0,0,0,0,0,0,0,1.0,0.17778711020946503,0.17778711020946503
29258,0,0,0,1,0,0,0,1,1.0,0.10139210522174835,0.10139210522174835
29259,0,0,0,1,0,0,0,0,1.0,0.03712229058146477,0.04581880569458008
29260,0,0,0,1,0,0,0,0,1.0,0.20739153027534485,0.29461726546287537
29261,0,0,1,0,0,0,0,1,1.0,0.2281680703163147,0.2996443510055542
29263,0,0,0,1,0,0,0,0,1.0,0.25422677397727966,0.2856082320213318
29265,0,0,0,1,0,0,0,1,1.0,0.06402239203453064,0.1336919218301773
29266,0,0,0,0,1,0,0,0,1.0,0.20853333175182343,0.24271143972873688
29267,0,0,0,1,0,0,0,0,1.0,0.17734290659427643,0.2573672831058502
29268,0,0,0,1,0,0,0,0,1.0,0.19466575980186462,0.3098904490470886
29269,0,0,0,0,0,0,0,0,1.0,0.10778121650218964,0.11670206487178802
29270,0,0,0,0,0,0,0,0,1.0,0.24765530228614807,0.3838646411895752
29271,0,0,0,1,0,0,0,0,0.6666666666666666,0.1352735459804535,0.14483919739723206
29272,0,0,0,0,0,0,0,0,1.0,0.13600511848926544,0.1749505251646042
29273,0,0,0,0,0,0,0,0,1.0,0.4048328399658203,0.5416445732116699
29274,0,0,0,1,0,0,0,0,1.0,0.011615554802119732,0.05295780301094055
29275,0,0,0,0,0,0,0,0,1.0,0.375362366437912,0.375362366437912
29276,0,0,0,0,0,0,0,0,1.0,0.062278863042593,0.08820781111717224
29277,0,0,0,1,0,0,0,0,1.0,0.25741487741470337,0.25741487741470337
29278,0,0,0,0,0,0,0,0,1.0,0.036428600549697876,0.036428600549697876
29281,0,0,0,1,0,0,0,0,1.0,-0.00022657308727502823,0.0031084641814231873
29283,0,0,0,0,0,0,0,0,1.0,0.11697216331958771,0.12793317437171936
29284,0,0,1,1,0,0,0,0,1.0,0.22351618111133575,0.22351618111133575
29285,0,0,0,1,0,0,0,1,1.0,0.16588547825813293,0.19472640752792358
29286,0,0,0,1,0,0,0,0,1.0,0.28233620524406433,0.2839129567146301
29287,0,0,0,0,0,0,0,0,1.0,0.005079984664916992,0.005079984664916992
29288,0,0,0,0,0,0,0,0,1.0,0.3682807683944702,0.450349360704422
29290,0,0,0,1,0,0,0,1,1.0,0.08469176292419434,0.14169639348983765
29291,0,0,0,1,0,0,0,0,1.0,0.39392954111099243,0.39392954111099243
29293,0,0,0,1,0,0,0,0,1.0,0.1406915783882141,0.2120901644229889
29294,0,0,0,1,0,0,0,0,1.0,0.256997287273407,0.3258567452430725
29295,0,0,0,0,0,0,0,0,1.0,0.42508697509765625,0.42508697509765625
29297,0,0,0,1,0,0,0,0,1.0,0.0941583588719368,0.0941583588719368
29298,0,0,0,1,0,0,0,0,1.0,0.19525131583213806,0.21201324462890625
29299,0,0,0,1,0,0,0,0,1.0,0.19285419583320618,0.21324346959590912
29300,0,0,0,1,0,0,0,0,1.0,0.1617550253868103,0.17093810439109802
29301,0,0,0,0,0,0,0,1,1.0,0.4108408987522125,0.5198864340782166
29302,0,0,0,1,0,0,0,1,1.0,0.22980551421642303,0.27352964878082275
29303,0,0,0,1,0,0,0,0,1.0,0.19386807084083557,0.2827553153038025
29304,0,0,0,1,0,1,0,0,1.0,0.035810381174087524,0.04632871598005295
29305,0,0,0,0,1,0,0,0,1.0,0.45885729789733887,0.5071836709976196
29306,0,0,0,1,0,0,0,0,1.0,0.17978040874004364,0.1812323033809662
29307,1,1,0,0,0,0,0,0,1.0,0.3306671679019928,0.4583340287208557
29308,0,0,0,1,0,0,0,0,1.0,0.3188077509403229,0.3188077509403229
29309,0,0,0,0,0,0,0,1,1.0,0.046773843467235565,0.11943939328193665
29310,0,0,0,0,0,0,0,0,1.0,0.19120213389396667,0.21082675457000732
29311,0,0,1,1,0,0,0,0,1.0,0.12478820979595184,0.17977263033390045
29312,0,0,0,1,0,0,0,0,1.0,0.17567551136016846,0.21663616597652435
29313,0,0,0,0,1,0,0,0,1.0,0.26391053199768066,0.28169047832489014
29314,0,0,0,1,0,0,0,1,1.0,0.0655103474855423,0.08677541464567184
29315,0,0,0,0,0,0,0,0,1.0,0.4525548219680786,0.4525548219680786
29317,0,0,0,0,0,0,0,0,1.0,0.06343751400709152,0.06343751400709152
29318,0,0,0,1,0,0,0,0,1.0,0.17224308848381042,0.2306753396987915
29319,0,0,0,1,0,0,0,0,1.0,0.1913837194442749,0.20291440188884735
29320,0,0,0,1,0,0,0,0,1.0,0.2741836905479431,0.2741836905479431
29322,0,0,0,1,0,0,0,0,1.0,0.11539160460233688,0.15107814967632294
29323,0,0,0,0,0,0,0,0,1.0,0.09637303650379181,0.0965847298502922
29324,0,0,0,1,0,0,0,0,1.0,0.3874053657054901,0.41089409589767456
29325,0,0,0,1,0,0,0,0,1.0,0.4033418893814087,0.44248640537261963
29326,0,0,0,0,0,0,0,0,1.0,0.16181260347366333,0.18494974076747894
29328,0,0,0,0,0,1,0,0,1.0,0.060471635311841965,0.060471635311841965
29330,0,0,0,1,0,0,0,0,1.0,0.22180519998073578,0.22180519998073578
29332,1,1,0,1,0,0,0,0,1.0,0.20657025277614594,0.2782849669456482
29333,0,0,1,0,1,0,0,1,1.0,0.28469905257225037,0.36037489771842957
29334,0,0,0,1,0,0,0,0,1.0,0.2516695559024811,0.2828473746776581
29335,0,0,0,0,0,0,0,0,1.0,0.21385762095451355,0.24685876071453094
29336,0,0,0,0,0,0,0,0,1.0,0.10789776593446732,0.10789776593446732
29338,0,0,0,1,0,0,0,0,1.0,0.14194416999816895,0.15974892675876617
29339,0,0,0,1,0,0,0,0,1.0,0.19403859972953796,0.22922351956367493
29340,0,0,0,1,0,1,0,0,1.0,0.33702296018600464,0.34589922428131104
29341,0,0,0,0,0,0,0,0,1.0,0.2639407515525818,0.2809775769710541
29342,0,0,0,1,0,0,0,0,1.0,0.1892862766981125,0.20649832487106323
29343,0,0,0,1,0,0,1,1,1.0,0.3260349631309509,0.39651650190353394
29345,0,0,0,0,0,0,0,0,1.0,0.24065741896629333,0.24065741896629333
29346,0,0,0,1,1,0,0,0,1.0,0.12886592745780945,0.18586216866970062
29347,0,0,0,0,0,0,0,0,1.0,0.3611519932746887,0.43181896209716797
29348,0,0,0,1,0,0,0,0,1.0,0.2576470971107483,0.2576470971107483
29350,0,0,0,0,1,0,0,0,1.0,0.1651894450187683,0.21445436775684357
29352,0,0,1,1,0,0,0,0,1.0,0.31315600872039795,0.3416788578033447
29353,0,0,0,1,0,0,0,0,1.0,0.17128953337669373,0.17128953337669373
29354,0,0,0,1,0,0,0,0,1.0,0.24444738030433655,0.28789395093917847
29355,0,0,0,0,0,0,0,0,1.0,0.031713809818029404,0.031713809818029404
29356,0,0,0,1,0,0,0,0,1.0,0.18707206845283508,0.24699588119983673
29357,0,0,0,0,0,0,0,0,1.0,0.37526193261146545,0.4927516281604767
29358,0,0,0,1,0,0,0,0,1.0,0.14645884931087494,0.226194828748703
29360,0,0,0,0,0,0,0,0,1.0,0.07169422507286072,0.07169422507286072
29361,0,0,0,1,0,0,1,1,1.0,0.053877025842666626,0.07433284819126129
29362,0,0,0,1,0,0,0,0,1.0,0.2930678129196167,0.30689141154289246
29363,0,0,0,0,0,0,0,0,1.0,0.13517212867736816,0.13517212867736816
29364,0,0,0,0,0,0,0,0,1.0,0.11426867544651031,0.15414665639400482
29365,0,0,0,1,0,0,0,0,1.0,0.34589019417762756,0.34589019417762756
29366,0,0,0,0,0,0,0,0,1.0,0.13412639498710632,0.19366863369941711
29367,0,0,0,0,1,0,0,1,1.0,0.2699025273323059,0.3003155589103699
29368,0,0,0,0,0,0,0,0,1.0,0.22977475821971893,0.2467879056930542
29369,0,0,0,0,0,0,0,0,1.0,0.20031887292861938,0.20031887292861938
29370,0,0,0,0,0,0,0,0,0.5,0.1327604055404663,0.1327604055404663
29372,0,0,0,1,1,0,0,0,1.0,0.1104833260178566,0.12053634971380234
29373,0,0,0,0,0,0,0,0,1.0,0.17147672176361084,0.17147672176361084
29374,0,0,0,0,0,0,0,0,1.0,0.10067322850227356,0.10608348250389099
29375,0,0,0,1,0,0,0,0,1.0,0.12630461156368256,0.12630461156368256
29376,0,0,0,0,0,0,0,0,1.0,0.1377871036529541,0.15080863237380981
29377,0,0,0,0,0,0,0,0,1.0,0.09016647934913635,0.0914895236492157
29378,0,0,0,1,0,1,0,0,1.0,0.20517410337924957,0.2576538920402527
29379,0,0,0,0,0,0,0,0,1.0,0.21191975474357605,0.23645535111427307
29380,0,0,0,1,0,0,0,0,1.0,0.36331358551979065,0.40531790256500244
29381,0,0,0,1,0,0,0,1,1.0,0.3353986442089081,0.45090267062187195
29382,0,0,0,0,1,0,0,0,1.0,0.38414841890335083,0.39402657747268677
29383,0,0,0,1,0,0,0,0,1.0,0.15643291175365448,0.21596111357212067
29384,0,0,0,0,0,0,0,1,1.0,0.11214889585971832,0.1153041273355484
29385,0,0,0,1,0,0,0,1,1.0,0.11976441740989685,0.14208659529685974
29386,0,0,0,1,0,0,0,0,1.0,0.19052022695541382,0.19052022695541382
29390,0,0,0,1,0,0,1,0,1.0,0.337232768535614,0.3908997178077698
29391,0,0,0,0,0,0,0,0,1.0,0.18178409337997437,0.18204453587532043
29393,1,1,0,1,0,0,1,0,1.0,0.06477092951536179,0.07686563581228256
29394,0,0,0,1,0,0,0,0,1.0,0.14587579667568207,0.17597539722919464
29395,0,0,0,0,0,0,0,0,1.0,0.13442456722259521,0.13442456722259521
29396,0,0,0,0,0,0,0,0,1.0,0.11884591728448868,0.11884591728448868
29397,0,0,0,0,0,0,0,0,1.0,0.3467313349246979,0.40359896421432495
29398,0,0,0,1,0,0,0,0,1.0,0.14218775928020477,0.14959785342216492
29399,0,0,0,1,1,1,0,1,1.0,0.16903309524059296,0.19349241256713867
29400,0,0,0,0,0,0,0,0,1.0,0.08573634177446365,0.09008857607841492
29401,0,0,0,1,0,0,0,1,1.0,0.3129136264324188,0.3579877018928528
29402,0,0,0,0,0,0,0,0,1.0,0.2582608163356781,0.33036836981773376
29403,0,0,0,0,0,0,0,0,1.0,0.071797214448452,0.071797214448452
29404,0,0,0,1,0,0,0,0,1.0,0.05174371227622032,0.05174371227622032
29405,0,0,0,0,0,0,0,0,1.0,0.05688399076461792,0.09089495986700058
29407,0,0,0,1,0,0,0,0,1.0,0.19894759356975555,0.19894759356975555
29408,0,0,0,1,0,0,0,0,1.0,0.11078540980815887,0.11663372069597244
29409,0,0,0,1,0,0,1,0,1.0,0.35956019163131714,0.4202898144721985
29410,1,2,0,0,0,0,0,0,1.0,0.1781674325466156,0.22687414288520813
29411,0,0,0,0,0,0,0,0,1.0,0.03703466057777405,0.062030039727687836
29413,0,0,0,1,0,0,0,0,1.0,0.2643858790397644,0.2956373691558838
29414,0,0,0,1,0,0,1,0,1.0,0.1826629638671875,0.21360152959823608
29415,0,0,0,0,0,0,0,0,1.0,0.16268056631088257,0.16268056631088257
29416,0,0,0,0,0,0,0,0,1.0,0.40044206380844116,0.40668174624443054
29417,0,0,0,0,1,0,0,0,1.0,0.4758760929107666,0.4758760929107666
29418,0,0,0,0,0,0,0,0,1.0,0.11240138113498688,0.28002840280532837
29419,0,0,0,0,0,0,0,0,1.0,0.04964360222220421,0.06016750633716583
29420,0,0,0,1,0,0,0,0,1.0,0.22449015080928802,0.2577269673347473
29421,0,0,0,1,0,0,0,0,1.0,0.2682858407497406,0.30866941809654236
29422,0,0,0,0,0,0,0,0,1.0,0.1066674217581749,0.1066674217581749
29423,0,0,0,0,0,0,0,0,1.0,0.3686663508415222,0.39369362592697144
29424,0,0,0,0,0,0,0,0,1.0,0.16888725757598877,0.17502635717391968
29425,0,0,0,0,0,0,0,0,1.0,0.34879589080810547,0.34879589080810547
29429,0,0,0,0,0,0,0,0,1.0,0.2774791717529297,0.3015249967575073
29430,0,0,0,0,0,0,0,1,1.0,0.1405872255563736,0.1451042890548706
29431,0,0,0,0,0,0,0,0,1.0,0.03674125298857689,0.050018731504678726
29432,0,0,0,0,0,0,0,0,1.0,0.31548216938972473,0.3338722288608551
29433,1,1,0,0,0,0,0,0,1.0,0.17990905046463013,0.18461573123931885
29434,0,0,0,0,0,0,0,0,1.0,0.26444584131240845,0.2682475447654724
29435,0,0,0,1,0,0,0,0,1.0,0.16155751049518585,0.34632766246795654
29436,0,0,0,0,0,0,0,0,1.0,0.36726588010787964,0.36726588010787964
29438,1,1,0,1,0,0,1,0,1.0,0.18181779980659485,0.22719095647335052
29439,0,0,0,0,0,0,0,0,1.0,0.18701495230197906,0.37962591648101807
29440,0,0,0,0,0,0,0,0,1.0,0.12203586101531982,0.1421210914850235
29441,0,0,1,1,0,0,0,1,1.0,0.3574581742286682,0.4210315942764282
29442,0,0,0,1,0,0,0,0,1.0,0.2441881000995636,0.2590649425983429
29443,0,0,0,0,0,0,0,0,1.0,0.05730832740664482,0.05730832740664482
29444,0,0,0,0,0,0,0,0,1.0,0.32706108689308167,0.32706108689308167
29447,0,0,0,0,0,0,0,0,1.0,0.1994791477918625,0.29529595375061035
29448,0,0,0,0,0,0,0,1,1.0,0.2611961364746094,0.28505828976631165
29449,0,0,0,0,1,0,0,0,1.0,0.18180690705776215,0.2669581174850464
29450,0,0,0,0,0,0,0,0,1.0,0.06933107227087021,0.08790425956249237
29451,0,0,0,0,0,0,0,0,1.0,0.33913654088974,0.3811951279640198
29452,0,0,0,1,0,0,0,0,1.0,0.14773090183734894,0.149114727973938
29453,0,0,0,0,0,0,0,1,1.0,0.2887028455734253,0.3447447717189789
29454,0,0,0,0,0,0,0,0,1.0,0.22473415732383728,0.26470211148262024
29455,0,0,0,0,0,0,0,0,1.0,0.07588130980730057,0.1174582988023758
29456,0,0,0,0,0,0,0,0,1.0,0.06974411010742188,0.06974411010742188
29457,0,0,0,1,0,0,0,0,1.0,0.1207801029086113,0.14139661192893982
29459,0,0,0,1,0,0,0,0,1.0,0.13124971091747284,0.14563781023025513
29460,1,2,0,0,0,0,0,0,1.0,0.2180648148059845,0.22253112494945526
29461,0,0,0,1,0,0,0,0,1.0,0.14248833060264587,0.1485660821199417
29463,0,0,0,0,0,0,0,0,1.0,0.1413089632987976,0.1413089632987976
29464,0,0,0,1,0,0,0,0,1.0,0.204896479845047,0.3566339313983917
29465,0,0,0,1,0,0,0,0,1.0,0.1138731986284256,0.14004039764404297
29466,0,0,0,1,0,0,0,0,1.0,0.32845261693000793,0.32845261693000793
29467,1,1,0,1,0,0,0,0,1.0,0.3393743634223938,0.4417980909347534
29470,0,0,0,0,1,0,0,0,1.0,0.5021260976791382,0.523672342300415
29471,0,0,0,0,0,0,0,0,1.0,0.37378907203674316,0.45138049125671387
29472,0,0,0,0,0,0,0,1,1.0,0.2477881908416748,0.27669984102249146
29473,0,0,0,1,0,0,0,0,1.0,0.0692165419459343,0.17448380589485168
29476,0,0,0,0,0,0,0,0,1.0,0.11806617677211761,0.11806617677211761
29477,0,0,0,1,0,0,0,1,1.0,0.07020972669124603,0.08212995529174805
29478,0,0,0,0,0,0,0,0,1.0,0.13157370686531067,0.2163923978805542
29481,0,0,0,0,0,0,0,0,1.0,0.3059435784816742,0.40621787309646606
29482,0,0,0,0,0,0,1,1,1.0,0.1659127175807953,0.19824004173278809
29483,0,0,0,0,0,0,0,1,1.0,0.2172597050666809,0.2172597050666809
29484,0,0,0,1,0,0,0,0,1.0,0.10951142013072968,0.10951142013072968
29485,0,0,0,0,1,1,0,0,1.0,0.2702382206916809,0.2815861701965332
29496,0,0,0,0,0,0,0,0,1.0,0.16818052530288696,0.16940246522426605
29498,1,1,0,0,0,0,0,0,1.0,0.12402090430259705,0.1630605161190033
29499,0,0,0,1,0,0,0,0,1.0,0.05951272323727608,0.07307721674442291
29500,0,0,0,0,0,0,0,0,1.0,0.1767457276582718,0.2298046499490738
29501,0,0,0,0,0,0,0,0,1.0,0.15947790443897247,0.20842495560646057
29502,0,0,0,0,0,0,0,0,1.0,0.23498578369617462,0.23498578369617462
29503,0,0,0,1,0,0,0,0,1.0,0.4247170090675354,0.4247170090675354
29504,0,0,0,0,0,0,0,0,1.0,0.02629820443689823,0.03920074552297592
29505,0,0,0,1,0,0,0,0,1.0,0.2854319214820862,0.4183374047279358
29506,0,0,0,0,0,0,0,0,1.0,0.48404550552368164,0.48404550552368164
29507,0,0,0,1,0,0,0,1,1.0,0.15668688714504242,0.20692843198776245
29508,0,0,0,0,0,0,0,0,1.0,0.13979409635066986,0.1698114573955536
29509,0,0,0,0,0,0,0,0,1.0,0.10406201332807541,0.12397383153438568
29510,0,0,0,1,0,0,0,0,1.0,0.3001471757888794,0.3559415936470032
29511,0,0,0,1,0,0,0,0,1.0,0.3706058859825134,0.40924492478370667
29512,0,0,0,1,0,0,0,1,1.0,0.266309916973114,0.2727099359035492
29513,0,0,0,1,0,0,0,0,1.0,0.163798987865448,0.20467877388000488
29515,0,0,0,0,0,0,0,0,,,
29516,0,0,0,0,0,0,0,0,1.0,0.1582113355398178,0.16368705034255981
29517,0,0,0,1,0,0,0,0,1.0,0.14270775020122528,0.15589934587478638
29518,0,0,0,1,0,0,0,0,1.0,0.16843797266483307,0.22823119163513184
29519,0,0,0,0,0,0,0,0,1.0,0.24584358930587769,0.3287624418735504
29522,0,0,0,1,1,0,0,0,1.0,0.16164474189281464,0.26613566279411316
29523,0,0,0,1,0,1,0,0,1.0,0.3232663869857788,0.41240689158439636
29527,0,0,0,0,1,1,0,0,1.0,0.20470371842384338,0.24916061758995056
29533,0,0,0,0,0,0,0,0,1.0,0.41276898980140686,0.41276898980140686
29251,0,0,0,0,0,0,1,0,1.0,0.12562590837478638,0.15448342263698578
29296,0,0,0,1,0,0,0,0,1.0,0.18701094388961792,0.28174442052841187
29327,1,1,0,1,0,0,1,0,1.0,0.19073456525802612,0.24348033964633942
29349,0,0,0,1,1,1,0,0,1.0,0.31162551045417786,0.35235464572906494
29387,0,0,0,0,0,0,0,0,1.0,0.27627748250961304,0.27627748250961304
29406,0,0,0,0,1,0,0,0,1.0,0.2128397822380066,0.24636590480804443
29412,0,0,0,1,0,0,0,0,1.0,0.42188629508018494,0.5016458034515381
29474,0,0,0,1,0,0,0,0,1.0,0.19729089736938477,0.23552456498146057
29475,0,0,0,0,0,0,0,0,1.0,0.36566510796546936,0.49497348070144653
29524,0,0,0,0,0,0,0,0,1.0,0.2036033570766449,0.2036033570766449
29532,0,0,0,0,0,1,0,1,1.0,0.36432915925979614,0.36465150117874146
29557,1,4,1,0,0,0,0,0,1.0,0.3022798001766205,0.5189390182495117
29558,0,0,0,0,0,0,0,0,1.0,0.09743215888738632,0.09743215888738632
29568,0,0,0,0,0,0,0,0,1.0,0.13190290331840515,0.13190290331840515
29569,0,0,1,1,0,0,0,0,1.0,0.1738811582326889,0.2660418152809143
29570,0,0,0,0,0,0,0,0,1.0,0.13569462299346924,0.18068455159664154
29571,0,0,0,1,0,0,0,1,1.0,0.19711613655090332,0.20159724354743958
29572,0,0,0,0,0,0,0,1,1.0,0.1815473735332489,0.21468986570835114
29573,0,0,0,0,1,0,0,0,1.0,0.12830787897109985,0.13396134972572327
29574,0,0,1,1,0,0,1,0,1.0,0.2008095681667328,0.21167773008346558
29575,1,1,0,1,0,0,0,0,1.0,0.1049712747335434,0.1091056689620018
29579,0,0,0,0,0,0,0,0,1.0,0.2556770443916321,0.2556770443916321
29582,0,0,0,1,0,0,0,1,1.0,0.17076724767684937,0.17076724767684937
29585,0,0,0,1,0,0,0,0,1.0,0.3097628355026245,0.38467878103256226
29586,0,0,0,1,0,0,0,0,1.0,0.21803349256515503,0.2652894854545593
29588,0,0,0,1,0,0,0,0,1.0,0.3465441167354584,0.43159425258636475
29589,0,0,0,0,1,0,0,0,1.0,0.3209763765335083,0.38869234919548035
29591,0,0,0,1,0,0,0,0,1.0,0.13878189027309418,0.19145753979682922
29596,0,0,0,0,0,0,0,0,1.0,0.2291843593120575,0.2291843593120575
29597,0,0,0,0,0,0,0,0,1.0,0.3175497055053711,0.3458811938762665
29605,0,0,0,0,0,0,0,0,1.0,0.1902693212032318,0.29090768098831177
29607,0,0,0,1,0,0,0,0,1.0,0.26298266649246216,0.2979547381401062
29608,1,3,0,0,0,0,0,0,1.0,0.18044860661029816,0.19970712065696716
29610,0,0,0,1,0,0,0,0,1.0,0.0856376439332962,0.0856376439332962
29611,0,0,0,1,0,0,0,0,1.0,0.23493324220180511,0.31421971321105957
29613,0,0,1,0,0,0,0,0,1.0,0.2344350963830948,0.26863741874694824
29623,0,0,0,0,0,0,0,0,1.0,0.06564317643642426,0.06564317643642426
29627,0,0,0,0,0,0,0,0,1.0,0.2921360731124878,0.3345649242401123
29633,0,0,0,1,0,0,0,0,1.0,0.2642894983291626,0.2815948724746704
29634,0,0,0,0,0,0,0,0,1.0,0.21216459572315216,0.2885589003562927
29635,0,0,0,0,0,0,0,0,1.0,0.1739576905965805,0.2695848047733307
29636,0,0,0,0,1,0,0,0,1.0,0.431846559047699,0.5248546600341797
29637,0,0,0,1,0,0,0,0,1.0,0.16532951593399048,0.19964314997196198
29639,0,0,0,1,0,0,1,0,1.0,0.14078089594841003,0.20215606689453125
29640,0,0,0,0,0,0,0,0,1.0,0.2512737512588501,0.31998562812805176
29641,0,0,0,1,1,0,0,1,1.0,0.17574681341648102,0.29420530796051025
29642,0,0,0,1,0,0,0,0,1.0,0.1158902645111084,0.1158902645111084
29643,0,0,0,1,0,0,0,0,1.0,0.31617170572280884,0.4784577190876007
29644,0,0,0,1,0,0,0,0,1.0,0.07200199365615845,0.0832856297492981
29645,0,0,0,0,1,0,0,0,1.0,0.11356271803379059,0.1905105859041214
29646,0,0,0,0,0,0,0,0,1.0,0.2771862745285034,0.47385072708129883
29647,0,0,0,0,0,0,0,0,1.0,0.31701231002807617,0.31701231002807617
29649,0,0,0,0,0,0,0,0,1.0,0.29658615589141846,0.3186109662055969
29650,0,0,0,0,0,0,0,1,1.0,0.23641306161880493,0.3214823007583618
29651,0,0,0,0,0,0,0,0,1.0,0.19036626815795898,0.2097143530845642
29653,0,0,0,0,0,0,0,0,1.0,0.1613306999206543,0.1613306999206543
29654,0,0,0,1,0,0,0,0,1.0,0.2065081149339676,0.2065081149339676
29655,0,0,0,1,0,0,0,0,1.0,0.31176212430000305,0.40699252486228943
29657,0,0,0,1,0,0,1,0,1.0,0.23411917686462402,0.2635813057422638
29658,0,0,0,0,0,0,0,0,1.0,0.07646781206130981,0.1040879487991333
29659,0,0,0,0,0,0,0,0,1.0,0.4350104331970215,0.4351939558982849
29660,0,0,1,1,0,0,0,0,1.0,0.33588865399360657,0.48422449827194214
29661,0,0,0,1,1,1,0,0,1.0,0.2928224503993988,0.32657554745674133
29663,0,0,0,0,0,0,0,0,1.0,0.2650619149208069,0.31375354528427124
29665,0,0,0,1,0,0,0,0,1.0,0.28551173210144043,0.28551173210144043
29667,1,1,0,1,1,0,0,1,1.0,0.290488064289093,0.3057726323604584
29668,0,0,0,0,0,0,1,0,1.0,0.2537307143211365,0.2537307143211365
29670,0,0,0,0,0,0,0,0,1.0,0.5150293707847595,0.5150293707847595
29671,0,0,0,0,0,0,0,1,1.0,0.16789215803146362,0.16789215803146362
29672,0,0,0,0,1,0,0,0,1.0,0.29813289642333984,0.43237295746803284
29673,0,0,0,1,0,0,0,1,1.0,0.3624398112297058,0.3624398112297058
29675,0,0,0,0,0,0,0,0,1.0,0.12338033318519592,0.15643975138664246
29676,0,0,0,1,0,0,1,0,1.0,0.3470062017440796,0.3470062017440796
29678,0,0,0,1,0,0,0,0,1.0,0.09632013738155365,0.09632013738155365
29679,0,0,0,0,0,0,0,0,1.0,0.41677260398864746,0.5255895853042603
29680,0,0,0,0,0,0,0,0,1.0,0.2272902876138687,0.2272902876138687
29682,0,0,0,1,0,0,0,0,1.0,0.3059948682785034,0.30698561668395996
29683,0,0,0,1,0,0,0,0,1.0,0.30259186029434204,0.30259186029434204
29684,0,0,0,0,0,0,0,0,1.0,0.10448805242776871,0.11655280739068985
29685,0,0,0,1,0,0,0,0,1.0,0.17956280708312988,0.19758255779743195
29687,0,0,0,0,0,0,0,1,1.0,0.17412225902080536,0.3196432292461395
29688,0,0,0,1,0,0,0,0,1.0,0.3248012065887451,0.3248012065887451
29689,0,0,0,1,0,0,0,1,1.0,0.17302650213241577,0.20594768226146698
29690,0,0,0,1,0,0,0,0,1.0,0.058307744562625885,0.1410302370786667
29691,0,0,0,0,0,1,0,0,1.0,0.1672837883234024,0.19422149658203125
29692,0,0,0,1,0,0,0,0,1.0,0.315494179725647,0.32515400648117065
29693,0,0,0,1,0,0,0,0,1.0,0.3031006157398224,0.37571951746940613
29694,0,0,0,0,0,0,0,0,1.0,0.2746603190898895,0.3158862590789795
29695,0,0,0,0,0,0,0,0,1.0,0.1772758662700653,0.22570055723190308
29698,0,0,0,0,0,0,0,0,1.0,0.3337125778198242,0.3462167978286743
29699,0,0,0,1,0,0,0,0,1.0,0.15170465409755707,0.1584014892578125
29701,0,0,0,0,0,0,0,0,1.0,0.28343719244003296,0.3499632477760315
29702,0,0,0,1,0,0,0,0,1.0,0.34046611189842224,0.34046611189842224
29703,0,0,0,0,0,0,0,0,1.0,0.3050731420516968,0.3689805865287781
29704,0,0,0,0,0,0,0,0,1.0,0.1612170934677124,0.1612170934677124
29705,0,0,0,1,0,1,0,1,1.0,0.2883937656879425,0.376908540725708
29706,0,0,0,0,0,0,0,0,1.0,0.28238698840141296,0.36107781529426575
29708,0,0,0,0,0,1,0,0,1.0,0.14241406321525574,0.1896427571773529
29709,0,0,0,0,0,0,0,0,1.0,0.13964912295341492,0.17656844854354858
29710,0,0,0,0,0,0,0,0,1.0,0.22448772192001343,0.30194011330604553
29711,0,0,0,1,0,0,1,1,1.0,0.14018869400024414,0.1439720243215561
29712,0,0,0,0,1,0,1,0,1.0,0.17703525722026825,0.2109249234199524
29713,0,0,1,0,0,1,0,0,1.0,0.1701834797859192,0.1771058440208435
29714,0,0,0,0,0,0,0,0,1.0,0.31038254499435425,0.31038254499435425
29715,0,0,0,0,0,0,0,0,1.0,0.09135590493679047,0.11131741106510162
29716,0,0,0,0,0,0,0,0,1.0,0.078360415995121,0.15398365259170532
29717,0,0,0,1,0,0,0,0,1.0,0.3444932699203491,0.4202713966369629
29719,0,0,0,0,0,0,0,0,1.0,0.3793197572231293,0.39430058002471924
29721,0,0,0,0,0,0,0,0,1.0,0.2868017554283142,0.2868017554283142
29723,0,0,0,0,0,0,0,0,1.0,0.1705816686153412,0.1705816686153412
29724,0,0,0,0,1,0,0,0,1.0,0.03437395766377449,0.09187859296798706
29725,0,0,0,1,0,0,0,0,1.0,0.2852987051010132,0.29742366075515747
29728,0,0,0,0,0,0,0,0,1.0,0.2733492851257324,0.2733492851257324
29729,0,0,0,1,0,0,0,1,1.0,0.3089240789413452,0.36602601408958435
29730,0,0,0,0,0,0,0,1,1.0,0.28798094391822815,0.3568118214607239
29731,0,0,0,1,0,0,0,0,1.0,0.18049070239067078,0.18585734069347382
29732,0,0,0,0,1,0,0,1,1.0,0.26336830854415894,0.27923673391342163
29733,0,0,1,0,1,0,0,0,1.0,0.3600703775882721,0.3705669641494751
29734,0,0,0,1,0,0,0,1,1.0,0.12231260538101196,0.1783403754234314
29735,0,0,0,1,0,0,0,0,1.0,0.16632729768753052,0.220070481300354
29736,0,0,0,1,0,0,0,0,1.0,0.2466481477022171,0.25800397992134094
29737,1,1,0,0,1,0,0,1,1.0,0.18547147512435913,0.20222637057304382
29738,0,0,0,0,0,0,0,0,1.0,0.2802138328552246,0.2802138328552246
29739,0,0,0,0,1,0,0,0,1.0,0.278218537569046,0.3716859221458435
29740,0,0,1,0,0,0,1,1,1.0,0.35239970684051514,0.41960853338241577
29741,0,0,0,1,0,0,0,0,1.0,0.11558370292186737,0.13583987951278687
29745,0,0,0,1,0,0,0,1,1.0,0.11045075207948685,0.11205214262008667
29746,0,0,0,1,0,0,0,0,1.0,0.39408236742019653,0.39408236742019653
29747,0,0,0,0,0,0,0,0,1.0,0.47238147258758545,0.47238147258758545
29748,1,2,1,0,0,0,0,1,1.0,0.26778578758239746,0.2984590232372284
29749,0,0,0,0,1,0,0,0,1.0,0.3246287703514099,0.3574640452861786
29750,0,0,0,1,0,0,0,0,1.0,0.20485898852348328,0.20796093344688416
29751,0,0,0,0,0,0,0,1,1.0,0.26633062958717346,0.26633062958717346
29753,1,1,0,1,0,0,0,0,1.0,0.3291305601596832,0.3905486464500427
29754,0,0,0,0,1,0,0,0,1.0,0.3928277790546417,0.4463244676589966
29755,0,0,0,1,0,0,0,0,1.0,0.18294821679592133,0.18592451512813568
29756,0,0,0,1,0,0,0,0,1.0,0.22532527148723602,0.22532527148723602
29758,0,0,0,1,0,0,0,0,1.0,0.1452573835849762,0.15252377092838287
29759,0,0,0,1,0,0,0,0,1.0,0.04968123137950897,0.0794176310300827
29760,0,0,0,0,0,0,0,0,1.0,0.26508864760398865,0.26508864760398865
29761,0,0,1,0,0,0,0,0,1.0,0.1359088271856308,0.1359088271856308
29762,0,0,0,0,0,0,0,0,1.0,0.24929934740066528,0.30537545680999756
29764,0,0,0,1,0,0,1,1,1.0,0.10971685498952866,0.1590992510318756
29765,0,0,0,1,1,0,0,0,1.0,0.2691454291343689,0.3654618561267853
29766,0,0,0,1,0,0,0,1,1.0,0.2733715772628784,0.31724488735198975
29767,0,0,0,1,0,0,0,0,1.0,0.28246885538101196,0.2981713116168976
29768,0,0,0,1,0,0,0,0,1.0,0.2598522901535034,0.30791324377059937
29769,0,0,0,1,0,0,0,0,1.0,0.14551424980163574,0.15428248047828674
29770,0,0,0,1,0,0,0,0,1.0,0.1602637767791748,0.20316241681575775
29772,0,0,0,1,0,0,0,0,1.0,0.2369706630706787,0.3148549199104309
29773,0,0,0,1,0,0,0,0,1.0,0.3653301000595093,0.3653301000595093
29774,0,0,0,1,0,0,0,0,1.0,0.13402515649795532,0.13402515649795532
29775,0,0,0,0,0,0,0,0,1.0,0.2654282748699188,0.4931658208370209
29776,0,0,0,0,0,0,0,0,1.0,0.21342253684997559,0.25503847002983093
29777,0,0,0,0,0,0,0,0,1.0,0.218876913189888,0.224668949842453
29778,0,0,0,0,0,0,0,0,1.0,0.09855508804321289,0.20727002620697021
29779,0,0,0,1,1,0,0,0,1.0,0.34206122159957886,0.3564750552177429
29780,0,0,0,1,0,0,0,0,1.0,0.2247035801410675,0.3593713641166687
29781,0,0,0,0,0,0,0,0,1.0,0.16430804133415222,0.16430804133415222
29782,0,0,0,1,0,0,0,1,1.0,0.32462790608406067,0.3986371159553528
29783,0,0,0,0,0,0,0,0,1.0,0.2693290710449219,0.3913666009902954
29784,0,0,0,0,1,0,0,0,1.0,0.38442063331604004,0.40778428316116333
29785,0,0,0,0,0,0,0,1,1.0,0.27258628606796265,0.3442736864089966
29786,0,0,0,1,0,0,0,0,1.0,0.13842086493968964,0.16587525606155396
29787,0,0,0,1,0,0,0,0,1.0,0.01200355775654316,0.029989317059516907
29788,0,0,0,1,0,0,0,0,1.0,0.14204001426696777,0.14204001426696777
29789,0,0,0,0,0,0,0,0,1.0,0.22681249678134918,0.4270649552345276
29791,0,0,0,0,0,0,0,0,1.0,0.22162505984306335,0.2788156270980835
29792,0,0,0,0,0,0,0,0,1.0,0.21051350235939026,0.21051350235939026
29793,0,0,0,0,0,0,0,0,1.0,0.22339186072349548,0.30774104595184326
29794,0,0,0,1,0,0,0,0,1.0,0.32632535696029663,0.35482826828956604
29795,0,0,0,0,0,0,0,0,1.0,0.2020837962627411,0.20986798405647278
29796,0,0,0,0,0,0,0,0,1.0,0.3948920965194702,0.4913056790828705
29797,0,0,0,1,0,0,0,0,1.0,0.240789994597435,0.2604520916938782
29798,0,0,0,1,0,0,0,0,1.0,0.19173014163970947,0.2246088832616806
29799,0,0,0,1,0,0,0,0,1.0,0.16638660430908203,0.24270935356616974
29800,0,0,0,0,0,0,0,1,1.0,0.24234285950660706,0.24234285950660706
29801,0,0,0,0,0,0,0,0,1.0,0.3194807469844818,0.348367840051651
29803,0,0,0,0,1,0,0,1,1.0,0.2624662518501282,0.27311617136001587
29804,0,0,0,0,0,0,0,0,1.0,0.1693270206451416,0.2647135257720947
29805,0,0,0,0,0,0,1,0,1.0,0.1498936265707016,0.1498936265707016
29807,0,0,0,1,0,1,0,0,1.0,0.25417542457580566,0.3172333538532257
29808,0,0,1,1,1,0,1,0,1.0,0.3167121112346649,0.48212820291519165
29810,0,0,0,1,0,0,0,0,1.0,0.2774493098258972,0.2774493098258972
29812,0,0,0,1,0,0,0,0,1.0,0.1473095566034317,0.27753785252571106
29813,0,0,0,0,0,0,0,0,1.0,0.3083204925060272,0.4177219271659851
29814,0,0,0,1,0,0,0,0,1.0,0.2836070954799652,0.40106719732284546
29815,0,0,0,1,0,0,0,1,1.0,0.1966702938079834,0.2318958342075348
29818,0,0,0,1,0,0,0,0,1.0,0.28784552216529846,0.28784552216529846
29819,0,0,0,0,0,0,0,0,1.0,-0.014469561167061329,-0.0005401968955993652
29820,0,0,0,0,0,0,0,0,1.0,0.345142662525177,0.37863877415657043
29821,0,0,0,0,0,0,0,0,1.0,0.522894024848938,0.522894024848938
29822,0,0,0,0,0,0,0,1,1.0,0.0899776965379715,0.11475768685340881
29823,0,0,0,1,0,0,0,0,1.0,0.20788264274597168,0.25653889775276184
29824,0,0,0,0,0,0,0,0,1.0,0.13775888085365295,0.19753840565681458
29825,0,0,0,1,0,0,0,0,1.0,0.34525030851364136,0.355177640914917
29826,0,0,0,0,0,0,0,0,1.0,0.14588651061058044,0.19355840981006622
29828,0,0,0,1,0,1,0,0,1.0,0.3396024703979492,0.37644919753074646
29829,0,0,0,1,0,0,0,0,1.0,0.009326130151748657,0.013017900288105011
29830,0,0,0,0,0,1,0,0,1.0,0.15216730535030365,0.1650075763463974
29833,0,0,0,0,0,0,0,0,1.0,0.19732160866260529,0.3392822742462158
29834,0,0,0,1,0,0,0,1,1.0,0.2757011353969574,0.3044947683811188
29835,0,0,0,0,0,0,0,0,1.0,0.34954193234443665,0.40163999795913696
29836,0,0,0,1,0,0,0,0,1.0,0.19923348724842072,0.21887964010238647
29837,0,0,0,1,0,0,0,1,1.0,0.1824193298816681,0.20650291442871094
29839,0,0,0,1,0,0,0,1,1.0,0.12216243892908096,0.1834367960691452
29840,0,0,1,0,0,0,0,0,1.0,0.12785604596138,0.14518173038959503
29841,1,1,1,1,0,0,0,0,1.0,0.28513002395629883,0.3520664870738983
29844,0,0,1,0,0,0,0,0,1.0,0.26420605182647705,0.26420605182647705
29847,0,0,0,0,0,0,0,0,1.0,0.3290213942527771,0.3290213942527771
29848,0,0,0,0,0,0,0,0,1.0,0.18397675454616547,0.20324057340621948
29849,0,0,0,1,0,0,0,0,1.0,0.15061022341251373,0.19375938177108765
29850,0,0,0,1,0,0,1,0,1.0,0.16240738332271576,0.1989274024963379
29851,0,0,0,1,0,0,0,1,1.0,0.2891426384449005,0.3540264964103699
29852,0,0,0,1,0,0,0,0,1.0,0.08835548907518387,0.08835548907518387
29853,0,0,1,0,0,0,0,1,1.0,0.22561009228229523,0.3122870922088623
29854,0,0,0,0,0,0,0,0,1.0,0.13146784901618958,0.13146784901618958
29856,0,0,0,0,0,0,0,0,1.0,0.14313754439353943,0.15909335017204285
29857,0,0,0,0,0,0,0,0,1.0,0.33211764693260193,0.37360113859176636
29858,0,0,0,0,0,0,0,0,1.0,0.27112436294555664,0.3126204013824463
29950,0,0,0,0,0,0,0,0,1.0,0.23521728813648224,0.5168103575706482
29951,0,0,0,1,0,0,0,0,1.0,0.1202656477689743,0.121823251247406
29952,0,0,0,1,0,0,1,0,1.0,0.14079317450523376,0.16416794061660767
29953,0,0,0,1,0,0,0,0,1.0,0.0791660025715828,0.08534877002239227
29954,0,0,0,0,0,0,0,0,1.0,0.06121179461479187,0.09079276025295258
29955,0,0,0,1,0,0,0,0,1.0,0.17186978459358215,0.20007897913455963
29956,0,0,0,1,0,0,0,0,1.0,0.08690740168094635,0.08690740168094635
29957,0,0,0,1,0,0,0,0,1.0,0.18662607669830322,0.23114243149757385
29960,0,0,0,0,0,0,0,0,1.0,0.2156732976436615,0.2220306694507599
29963,0,0,0,1,0,0,0,0,1.0,0.3472515940666199,0.3955676555633545
29964,0,0,0,0,0,0,0,0,1.0,0.04328778758645058,0.05454731732606888
29965,0,0,0,1,0,0,0,0,1.0,0.12853488326072693,0.13989271223545074
29966,0,0,0,0,0,0,0,0,1.0,0.14462263882160187,0.24416479468345642
29967,1,1,0,0,0,0,0,0,1.0,0.24852688610553741,0.3727463483810425
29968,0,0,1,0,0,0,0,0,1.0,0.1035342663526535,0.1035342663526535
29969,1,1,0,1,0,0,0,1,1.0,0.20339393615722656,0.20339393615722656
29972,0,0,0,0,0,0,0,0,1.0,0.3342727720737457,0.3901023864746094
29973,0,0,0,1,0,0,0,0,1.0,0.29877951741218567,0.355993390083313
29976,0,0,0,1,0,0,0,0,1.0,0.2942531704902649,0.4130082428455353
29977,0,0,1,0,0,0,0,1,1.0,0.3258399963378906,0.40050196647644043
29978,0,0,0,0,0,1,0,0,1.0,0.2456604242324829,0.2581913471221924
29980,0,0,0,1,0,0,0,0,1.0,0.15958243608474731,0.17193347215652466
29982,0,0,0,0,0,0,0,0,1.0,0.27827081084251404,0.31090500950813293
29983,0,0,0,0,0,0,0,0,1.0,0.1292443871498108,0.1292443871498108
29987,0,0,0,0,0,0,0,0,1.0,0.19738000631332397,0.23494099080562592
29989,0,0,0,0,0,0,0,0,1.0,0.33362123370170593,0.38180112838745117
29990,0,0,0,1,0,0,0,0,1.0,0.1587582677602768,0.1587582677602768
29992,0,0,0,1,0,1,0,0,1.0,0.22823040187358856,0.22823040187358856
29577,1,1,0,0,0,0,0,0,1.0,0.31888630986213684,0.32032373547554016
30014,0,0,0,0,0,0,0,0,1.0,0.4361191987991333,0.4361191987991333
30016,0,0,0,0,0,0,0,0,1.0,0.04168283939361572,0.04730606451630592
30017,0,0,0,0,0,0,0,1,1.0,0.25439390540122986,0.25439390540122986
30018,0,0,0,1,0,0,1,0,1.0,0.16682538390159607,0.1859174370765686
30019,0,0,0,0,0,0,0,1,1.0,0.004963771440088749,0.019940219819545746
30021,0,0,0,0,0,0,0,0,1.0,0.07075271755456924,0.09592217206954956
30022,0,0,1,0,0,0,0,1,1.0,0.2033751755952835,0.2619415521621704
30023,0,0,0,0,0,0,0,0,1.0,0.10894043743610382,0.11398952454328537
30024,0,0,0,1,0,0,0,1,1.0,0.06713542342185974,0.06713542342185974
30027,0,0,0,0,0,0,0,0,1.0,0.18603026866912842,0.2107968032360077
30028,0,0,0,1,0,0,0,0,1.0,0.5315556526184082,0.5581796169281006
30029,0,0,0,0,0,0,0,0,1.0,0.09517484903335571,0.18659502267837524
30030,0,0,0,1,0,0,0,0,1.0,0.32533493638038635,0.36347532272338867
30031,0,0,1,0,0,0,0,0,1.0,0.23445077240467072,0.29031482338905334
30032,0,0,0,0,0,0,0,0,1.0,0.1990450918674469,0.1990450918674469
30033,0,0,0,1,0,0,0,1,1.0,0.19662195444107056,0.2835782766342163
30034,0,0,0,0,0,0,0,0,1.0,0.26357531547546387,0.26357531547546387
30036,0,0,0,1,0,0,0,1,1.0,0.1974991261959076,0.22705724835395813
30037,0,0,0,0,0,0,0,0,1.0,0.18725717067718506,0.1960754543542862
30038,0,0,0,1,0,0,0,0,1.0,0.3386976718902588,0.3386976718902588
30039,0,0,0,0,0,0,0,0,1.0,0.33024540543556213,0.33024540543556213
30040,0,0,0,1,0,0,0,0,1.0,0.16468554735183716,0.18553143739700317
30041,0,0,0,1,0,0,0,0,1.0,0.16667088866233826,0.226064532995224
30042,0,0,0,1,0,0,0,1,1.0,0.25106775760650635,0.25106775760650635
30043,0,0,0,1,0,0,0,0,1.0,0.1528863161802292,0.18517372012138367
30044,0,0,0,1,0,0,0,1,1.0,0.32345110177993774,0.3445531725883484
30045,0,0,0,1,0,0,0,1,1.0,0.26900386810302734,0.26900386810302734
30046,0,0,0,1,0,1,0,1,1.0,0.12524114549160004,0.1458856761455536
30047,0,0,0,0,0,0,0,0,1.0,0.28127431869506836,0.3158698081970215
30048,0,0,0,1,0,0,0,0,1.0,0.40903058648109436,0.49646347761154175
30049,0,0,0,1,0,0,0,0,1.0,0.2976362705230713,0.2976362705230713
30050,0,0,0,1,0,0,0,0,1.0,0.08298514783382416,0.08298514783382416
30051,0,0,0,0,0,0,0,0,1.0,0.3398846685886383,0.3553999364376068
30052,0,0,0,0,0,0,0,0,1.0,0.24245743453502655,0.24245743453502655
30053,0,0,0,0,0,0,0,0,1.0,0.2950344383716583,0.35938793420791626
30054,0,0,0,0,0,0,0,0,1.0,0.22227010130882263,0.24294018745422363
30055,0,0,0,0,1,0,0,0,1.0,0.2878153920173645,0.2878153920173645
30056,0,0,0,1,0,0,1,1,1.0,0.23768480122089386,0.2811530828475952
30057,0,0,0,0,0,0,0,0,1.0,0.3338702321052551,0.3338702321052551
30059,0,0,1,0,0,0,0,0,1.0,0.11950737237930298,0.12491930276155472
30060,0,0,0,0,0,0,0,0,1.0,0.25732481479644775,0.2792440354824066
30062,0,0,0,0,0,0,0,0,1.0,0.25008177757263184,0.3329331874847412
30063,0,0,0,0,0,0,0,0,1.0,0.3735450506210327,0.3735450506210327
30064,0,0,0,1,0,0,0,0,1.0,0.1389158070087433,0.21006503701210022
30065,0,0,0,1,0,0,0,1,1.0,0.09768442809581757,0.11841598898172379
30066,0,0,1,0,0,0,0,0,1.0,0.2813038229942322,0.3776102662086487
30067,0,0,0,0,0,0,0,0,1.0,0.1840575933456421,0.21526998281478882
30068,0,0,0,0,0,0,0,0,1.0,0.15277983248233795,0.22059951722621918
30073,0,0,0,1,0,0,0,1,1.0,0.41704440116882324,0.41704440116882324
30074,0,0,0,0,0,0,0,0,1.0,0.3120364546775818,0.3120364546775818
30075,0,0,0,1,0,0,0,0,1.0,0.12468758225440979,0.12468758225440979
30076,0,0,0,0,0,0,0,0,1.0,0.2131594568490982,0.3365881145000458
30077,0,0,0,0,0,0,0,0,1.0,0.3634801506996155,0.3634801506996155
30078,0,0,0,0,0,0,0,0,1.0,0.17041535675525665,0.3416045308113098
30079,0,0,0,0,0,0,0,0,1.0,0.10555872321128845,0.1286013126373291
30080,0,0,1,1,0,0,0,1,1.0,0.17477595806121826,0.20851543545722961
30083,0,0,0,1,0,0,0,1,1.0,0.040264323353767395,0.040264323353767395
30087,0,0,0,0,0,1,0,1,1.0,0.20615193247795105,0.2293415665626526
30088,1,1,0,0,0,0,0,0,1.0,0.09956006705760956,0.09956006705760956
30089,0,0,0,0,0,0,0,0,1.0,0.24911852180957794,0.26122957468032837
30090,0,0,0,0,0,0,0,0,1.0,0.2719544470310211,0.3913082480430603
30091,0,0,0,0,0,0,0,0,1.0,0.35912948846817017,0.35912948846817017
30095,0,0,0,1,0,0,0,0,1.0,0.36288154125213623,0.36288154125213623
30096,0,0,0,0,0,0,0,0,1.0,0.2661959230899811,0.3932114243507385
30097,0,0,0,0,0,1,0,0,1.0,0.2075147181749344,0.27394458651542664
30099,0,0,0,0,0,0,0,0,1.0,0.38819223642349243,0.38819223642349243
30100,0,0,0,1,0,0,0,0,1.0,0.3326319456100464,0.3326319456100464
30101,0,0,0,0,0,0,0,0,1.0,0.1904173493385315,0.19931647181510925
30102,0,0,0,0,0,0,0,0,1.0,0.2381020188331604,0.2381020188331604
30103,0,0,1,0,0,0,0,0,1.0,0.19132137298583984,0.21389001607894897
30104,0,0,0,0,0,0,0,0,1.0,0.15622977912425995,0.15622977912425995
30105,1,1,0,1,0,0,0,0,1.0,0.18318389356136322,0.19862627983093262
30106,0,0,1,0,0,0,0,0,1.0,0.1132429763674736,0.19497394561767578
30107,0,0,0,0,0,0,0,0,1.0,0.22713375091552734,0.25361037254333496
30108,0,0,0,1,0,0,0,1,1.0,0.10521740466356277,0.1145489290356636
30109,0,0,0,0,0,1,0,0,1.0,0.25217440724372864,0.3471187949180603
30110,0,0,0,1,0,0,0,0,1.0,0.34996160864830017,0.3773251175880432
30111,0,0,0,1,0,0,0,0,1.0,0.1571735143661499,0.1571735143661499
30112,0,0,0,0,0,0,0,0,1.0,0.045191649347543716,0.0695982426404953
30113,0,0,0,1,0,0,0,0,1.0,0.4003841280937195,0.4013493061065674
30114,0,0,0,1,0,0,0,0,1.0,0.330686092376709,0.3611055314540863
30115,0,0,0,1,0,0,0,0,1.0,0.16802552342414856,0.20299352705478668
30116,0,0,0,0,0,0,0,0,1.0,0.3331770896911621,0.3331770896911621
30117,0,0,0,1,0,0,0,0,1.0,0.27274996042251587,0.316413938999176
30118,0,0,0,1,0,0,0,0,1.0,0.08001980185508728,0.0915367528796196
30119,0,0,0,1,0,1,0,0,1.0,0.09533382952213287,0.09533382952213287
30124,0,0,0,0,0,0,0,0,1.0,0.40560799837112427,0.40560799837112427
30125,0,0,0,0,0,1,0,0,1.0,0.15028677880764008,0.15028677880764008
30126,0,0,0,1,0,0,0,0,1.0,0.09289427101612091,0.09821364283561707
30127,0,0,0,0,0,0,0,0,1.0,0.11586922407150269,0.11586922407150269
30129,0,0,0,0,0,0,0,1,1.0,0.42274248600006104,0.42274248600006104
30130,0,0,0,0,0,0,0,0,1.0,0.11942209303379059,0.11942209303379059
30131,0,0,0,1,0,0,0,0,1.0,0.1979098618030548,0.2397836297750473
28922,0,0,0,1,0,0,0,0,1.0,0.04289381206035614,0.04289381206035614
29727,0,0,0,1,0,1,0,0,1.0,0.1683104783296585,0.22262445092201233
29790,0,0,0,1,0,0,0,0,1.0,0.35571685433387756,0.4744621515274048
29959,0,0,1,0,0,0,0,0,1.0,0.39160993695259094,0.48677390813827515
29986,0,0,0,0,1,0,0,0,1.0,0.3416631817817688,0.34373292326927185
29988,0,0,0,0,1,0,0,0,1.0,0.3063446879386902,0.3286937475204468
29999,0,0,0,0,0,0,0,0,1.0,0.20943856239318848,0.20943856239318848
30020,0,0,0,0,0,0,0,0,,,
30160,0,0,0,1,0,0,0,0,1.0,0.3088792562484741,0.3192935883998871
30165,0,0,1,0,0,0,0,1,1.0,0.20393764972686768,0.23940905928611755
30172,0,0,0,0,0,0,0,0,1.0,0.3900907337665558,0.4286631941795349
30174,0,0,0,0,0,0,0,0,1.0,0.4976368248462677,0.5237267017364502
30176,0,0,0,0,0,0,0,0,1.0,0.5222348570823669,0.5436968803405762
30177,0,0,0,1,0,0,0,0,1.0,0.1493799090385437,0.2016569972038269
30178,0,0,0,1,0,0,0,0,1.0,0.15344882011413574,0.16475974023342133
30179,0,0,1,0,0,0,0,1,1.0,0.2591626048088074,0.28117021918296814
30181,0,0,0,1,0,0,0,1,1.0,0.3738441467285156,0.38043996691703796
30182,0,0,0,0,0,0,0,0,1.0,0.1381465494632721,0.1381465494632721
30183,0,0,0,0,0,0,0,0,1.0,0.25464728474617004,0.30210983753204346
30185,0,0,0,0,0,0,0,1,1.0,0.24442069232463837,0.27358075976371765
30187,0,0,0,0,0,1,0,0,1.0,0.049455199390649796,0.07712660729885101
30188,0,0,0,1,0,0,0,0,1.0,0.0961216390132904,0.0981379896402359
30189,0,0,0,1,0,0,0,1,1.0,0.19887496531009674,0.31401532888412476
30190,0,0,0,1,0,0,0,0,1.0,0.34109145402908325,0.4506135880947113
30192,0,0,0,0,0,0,0,0,1.0,0.36118265986442566,0.4806860089302063
30193,0,0,0,1,0,0,0,0,1.0,0.12098105996847153,0.1573253571987152
30194,0,0,1,1,0,0,0,1,1.0,0.27571243047714233,0.2916250228881836
30196,0,0,0,1,0,0,0,0,1.0,0.2372661828994751,0.2372661828994751
30197,0,0,0,1,0,0,0,1,1.0,0.1511259526014328,0.1511259526014328
30198,0,0,0,0,0,0,0,0,1.0,0.3249063491821289,0.3310008645057678
30199,0,0,0,0,0,0,0,0,1.0,0.24031156301498413,0.24031156301498413
30200,0,0,0,0,0,0,0,0,1.0,0.2258884459733963,0.24824242293834686
30201,0,0,0,0,0,0,0,0,1.0,0.4199691414833069,0.4199691414833069
30202,0,0,0,1,0,0,0,0,1.0,0.30735844373703003,0.30735844373703003
30203,0,0,0,0,0,0,0,0,1.0,0.2187480926513672,0.2187480926513672
30204,0,0,0,1,0,0,0,0,1.0,0.24876266717910767,0.2586885988712311
30205,0,0,0,0,0,0,0,0,1.0,0.3831593096256256,0.3906595706939697
30207,0,0,0,0,1,0,0,0,1.0,0.17219626903533936,0.22560018301010132
30209,0,0,0,1,0,0,0,0,1.0,0.1513916701078415,0.1687944233417511
30210,0,0,0,0,0,0,0,0,1.0,0.14281393587589264,0.14346212148666382
30212,0,0,0,1,0,0,0,0,1.0,0.22409963607788086,0.228082075715065
30213,0,0,0,1,0,0,0,0,1.0,0.36153846979141235,0.3836756944656372
30214,0,0,0,1,0,0,0,0,1.0,0.16587510704994202,0.2340298295021057
30215,0,0,0,1,0,1,0,0,1.0,0.3237799108028412,0.32744914293289185
30216,0,0,0,0,0,0,0,0,1.0,0.17191722989082336,0.19905760884284973
30217,0,0,0,1,0,0,0,1,1.0,0.0799126923084259,0.0799126923084259
30218,0,0,1,0,0,0,0,0,1.0,0.3515411615371704,0.5881584286689758
30220,0,0,0,0,0,0,0,0,1.0,0.07082708925008774,0.08324608206748962
30221,1,1,0,0,0,0,0,0,1.0,0.23165762424468994,0.27938738465309143
30222,0,0,0,1,0,0,0,0,1.0,0.1142113208770752,0.11644858866930008
30223,0,0,0,1,0,0,0,0,1.0,0.2235465943813324,0.24400030076503754
30224,0,0,0,1,0,0,0,0,1.0,0.4734635353088379,0.4793913960456848
30225,0,0,0,1,0,0,0,0,1.0,0.1845186948776245,0.1845186948776245
30226,0,0,0,0,0,0,0,0,1.0,0.2938861548900604,0.2938861548900604
30227,0,0,0,0,0,0,0,0,1.0,0.24880868196487427,0.39768630266189575
30228,0,0,0,0,0,0,0,0,1.0,0.4043542146682739,0.4405295252799988
30229,0,0,0,0,0,0,0,0,1.0,0.1754244863986969,0.17849279940128326
30230,0,0,0,0,0,0,0,0,1.0,0.22367596626281738,0.3192145526409149
30231,1,1,0,0,0,0,0,0,1.0,0.1278766244649887,0.20059141516685486
30232,0,0,0,0,0,0,0,0,1.0,0.40902185440063477,0.4232308864593506
30233,0,0,0,0,0,0,0,0,1.0,0.25992634892463684,0.2865390181541443
30234,0,0,0,0,0,0,0,0,1.0,0.45120012760162354,0.5566282868385315
30235,0,0,0,1,0,0,0,1,1.0,0.16479945182800293,0.17619732022285461
30236,0,0,0,0,0,0,0,0,1.0,0.12939730286598206,0.12939730286598206
30237,0,0,0,0,0,0,0,0,1.0,0.12169154733419418,0.12169154733419418
30238,0,0,0,1,0,0,0,0,1.0,0.2754763662815094,0.31987911462783813
30239,0,0,0,0,0,0,0,0,1.0,0.241331547498703,0.2675032317638397
30240,0,0,0,0,0,0,0,0,1.0,0.1140136644244194,0.1140136644244194
30241,0,0,0,0,0,0,0,0,1.0,0.12336239963769913,0.19839411973953247
30242,0,0,0,0,0,0,0,1,1.0,0.30763018131256104,0.3722867965698242
30243,0,0,0,0,0,0,0,0,1.0,0.46709439158439636,0.46709439158439636
30244,0,0,0,1,0,1,0,0,1.0,0.1409076452255249,0.14671950042247772
30246,0,0,0,1,0,0,0,0,1.0,0.12803716957569122,0.14666610956192017
30247,0,0,0,0,0,0,0,0,1.0,0.32553690671920776,0.35763314366340637
30248,0,0,0,0,0,0,0,0,1.0,0.11659713834524155,0.12795156240463257
30249,0,0,0,1,0,0,0,0,1.0,0.21409910917282104,0.21409910917282104
30250,0,0,0,0,0,0,0,0,1.0,0.153471440076828,0.153471440076828
30251,0,0,0,1,1,1,0,0,1.0,0.38144952058792114,0.5005060434341431
30252,0,0,0,1,0,0,0,0,1.0,0.24134968221187592,0.26083070039749146
30253,0,0,0,1,0,0,0,0,1.0,0.3705989122390747,0.4306904971599579
30254,0,0,0,0,0,0,0,0,1.0,0.1877450793981552,0.30354368686676025
30255,0,0,0,1,0,0,0,0,1.0,0.21289503574371338,0.22670723497867584
30256,0,0,0,1,1,1,0,0,1.0,0.35450589656829834,0.3558293879032135
30257,0,0,0,0,0,0,0,0,1.0,0.3520793914794922,0.35541069507598877
30258,0,0,0,1,0,0,0,1,1.0,0.3881719410419464,0.40687400102615356
30259,0,0,0,0,0,0,0,0,1.0,0.34091049432754517,0.3658236563205719
30260,0,0,0,1,0,0,0,0,1.0,0.3146120011806488,0.31706804037094116
30261,0,0,0,0,0,0,0,0,1.0,0.14089909195899963,0.14089909195899963
30262,0,0,0,0,0,0,0,0,1.0,0.12019234150648117,0.2798806428909302
30263,0,0,0,0,0,0,0,0,1.0,0.2341518998146057,0.30076271295547485
30264,0,0,0,0,0,0,0,0,1.0,0.25486427545547485,0.3331734836101532
30265,0,0,0,1,0,0,0,0,1.0,0.2957407832145691,0.31649643182754517
30266,0,0,0,1,0,0,0,0,1.0,0.21762636303901672,0.21769993007183075
30267,0,0,0,0,0,0,0,1,1.0,0.29299935698509216,0.3980521857738495
30268,0,0,0,1,0,0,0,0,1.0,0.10526100546121597,0.17457890510559082
30269,0,0,0,0,0,0,0,0,1.0,0.18028411269187927,0.22025106847286224
30270,0,0,0,0,0,0,0,0,1.0,0.24274440109729767,0.25379955768585205
30271,0,0,0,0,0,1,0,0,1.0,0.26564913988113403,0.3629990816116333
30272,0,0,0,1,0,0,0,0,1.0,0.3616190254688263,0.4196118712425232
30273,0,0,0,1,0,0,0,0,1.0,0.14679932594299316,0.17869049310684204
30274,0,0,0,0,0,0,0,0,1.0,0.221452534198761,0.221452534198761
30275,1,1,1,0,0,0,0,0,1.0,0.09748803079128265,0.11370141804218292
30276,0,0,0,0,0,0,0,0,1.0,0.42643940448760986,0.42643940448760986
30277,0,0,0,0,0,0,0,0,1.0,0.2430809736251831,0.2454247921705246
30278,0,0,0,1,1,1,0,0,1.0,0.5939064025878906,0.5939064025878906
30279,0,0,0,0,0,0,0,0,1.0,0.19151629507541656,0.22897382080554962
30281,0,0,0,1,0,0,0,0,1.0,0.026377223432064056,0.0348908007144928
30282,0,0,0,1,0,0,0,0,1.0,0.2929608225822449,0.33633023500442505
30283,0,0,0,1,0,1,0,0,1.0,0.39401066303253174,0.444082647562027
30284,0,0,0,1,0,0,0,0,1.0,0.28809359669685364,0.33687177300453186
30285,0,0,0,0,0,0,0,0,1.0,0.42925000190734863,0.45546773076057434
30286,0,0,0,0,0,0,0,0,1.0,0.1336781233549118,0.1990121304988861
30287,0,0,0,1,0,0,0,0,1.0,0.3346360921859741,0.3511093854904175
30288,0,0,0,1,0,0,0,0,1.0,0.540855348110199,0.5558054447174072
30290,0,0,0,0,0,0,0,0,1.0,0.038452789187431335,0.05707373097538948
30291,0,0,0,0,0,0,0,0,1.0,0.05289265513420105,0.06847929209470749
30292,0,0,0,0,0,0,0,1,1.0,0.22742325067520142,0.24381861090660095
30293,0,0,0,1,0,0,0,0,1.0,0.1734827160835266,0.21743163466453552
30294,0,0,0,0,0,0,0,0,1.0,0.3059729337692261,0.318080872297287
30295,0,0,0,0,0,0,0,0,1.0,0.29210418462753296,0.3588199019432068
30296,0,0,0,0,0,0,0,0,1.0,-0.04476268216967583,-0.04476268216967583
30297,0,0,0,1,0,0,0,0,1.0,0.21481475234031677,0.22839374840259552
30298,0,0,0,0,1,0,0,0,1.0,0.24017342925071716,0.2716216742992401
30299,0,0,1,0,0,0,0,0,1.0,0.3319123685359955,0.36344295740127563
30301,0,0,0,0,0,0,0,0,1.0,0.09615941345691681,0.11317388713359833
30302,0,0,0,1,0,0,0,0,1.0,0.09434650093317032,0.09434650093317032
30303,0,0,0,1,0,0,0,0,1.0,0.2871754765510559,0.2939528524875641
30304,0,0,0,0,0,0,0,1,1.0,0.1421532928943634,0.16378569602966309
30305,0,0,0,1,0,0,0,1,1.0,0.3453246057033539,0.3948177695274353
30307,0,0,0,0,0,0,0,0,1.0,0.15333756804466248,0.15333756804466248
30312,0,0,0,0,0,0,1,0,1.0,0.2548554539680481,0.2548554539680481
30314,0,0,0,1,0,0,0,1,1.0,0.17317692935466766,0.17317692935466766
30315,0,0,0,0,0,0,0,0,1.0,0.3614285886287689,0.4423065781593323
30316,0,0,0,0,1,0,0,0,1.0,0.20301032066345215,0.25786271691322327
30317,0,0,0,0,0,0,0,0,1.0,0.06607988476753235,0.06607988476753235
30318,0,0,0,1,0,0,0,0,1.0,0.3613377809524536,0.3613377809524536
30319,0,0,0,0,0,0,0,0,1.0,0.26769930124282837,0.26769930124282837
30320,0,0,0,1,0,0,0,0,1.0,0.17472849786281586,0.22651083767414093
30321,1,1,0,0,0,0,0,0,1.0,0.1702595353126526,0.1702965646982193
30322,0,0,0,1,0,0,0,0,1.0,0.3227138817310333,0.33735203742980957
30324,0,0,0,1,0,0,0,0,1.0,0.3609369099140167,0.4135085940361023
30325,0,0,0,1,0,0,0,1,1.0,0.2061263918876648,0.2595943808555603
30328,0,0,1,0,0,0,0,0,1.0,0.28802967071533203,0.30557000637054443
30333,0,0,0,1,0,0,0,0,1.0,0.17531834542751312,0.1916782259941101
30334,0,0,0,0,0,0,0,0,1.0,0.16587162017822266,0.22567257285118103
30335,0,0,1,0,0,0,0,0,1.0,0.24615980684757233,0.24615980684757233
30337,0,0,0,0,0,0,0,0,1.0,0.5115038156509399,0.5198997259140015
30338,0,0,0,0,0,0,0,0,1.0,0.15267041325569153,0.22022947669029236
30339,0,0,1,0,0,0,0,0,1.0,0.1106502115726471,0.13420701026916504
30340,0,0,0,0,0,0,0,0,1.0,0.28673383593559265,0.3614407777786255
30341,0,0,0,0,0,1,0,0,1.0,0.34290289878845215,0.4229263365268707
30343,0,0,0,1,0,0,0,0,1.0,0.3165495991706848,0.3448852300643921
30345,0,0,0,0,0,0,0,0,1.0,0.10495790839195251,0.11417500674724579
30346,0,0,0,1,1,1,0,0,1.0,0.11384184658527374,0.1429125964641571
30347,0,0,0,0,0,0,0,0,1.0,0.22655101120471954,0.2853524088859558
30348,0,0,0,1,0,0,0,0,1.0,0.16472753882408142,0.2170059233903885
30349,0,0,0,0,0,0,0,0,1.0,0.24165257811546326,0.24165257811546326
30350,0,0,0,1,0,0,0,0,1.0,0.2582632303237915,0.380543053150177
30351,0,0,1,1,0,1,0,0,1.0,0.09456007182598114,0.12580251693725586
30353,0,0,0,1,0,0,0,0,1.0,0.21527054905891418,0.33138346672058105
30354,0,0,0,0,1,0,0,0,1.0,0.28194671869277954,0.28813761472702026
30355,0,0,1,0,0,0,0,0,1.0,0.2148657888174057,0.2148657888174057
30356,0,0,1,0,0,0,0,0,1.0,0.1603425294160843,0.2620845437049866
30357,0,0,1,1,1,0,0,0,1.0,0.24853868782520294,0.26181498169898987
30363,0,0,0,0,0,0,0,1,1.0,0.3436439037322998,0.39510059356689453
30365,0,0,0,0,0,0,0,0,1.0,0.26681455969810486,0.30303412675857544
30368,0,0,0,1,0,0,0,0,1.0,0.20159174501895905,0.3204435706138611
29656,0,0,0,1,1,0,0,0,1.0,0.11053924262523651,0.11837389320135117
29662,0,0,0,0,0,0,0,0,1.0,0.06590083986520767,0.06590083986520767
29666,0,0,0,0,0,0,0,0,1.0,0.13718639314174652,0.13718639314174652
30173,0,0,0,0,0,0,0,0,1.0,-0.010431025177240372,-0.010431025177240372
30191,0,0,0,1,1,0,0,0,1.0,0.2459965944290161,0.2895895540714264
30329,0,0,0,0,0,0,0,0,1.0,0.08902221918106079,0.09428617358207703
30336,0,0,0,0,0,0,0,0,1.0,0.09140340983867645,0.14189818501472473
30366,0,0,1,1,0,0,0,1,1.0,0.3905646800994873,0.4519858658313751
30367,0,0,0,0,0,0,0,0,1.0,0.17733299732208252,0.21568718552589417
30384,0,0,0,0,0,0,0,0,1.0,0.4502357840538025,0.4502357840538025
30399,0,0,0,1,0,0,0,0,1.0,0.33161741495132446,0.35812878608703613
30400,0,0,0,0,0,0,0,0,1.0,0.2630124092102051,0.40903377532958984
30402,0,0,0,1,0,0,0,0,1.0,0.33509495854377747,0.33509495854377747
30403,0,0,0,1,0,0,0,0,1.0,0.26667165756225586,0.29586565494537354
30404,1,1,0,1,0,0,0,0,1.0,0.2503209710121155,0.2608337700366974
30405,0,0,0,1,0,0,0,0,1.0,0.49686098098754883,0.5563747882843018
30406,0,0,0,1,0,0,0,0,1.0,0.37719064950942993,0.5144225358963013
30407,0,0,0,0,0,0,0,0,1.0,0.18341544270515442,0.18570637702941895
30411,0,0,0,0,0,0,0,0,1.0,0.2724587917327881,0.2724587917327881
30412,0,0,0,0,0,0,0,0,1.0,0.2278413027524948,0.32937103509902954
30415,0,0,0,0,0,1,0,0,1.0,0.20130814611911774,0.21286329627037048
30417,0,0,0,0,0,0,0,1,1.0,0.248002827167511,0.36297693848609924
30418,0,0,0,1,0,0,0,0,1.0,0.3548681139945984,0.39064550399780273
30419,0,0,0,0,0,0,0,0,1.0,0.39272990822792053,0.43105268478393555
30420,0,0,0,1,0,0,0,0,1.0,0.16364134848117828,0.16364134848117828
30421,0,0,0,1,0,0,0,0,1.0,0.4076016843318939,0.44856441020965576
30422,0,0,0,0,0,0,0,0,1.0,0.06280086934566498,0.07623258978128433
30423,0,0,0,0,0,0,0,0,1.0,0.12497330456972122,0.12497330456972122
30425,0,0,0,0,0,0,0,0,1.0,0.23180513083934784,0.28873172402381897
30426,0,0,0,1,0,0,0,0,1.0,0.15275610983371735,0.1788308024406433
30427,0,0,0,1,0,0,0,0,1.0,0.2762533724308014,0.4282609522342682
30428,0,0,0,0,0,0,0,0,1.0,0.07966698706150055,0.11815214157104492
30429,0,0,0,0,0,0,0,0,1.0,0.342317670583725,0.3783373236656189
30430,0,0,0,0,0,0,0,0,1.0,0.06418570876121521,0.14372023940086365
30431,0,0,0,1,0,0,0,0,1.0,0.39393091201782227,0.4275233745574951
30432,0,0,0,0,0,0,0,0,1.0,0.32531142234802246,0.3372129797935486
30433,0,0,0,0,0,0,0,0,1.0,0.32962948083877563,0.32962948083877563
30434,0,0,0,0,0,0,0,0,1.0,0.3333812654018402,0.3415552079677582
30435,0,0,0,0,0,0,0,0,1.0,0.28562188148498535,0.28562188148498535
30437,0,0,0,0,0,0,0,0,1.0,0.30229878425598145,0.3265864849090576
30438,0,0,0,0,0,0,0,0,1.0,0.25984323024749756,0.3674358129501343
30439,0,0,0,0,0,0,0,0,1.0,0.4448956847190857,0.4448956847190857
30440,0,0,1,1,0,0,0,0,1.0,0.1290217787027359,0.14014805853366852
30441,0,0,0,0,0,0,0,0,1.0,0.23611336946487427,0.24609431624412537
30442,0,0,0,0,0,0,0,0,1.0,0.18832504749298096,0.25736385583877563
30443,0,0,0,0,0,0,0,0,1.0,0.18764185905456543,0.18764185905456543
30444,0,0,0,0,0,0,0,0,1.0,0.23387274146080017,0.35405227541923523
30445,0,0,0,1,0,0,0,0,1.0,0.3132449686527252,0.43050557374954224
30446,0,0,0,0,0,0,0,0,1.0,0.24922838807106018,0.3334750831127167
30447,0,0,0,0,0,0,0,0,1.0,0.03955551236867905,0.055569469928741455
30448,0,0,1,0,0,0,0,0,1.0,0.25419169664382935,0.25419169664382935
30449,0,0,0,0,0,0,0,0,1.0,0.20498770475387573,0.20498770475387573
30450,0,0,0,0,0,0,0,0,1.0,0.31264257431030273,0.3328843116760254
30451,0,0,0,1,0,0,0,0,1.0,0.34845060110092163,0.4091140329837799
30452,0,0,0,0,0,0,0,0,1.0,0.3485059142112732,0.3485059142112732
30453,0,0,0,1,1,0,0,0,1.0,0.3052193522453308,0.3096015155315399
30454,0,0,0,1,0,0,0,0,1.0,0.26668933033943176,0.2764745354652405
30455,0,0,0,0,0,0,0,0,1.0,0.08871611952781677,0.08871611952781677
30456,0,0,0,1,1,0,0,0,1.0,0.2992043197154999,0.36846405267715454
30457,0,0,0,0,0,0,0,0,1.0,0.20714561641216278,0.27987051010131836
30458,0,0,0,1,0,0,1,0,1.0,0.2716837525367737,0.31761112809181213
30459,0,0,0,0,0,0,0,0,1.0,0.23174236714839935,0.2497234046459198
30460,0,0,0,0,0,0,0,1,1.0,0.04888845980167389,0.058334317058324814
30461,0,0,0,1,0,0,0,0,1.0,0.2508659064769745,0.2923573851585388
30462,0,0,0,0,0,0,0,0,1.0,0.1858731359243393,0.21118807792663574
30463,0,0,0,0,0,0,0,0,1.0,0.29797226190567017,0.29797226190567017
30464,0,0,0,0,0,1,0,0,1.0,0.30183500051498413,0.3697599172592163
30465,0,0,0,0,0,0,0,0,1.0,0.20769593119621277,0.21181786060333252
30466,0,0,0,0,0,0,0,0,1.0,0.1480076164007187,0.15112465620040894
30467,0,0,0,0,1,0,0,0,1.0,0.1875935196876526,0.23834237456321716
30468,0,0,0,1,0,0,0,0,1.0,0.2011771947145462,0.21417295932769775
30469,0,0,0,1,0,1,0,0,1.0,0.2400515377521515,0.25036782026290894
30471,0,0,0,1,0,0,0,0,1.0,0.14654898643493652,0.16335006058216095
30472,0,0,0,0,0,0,0,1,1.0,0.12028437107801437,0.16007336974143982
30474,0,0,0,0,0,0,0,0,1.0,0.14814017713069916,0.14814017713069916
30475,0,0,0,1,0,0,0,0,1.0,0.29727235436439514,0.316788911819458
30476,0,0,0,0,0,0,0,0,1.0,0.07865209132432938,0.07865209132432938
30477,0,0,0,0,0,0,0,0,1.0,0.09319976717233658,0.22129984200000763
30479,0,0,0,0,0,0,0,0,1.0,0.21987706422805786,0.2376403510570526
30480,0,0,0,0,0,0,0,0,1.0,0.45936548709869385,0.5026127099990845
30482,0,0,0,0,0,0,0,0,1.0,0.41070717573165894,0.4822569191455841
30484,0,0,0,0,0,0,0,0,1.0,0.2832197844982147,0.37588024139404297
30485,0,0,0,0,0,0,0,0,1.0,0.07359092682600021,0.09386742115020752
30487,0,0,0,0,0,0,0,0,1.0,0.1520496904850006,0.24093109369277954
30488,0,0,0,0,0,0,0,0,1.0,0.06908821314573288,0.10556968301534653
30491,0,0,0,0,0,0,0,1,1.0,0.3438006043434143,0.3700849413871765
30492,0,0,0,1,0,0,0,0,1.0,0.1762375682592392,0.22346313297748566
30496,0,0,0,1,0,1,0,1,1.0,0.24910695850849152,0.27863043546676636
30497,0,0,0,0,0,0,0,0,1.0,0.2606276273727417,0.2606276273727417
30498,0,0,0,0,0,0,0,0,1.0,0.35036659240722656,0.4311298727989197
30500,0,0,0,1,0,0,0,0,1.0,0.34540361166000366,0.4390912652015686
30501,0,0,0,0,1,0,0,0,1.0,0.12301836162805557,0.12301836162805557
30502,0,0,0,0,0,0,0,0,1.0,0.3886263966560364,0.3886263966560364
30503,0,0,0,0,0,0,0,1,1.0,0.09048263728618622,0.1302124410867691
30504,1,1,1,1,0,0,0,0,1.0,0.10835833847522736,0.11642366647720337
30506,0,0,0,1,0,0,0,1,1.0,0.1606258749961853,0.16497525572776794
30507,0,0,0,1,0,0,0,0,1.0,0.3754844665527344,0.3754844665527344
30508,1,1,0,0,1,0,0,0,1.0,0.1947101205587387,0.20362049341201782
30509,0,0,0,0,0,0,0,0,1.0,0.30298393964767456,0.3549959063529968
30511,0,0,0,0,0,0,0,0,1.0,0.1731196641921997,0.1731196641921997
30512,0,0,1,0,0,0,1,0,1.0,0.4603980779647827,0.6053128838539124
30513,0,0,1,1,1,1,0,0,1.0,0.19821777939796448,0.28825289011001587
30514,0,0,0,0,0,0,0,0,1.0,0.25531986355781555,0.2941255569458008
30515,0,0,0,1,0,0,0,0,1.0,0.019632339477539062,0.03134765848517418
30516,0,0,0,0,0,0,0,0,1.0,0.3380014896392822,0.3380014896392822
30517,0,0,0,0,0,0,0,0,1.0,0.12638476490974426,0.16040128469467163
30518,0,0,0,0,0,0,0,0,1.0,-0.01302609033882618,-0.01302609033882618
30519,0,0,0,0,0,0,0,1,1.0,0.2428375482559204,0.2428375482559204
30521,0,0,0,0,0,0,0,0,1.0,0.2800310254096985,0.2800310254096985
30522,0,0,0,0,0,0,0,0,1.0,0.10789978504180908,0.11270846426486969
30523,1,1,1,0,0,0,0,1,1.0,0.3060349225997925,0.4269803762435913
30526,0,0,0,0,0,0,0,0,1.0,0.24801751971244812,0.29413101077079773
30527,0,0,0,0,0,0,0,0,1.0,0.053563542664051056,0.10377167910337448
30528,1,1,0,0,0,0,0,0,1.0,0.3228006362915039,0.40180671215057373
30529,1,1,0,0,0,0,0,0,1.0,0.31833869218826294,0.38126784563064575
30530,0,0,0,0,0,0,0,0,1.0,0.26138579845428467,0.26138579845428467
30531,0,0,0,0,0,0,0,0,1.0,0.21684466302394867,0.26820868253707886
30532,0,0,0,0,0,0,0,0,1.0,0.203077033162117,0.2030770480632782
30533,0,0,0,1,0,0,0,1,1.0,0.5441582202911377,0.6100871562957764
30535,0,0,0,0,0,0,0,0,1.0,0.1790669560432434,0.19464564323425293
30536,0,0,0,1,0,0,0,0,1.0,0.11214591562747955,0.15102829039096832
30538,0,0,0,0,0,0,0,0,1.0,0.23756706714630127,0.23756706714630127
30539,0,0,0,0,0,0,0,0,1.0,0.27497977018356323,0.27497977018356323
30540,0,0,0,1,0,0,0,0,1.0,0.2582017779350281,0.3241839110851288
30541,0,0,0,0,0,0,0,0,1.0,0.3075839579105377,0.3585055470466614
30542,0,0,0,1,1,0,1,0,1.0,0.29786616563796997,0.3875362277030945
30543,0,0,0,0,0,0,0,0,1.0,0.19764097034931183,0.21977707743644714
30544,1,1,0,0,0,0,0,0,0.6666666666666666,0.3410469591617584,0.40108832716941833
30545,0,0,0,1,0,0,0,0,0.5,0.3102394640445709,0.3102394640445709
30547,0,0,0,1,0,0,1,0,1.0,0.21791984140872955,0.24335628747940063
30548,0,0,0,0,0,0,0,0,1.0,0.19457510113716125,0.2205064594745636
30549,0,0,0,0,0,0,0,0,1.0,0.17240531742572784,0.21344442665576935
30552,0,0,0,1,0,0,0,0,1.0,0.12564219534397125,0.12564219534397125
30553,0,0,0,1,0,0,0,0,1.0,0.3966829776763916,0.4160415530204773
30554,0,0,0,0,0,0,0,0,1.0,0.32000595331192017,0.32000595331192017
30556,0,0,0,1,0,0,0,0,1.0,0.2676609456539154,0.35517704486846924
30557,0,0,0,1,0,0,0,0,1.0,0.2822818458080292,0.4150482416152954
30558,0,0,0,1,0,0,0,0,1.0,0.33143317699432373,0.33143317699432373
30559,0,0,0,1,0,0,0,0,1.0,0.4006485342979431,0.4063113331794739
30560,0,0,0,0,0,0,0,0,1.0,0.3522550165653229,0.3522550165653229
30561,0,0,0,1,0,0,0,0,1.0,0.1118975356221199,0.1118975356221199
30562,0,0,0,1,0,0,0,0,1.0,0.26507729291915894,0.3371276259422302
30565,0,0,0,1,0,0,0,0,1.0,0.37008845806121826,0.42786091566085815
29697,0,0,0,0,0,0,0,0,1.0,0.2150733768939972,0.2150733768939972
30086,0,0,0,1,0,0,0,1,1.0,0.12273567914962769,0.16970375180244446
30352,0,0,0,0,0,0,0,0,1.0,0.20552553236484528,0.24702470004558563
30362,0,0,0,1,0,0,0,0,1.0,0.12311804294586182,0.18617865443229675
30364,1,2,1,1,0,0,0,0,1.0,0.07421254366636276,0.07476405054330826
30413,0,0,0,1,0,0,0,0,1.0,0.22876572608947754,0.22876572608947754
30494,0,0,0,0,0,0,0,0,1.0,0.12393501400947571,0.12393501400947571
30510,0,0,0,1,0,0,0,0,1.0,0.21762758493423462,0.31731706857681274
30520,0,0,0,0,0,0,0,0,1.0,0.18537166714668274,0.24437382817268372
30566,0,0,0,0,1,0,0,0,1.0,0.08559449017047882,0.08559449017047882
30582,0,0,0,0,0,0,0,1,1.0,0.11258848011493683,0.23228265345096588
30596,1,2,0,0,0,0,0,0,1.0,0.28443247079849243,0.2943485379219055
30598,0,0,0,1,0,0,0,0,1.0,0.33020102977752686,0.3839227557182312
30602,0,0,0,0,0,0,0,0,1.0,0.027593405917286873,0.07888500392436981
30603,0,0,0,1,0,0,0,0,1.0,0.22771628201007843,0.2793857753276825
30605,0,0,0,0,0,0,0,0,1.0,0.24897480010986328,0.336820125579834
30606,0,0,0,0,0,0,0,0,1.0,0.1539805829524994,0.15474483370780945
30607,1,3,0,0,0,0,0,0,1.0,0.1852262020111084,0.22240956127643585
30608,0,0,1,0,0,0,0,0,1.0,0.15441438555717468,0.27691754698753357
30609,0,0,0,0,0,0,0,0,1.0,0.06389627605676651,0.1015985980629921
30610,0,0,0,1,0,1,0,0,1.0,0.2123143970966339,0.2123143970966339
30611,0,0,0,1,0,1,0,0,1.0,0.16841603815555573,0.20772452652454376
30612,0,0,0,0,0,1,0,0,1.0,0.2780125141143799,0.33032262325286865
30613,0,0,0,1,1,1,0,0,1.0,0.20343154668807983,0.2567737102508545
30614,0,0,0,1,0,0,0,0,1.0,0.40475326776504517,0.40807193517684937
30615,0,0,0,0,0,0,0,0,1.0,0.22175216674804688,0.28095853328704834
30616,0,0,0,0,0,0,0,0,1.0,0.15703272819519043,0.1731356680393219
30618,0,0,0,0,0,0,0,0,1.0,0.05678149312734604,0.05678149312734604
30619,0,0,0,1,0,0,0,0,1.0,0.3189839720726013,0.36564603447914124
30622,0,0,0,0,0,0,0,0,1.0,0.2074088156223297,0.2813391387462616
30623,0,0,0,0,1,0,0,1,1.0,0.23663586378097534,0.2559743821620941
30624,0,0,0,1,0,0,0,0,1.0,0.29491567611694336,0.3248325288295746
30625,0,0,0,0,0,0,0,0,1.0,0.11950010806322098,0.1302613615989685
30626,0,0,0,0,0,0,0,0,1.0,0.13171187043190002,0.13171187043190002
30628,0,0,0,1,0,0,0,0,1.0,0.2874818444252014,0.33264100551605225
30629,0,0,0,0,0,0,0,0,1.0,0.269693523645401,0.32100358605384827
30630,0,0,0,1,0,0,0,0,1.0,0.10324492305517197,0.18673402070999146
30634,0,0,0,1,0,0,0,1,1.0,0.22018571197986603,0.3692091405391693
30636,0,0,0,0,0,0,0,0,1.0,0.4108095169067383,0.43035614490509033
30637,0,0,0,0,0,0,0,0,1.0,0.15170630812644958,0.16373388469219208
30638,0,0,0,0,0,0,0,0,1.0,0.3462301194667816,0.3531450629234314
30640,0,0,0,0,0,0,0,0,1.0,0.1404120922088623,0.15997076034545898
30642,0,0,0,0,0,0,0,0,1.0,0.2504727244377136,0.2504727244377136
30643,0,0,0,0,0,0,0,0,,,
30644,0,0,0,1,0,0,0,0,1.0,0.28310057520866394,0.3386877179145813
30645,0,0,0,0,0,0,0,0,1.0,0.2281481921672821,0.2281481921672821
30647,0,0,0,0,0,0,0,0,1.0,0.2751287817955017,0.29129499197006226
30648,0,0,0,1,0,0,0,0,1.0,0.09233708679676056,0.10865418612957001
30649,0,0,0,1,0,0,0,0,1.0,0.19981224834918976,0.29470378160476685
30650,0,0,0,1,0,0,0,0,1.0,0.23648643493652344,0.23648643493652344
30651,0,0,0,1,0,0,0,0,1.0,0.3289606273174286,0.35394370555877686
30652,0,0,0,1,0,0,0,0,1.0,0.23789654672145844,0.31330406665802
30653,0,0,0,0,0,0,0,1,1.0,0.18928276002407074,0.1976136714220047
30655,0,0,0,1,0,0,0,1,1.0,0.11159226298332214,0.1124134361743927
30656,0,0,0,0,0,0,0,0,0.5,0.16439130902290344,0.16439130902290344
30659,0,0,0,0,0,0,0,0,1.0,0.28235331177711487,0.28235331177711487
30660,0,0,0,1,0,0,0,0,1.0,0.20799165964126587,0.25369536876678467
30661,0,0,0,0,0,0,0,0,1.0,0.19052660465240479,0.2237483263015747
30662,0,0,0,0,0,0,0,0,1.0,0.2324914038181305,0.26499319076538086
30663,0,0,0,1,0,1,0,0,1.0,0.2064826637506485,0.3241692781448364
30664,0,0,0,0,0,0,0,0,1.0,0.022468173876404762,0.05487033724784851
30665,0,0,0,0,0,0,0,1,1.0,0.29885292053222656,0.3018258213996887
30666,0,0,0,0,0,0,0,0,1.0,0.16498512029647827,0.25479280948638916
30668,0,0,0,1,0,0,0,0,1.0,0.13219113647937775,0.22777840495109558
30669,0,0,0,0,0,0,0,0,1.0,0.06960781663656235,0.08258780837059021
30670,0,0,0,1,0,1,0,0,1.0,0.07666130363941193,0.11364896595478058
30671,0,0,0,1,0,0,0,0,1.0,0.2379612922668457,0.2379612922668457
30673,0,0,0,0,0,0,0,0,1.0,0.47686251997947693,0.550055980682373
30675,0,0,0,1,0,1,0,0,1.0,0.18332797288894653,0.19785290956497192
30676,0,0,0,1,0,0,0,0,1.0,0.31499016284942627,0.36315739154815674
30677,0,0,0,0,0,0,0,0,1.0,0.020412281155586243,0.022416794672608376
30680,0,0,0,0,0,0,0,0,1.0,0.2658096253871918,0.2658096253871918
30681,0,0,0,1,0,1,0,0,1.0,0.2863979935646057,0.313972532749176
30683,0,0,0,1,0,0,0,0,1.0,0.17089185118675232,0.17089185118675232
30684,0,0,1,0,0,0,0,0,1.0,0.16078460216522217,0.2541496753692627
30685,0,0,0,1,0,0,0,0,1.0,0.2764366865158081,0.27734795212745667
30686,0,0,0,1,0,0,0,0,1.0,0.2191455066204071,0.3038260340690613
30687,0,0,0,0,0,0,0,0,1.0,0.12598831951618195,0.13597217202186584
30688,0,0,0,0,0,0,0,0,1.0,0.08675679564476013,0.10912491381168365
30689,0,0,0,0,1,0,0,0,1.0,0.510596752166748,0.5625147819519043
30690,0,0,0,1,0,0,0,1,1.0,0.13547849655151367,0.21140910685062408
30691,0,0,0,0,0,0,0,0,1.0,0.04795480892062187,0.05680825561285019
30692,0,0,0,0,0,0,0,0,1.0,0.16575588285923004,0.2742832601070404
30694,0,0,0,0,0,0,0,0,1.0,0.2844419479370117,0.2844419479370117
30695,0,0,0,1,0,0,0,0,1.0,0.17908863723278046,0.19901835918426514
30696,0,0,0,0,0,0,0,0,1.0,0.2793068289756775,0.2793068289756775
30697,0,0,0,0,0,0,0,0,1.0,0.13138392567634583,0.2463102638721466
30698,0,0,0,1,0,0,0,0,1.0,0.11909540742635727,0.14379924535751343
30699,0,0,0,0,0,0,0,0,1.0,0.23655176162719727,0.25687867403030396
30700,0,0,0,0,0,0,0,0,1.0,0.11820431053638458,0.11820431053638458
30701,0,0,0,1,0,0,0,0,1.0,0.16710016131401062,0.16710016131401062
30702,0,0,0,0,0,0,0,0,1.0,-0.11015982180833817,-0.11015982180833817
30703,0,0,0,1,0,0,0,0,1.0,0.25688862800598145,0.2811011075973511
30704,0,0,0,0,0,0,0,1,1.0,0.2812666893005371,0.3667116165161133
30706,0,0,0,1,0,0,0,0,1.0,0.28891560435295105,0.362238347530365
30707,0,0,0,1,0,1,0,0,1.0,0.3675304353237152,0.41740378737449646
30708,0,0,0,0,0,1,0,0,1.0,0.12995462119579315,0.19767852127552032
30709,0,0,0,0,0,0,0,0,1.0,0.12610796093940735,0.14761152863502502
30710,0,0,0,0,0,0,0,0,1.0,0.2569878101348877,0.26685306429862976
30711,0,0,0,0,0,0,0,0,1.0,0.14790363609790802,0.1990552842617035
30712,0,0,0,0,0,0,0,0,1.0,0.1290026605129242,0.14957894384860992
30713,0,0,0,1,0,1,0,0,1.0,0.3583851158618927,0.47464996576309204
30716,0,0,0,0,0,0,0,0,1.0,0.3460804522037506,0.37540215253829956
30717,0,0,0,1,0,1,0,0,1.0,0.14923273026943207,0.17136743664741516
30719,0,0,0,1,0,0,0,0,1.0,0.15273621678352356,0.24996377527713776
30720,0,0,0,0,0,0,0,0,1.0,0.1546601504087448,0.2620070278644562
30721,0,0,0,0,0,0,0,0,1.0,0.2626986801624298,0.3358880281448364
30722,0,0,0,1,0,0,0,0,1.0,0.41388970613479614,0.4311044216156006
30724,0,0,0,1,0,0,0,1,1.0,0.1215839833021164,0.2019730657339096
30725,0,0,0,1,0,0,0,1,1.0,0.023678725585341454,0.04551459476351738
30726,0,0,0,1,0,0,0,0,1.0,0.15918676555156708,0.19639068841934204
30727,0,0,0,1,0,1,0,0,1.0,0.29147231578826904,0.3273777365684509
30729,0,0,0,1,0,0,0,0,1.0,0.2227807343006134,0.31911319494247437
30730,0,0,0,1,0,0,0,0,1.0,0.15635894238948822,0.2883162796497345
30731,0,0,0,1,0,0,0,0,1.0,0.36076900362968445,0.5031188130378723
30732,1,1,1,0,0,0,0,1,1.0,0.17268924415111542,0.24092258512973785
30733,0,0,0,0,0,0,0,0,1.0,0.14451375603675842,0.20967301726341248
30734,0,0,0,1,0,0,0,0,1.0,0.13710813224315643,0.2486797422170639
30736,0,0,0,0,0,0,0,0,1.0,0.13993075489997864,0.13993075489997864
30738,0,0,0,0,0,0,0,0,1.0,0.07522322237491608,0.10328875482082367
30739,0,0,0,0,0,0,0,0,1.0,0.08760753273963928,0.1090603843331337
30740,0,0,0,0,0,0,0,0,1.0,0.19343017041683197,0.23390567302703857
30741,0,0,0,1,0,0,0,0,1.0,0.33545997738838196,0.40157443284988403
30742,0,0,0,0,0,0,0,0,1.0,0.2627958655357361,0.27968689799308777
30743,0,0,0,0,0,0,0,0,1.0,0.11224917322397232,0.3142707347869873
30744,0,0,0,1,0,0,0,0,1.0,0.41999661922454834,0.4234766662120819
30747,0,0,0,0,0,0,0,0,1.0,0.4112202227115631,0.4673907458782196
30748,0,0,0,0,0,0,0,0,1.0,0.4788181185722351,0.4788181185722351
30754,0,0,0,1,0,0,0,0,1.0,0.06962435692548752,0.1198376789689064
30755,0,0,1,0,0,0,0,0,1.0,0.21048803627490997,0.2763335704803467
30756,0,0,0,0,0,0,0,0,1.0,0.12037826329469681,0.1410045176744461
30758,0,0,0,0,0,0,0,0,1.0,0.2994469404220581,0.32576000690460205
30759,0,0,1,0,0,0,0,0,1.0,0.3142062723636627,0.41517454385757446
30761,0,0,0,1,0,0,0,0,1.0,0.2990155518054962,0.381269633769989
30762,1,2,0,0,0,0,0,0,1.0,0.1607837975025177,0.21013899147510529
30763,0,0,0,0,0,0,0,0,1.0,0.22875666618347168,0.23369194567203522
30768,1,2,0,0,0,0,0,0,1.0,0.4801645874977112,0.48116761445999146
30769,0,0,0,0,0,0,0,0,1.0,0.22140009701251984,0.22140009701251984
30771,0,0,0,0,0,0,0,0,1.0,0.3515627980232239,0.3515627980232239
30772,0,0,0,0,0,0,0,0,1.0,0.2714698314666748,0.27525871992111206
30774,0,0,0,1,0,0,0,0,1.0,0.2610967755317688,0.3201279640197754
30775,0,0,0,0,0,0,0,0,1.0,0.24838024377822876,0.31121939420700073
30776,0,0,0,0,0,0,0,0,1.0,0.05819212272763252,0.11139146238565445
30777,0,0,0,1,0,0,0,1,1.0,0.23404991626739502,0.2695320248603821
30778,0,0,0,0,0,0,0,0,1.0,0.15683507919311523,0.2113463580608368
30781,0,0,0,1,0,0,0,1,1.0,0.22797253727912903,0.252811074256897
30782,0,0,0,1,0,0,0,1,1.0,0.3608318567276001,0.3918388783931732
30785,0,0,0,1,0,0,0,0,1.0,0.13332714140415192,0.14113110303878784
30786,0,0,1,1,0,0,0,1,1.0,0.2905864119529724,0.2905864119529724
30789,0,0,0,0,0,0,0,0,1.0,0.25921446084976196,0.25921446084976196
30791,0,0,0,0,0,0,0,0,1.0,0.14539669454097748,0.17690502107143402
30792,0,0,0,0,0,0,0,0,1.0,0.132211372256279,0.132211372256279
30794,0,0,0,1,0,0,0,0,1.0,0.06466168165206909,0.08459480106830597
30795,0,0,0,1,1,0,0,0,1.0,0.4734061658382416,0.5601454973220825
30796,0,0,0,0,0,0,0,0,1.0,0.27988359332084656,0.35468387603759766
30797,0,0,0,0,0,0,0,0,1.0,0.31818780303001404,0.4126390218734741
30798,0,0,0,1,0,0,0,0,1.0,0.1839786171913147,0.19377107918262482
30799,0,0,0,0,0,0,0,0,1.0,0.13802361488342285,0.13802361488342285
30801,0,0,0,0,0,0,0,0,1.0,0.405940979719162,0.5553281307220459
30802,0,0,1,0,0,0,0,0,1.0,0.15423984825611115,0.16494156420230865
30804,0,0,0,1,0,0,0,0,1.0,0.25478827953338623,0.3596733510494232
30805,0,0,0,0,0,0,0,0,1.0,0.20019382238388062,0.232367143034935
30806,0,0,0,1,0,0,0,1,1.0,0.4053893983364105,0.41888099908828735
30807,0,0,0,0,0,0,0,0,1.0,0.14454048871994019,0.17041020095348358
30813,0,0,0,1,0,0,0,1,1.0,0.37217238545417786,0.4715627133846283
30818,0,0,0,0,0,0,0,0,1.0,0.3600931167602539,0.3600931167602539
30832,0,0,0,0,0,0,0,0,1.0,0.3888874650001526,0.3888874650001526
26144,0,0,1,1,0,0,0,0,1.0,0.2841196656227112,0.3760610520839691
29161,0,0,0,0,0,0,0,0,1.0,0.23210389912128448,0.2889472246170044
29763,0,0,0,0,1,1,0,0,1.0,0.3248649835586548,0.3344506621360779
30569,1,4,0,0,0,0,0,0,1.0,0.07978158444166183,0.16336935758590698
30591,1,2,0,0,0,0,0,0,1.0,0.33071666955947876,0.34006738662719727
30592,0,0,0,0,0,0,0,0,1.0,0.18835443258285522,0.26976561546325684
30604,0,0,0,1,0,1,0,0,1.0,0.17143401503562927,0.28909340500831604
30631,0,0,0,1,0,0,0,0,1.0,0.2812840938568115,0.4087643325328827
30657,1,1,0,1,0,0,0,0,0.5,0.14461207389831543,0.14461207389831543
30749,0,0,0,1,0,0,0,0,1.0,0.15170195698738098,0.15518055856227875
30812,0,0,0,0,0,0,0,0,1.0,0.1141219437122345,0.19237425923347473
30816,0,0,0,1,0,0,0,0,1.0,0.18341457843780518,0.4060501754283905
30821,0,0,0,0,0,0,0,0,1.0,0.06466354429721832,0.06466354429721832
30822,0,0,0,0,0,0,0,0,1.0,0.25343793630599976,0.25644785165786743
30828,0,0,1,1,0,0,0,0,1.0,0.2511312663555145,0.2662743330001831
30829,0,0,0,1,0,0,0,0,1.0,0.2142764776945114,0.2517979145050049
30835,0,0,0,0,0,0,0,0,1.0,0.3709750771522522,0.38442462682724
30837,0,0,0,1,0,0,0,1,1.0,0.006278390530496836,0.027041703462600708
30844,0,0,0,1,0,0,0,1,1.0,0.22327478229999542,0.2822641432285309
30845,0,0,0,1,0,0,0,0,1.0,0.45536693930625916,0.5064982175827026
30846,0,0,0,0,0,0,0,0,1.0,0.3384460210800171,0.3384460210800171
30847,0,0,0,1,0,0,0,0,1.0,0.2506055533885956,0.26222607493400574
30848,0,0,0,0,0,0,0,1,1.0,0.14450210332870483,0.21353499591350555
30849,0,0,0,1,0,0,0,1,1.0,0.3512006998062134,0.35392069816589355
30850,0,0,0,0,0,0,0,0,1.0,0.05738166719675064,0.05738166719675064
30851,0,0,0,1,0,0,0,0,1.0,0.14320826530456543,0.15361806750297546
30852,0,0,0,1,0,0,0,0,1.0,0.16175530850887299,0.3106843829154968
30853,0,0,0,0,0,0,0,0,1.0,0.34280139207839966,0.38504254817962646
30854,0,0,0,0,0,0,0,1,1.0,0.2969122529029846,0.30769678950309753
30856,0,0,0,1,0,0,0,0,1.0,0.18376529216766357,0.24621257185935974
30857,0,0,0,0,0,0,0,0,1.0,0.2984595000743866,0.334869921207428
30858,0,0,0,1,0,0,0,0,1.0,0.12590435147285461,0.1426946371793747
30859,0,0,0,0,0,0,0,0,1.0,0.19736415147781372,0.19736415147781372
30861,0,0,0,1,0,0,0,0,1.0,0.29616212844848633,0.2978144884109497
30862,0,0,0,1,0,0,0,0,1.0,0.15335024893283844,0.22996121644973755
30863,0,0,0,1,0,0,0,0,1.0,0.35853272676467896,0.3939306437969208
30864,0,0,0,1,0,0,0,0,1.0,0.31660908460617065,0.38864415884017944
30865,0,0,0,1,0,1,0,0,1.0,0.3417065441608429,0.3688681125640869
30867,0,0,0,0,0,1,0,0,1.0,0.277482807636261,0.277482807636261
30868,0,0,0,0,0,0,0,0,1.0,0.21605193614959717,0.4566496014595032
30869,0,0,0,1,0,0,0,0,1.0,0.21224965155124664,0.2276756912469864
30870,0,0,0,1,0,0,0,0,1.0,0.32501673698425293,0.3643871247768402
30871,0,0,0,0,0,1,0,0,1.0,0.3476676344871521,0.3575180768966675
30873,0,0,0,1,0,1,0,0,1.0,0.24265795946121216,0.25108247995376587
30874,0,0,0,0,0,0,0,0,1.0,0.09302282333374023,0.105357326567173
30875,0,0,0,0,0,0,0,0,1.0,0.3299177587032318,0.40157902240753174
30877,0,0,0,0,0,0,0,0,1.0,0.36035746335983276,0.36035746335983276
30878,0,0,0,0,0,0,0,0,1.0,0.1414857804775238,0.15785422921180725
30879,0,0,0,1,0,0,0,0,1.0,0.10904359817504883,0.12171535193920135
30880,0,0,0,1,0,0,0,0,1.0,0.02426762506365776,0.03256887197494507
30881,0,0,0,1,0,0,1,1,1.0,0.34242475032806396,0.3449608385562897
30882,1,2,1,1,0,0,0,0,1.0,0.1454957276582718,0.15846341848373413
30883,0,0,0,1,0,0,0,0,1.0,0.21043558418750763,0.21043558418750763
30884,0,0,0,0,0,0,0,1,1.0,0.0026164818555116653,0.04449554160237312
30885,0,0,0,0,0,0,0,0,1.0,0.2993278503417969,0.3406814634799957
30886,0,0,0,1,0,0,0,0,1.0,0.35806167125701904,0.3717496991157532
30887,0,0,0,1,0,0,0,0,1.0,0.16271603107452393,0.21512362360954285
30888,0,0,0,0,0,0,0,0,1.0,0.16492986679077148,0.16492986679077148
30889,0,0,1,1,0,0,0,0,1.0,0.2885865569114685,0.3208543360233307
30890,0,0,0,0,0,0,0,0,1.0,0.11845225095748901,0.14139145612716675
30891,0,0,0,0,0,0,0,0,1.0,0.11766695976257324,0.17453578114509583
30894,0,0,0,1,0,0,0,0,1.0,0.32475054264068604,0.33447644114494324
30895,0,0,0,0,0,0,0,0,1.0,0.2632054388523102,0.34086912870407104
30896,0,0,0,0,1,0,0,0,1.0,0.10683623701334,0.10683623701334
30899,0,0,0,0,0,0,0,0,1.0,0.0673370286822319,0.07234017550945282
30900,0,0,0,0,0,0,0,0,1.0,0.11596493422985077,0.12381424754858017
30903,0,0,0,0,0,0,0,0,1.0,0.30315476655960083,0.30315476655960083
30904,0,0,0,0,1,1,0,0,1.0,0.33524659276008606,0.4070773422718048
30907,0,0,0,1,1,0,0,0,1.0,0.16728845238685608,0.1892767995595932
30910,0,0,0,1,0,0,0,1,1.0,0.11602380871772766,0.1549101173877716
30911,0,0,0,1,0,0,0,0,1.0,0.11712808907032013,0.11712808907032013
30912,0,0,0,0,0,0,0,0,1.0,0.36182886362075806,0.36182886362075806
30914,0,0,0,0,0,0,0,0,1.0,0.034561075270175934,0.034561075270175934
30916,0,0,0,1,0,0,0,0,1.0,0.29196465015411377,0.3599180579185486
30917,0,0,1,0,0,0,0,0,1.0,0.19715097546577454,0.2632061243057251
30918,0,0,0,0,0,0,0,0,1.0,0.23116205632686615,0.35437604784965515
30919,0,0,0,1,0,0,0,0,1.0,0.20493213832378387,0.26523733139038086
30920,0,0,1,0,0,0,0,0,1.0,0.2772914171218872,0.3243559002876282
30921,0,0,1,0,0,0,0,0,1.0,0.22807961702346802,0.25205114483833313
30922,0,0,0,0,0,0,0,0,1.0,0.3555309474468231,0.40586376190185547
30924,0,0,0,1,0,0,0,0,1.0,0.34853363037109375,0.37918591499328613
30925,0,0,0,0,0,0,0,0,,,
30928,0,0,1,1,0,0,0,0,1.0,0.44022440910339355,0.445643812417984
30929,0,0,0,1,0,0,0,0,1.0,0.17911866307258606,0.25727811455726624
30930,0,0,0,0,0,0,0,0,1.0,0.2921740412712097,0.2921740412712097
30931,0,0,0,0,0,0,0,1,1.0,0.1942954957485199,0.23435784876346588
30932,0,0,0,0,1,0,0,0,1.0,0.32938486337661743,0.40223556756973267
30933,0,0,0,1,1,1,0,0,1.0,0.17228373885154724,0.28632867336273193
30934,0,0,0,0,0,0,0,0,1.0,0.35756248235702515,0.3814490735530853
30935,0,0,0,1,0,0,0,0,1.0,0.26408424973487854,0.30459243059158325
30936,0,0,0,0,0,0,0,0,1.0,0.2022002935409546,0.23209470510482788
30937,0,0,0,0,0,1,0,0,1.0,0.21047773957252502,0.2648249864578247
30938,0,0,0,0,0,1,0,0,1.0,0.13004766404628754,0.16653914749622345
30939,0,0,0,1,0,1,0,1,1.0,0.21607494354248047,0.23350203037261963
30940,0,0,0,1,0,0,0,0,1.0,0.15773533284664154,0.2658594250679016
30942,0,0,0,1,0,0,0,1,1.0,0.15307378768920898,0.16084931790828705
30943,0,0,0,1,0,0,0,0,1.0,0.09292909502983093,0.11175095289945602
30945,0,0,0,1,0,0,0,1,1.0,0.1418192982673645,0.14346098899841309
30946,0,0,0,1,0,0,0,0,1.0,0.26439452171325684,0.2782195806503296
30947,0,0,0,0,0,0,0,0,1.0,0.44846200942993164,0.44846200942993164
30948,0,0,0,0,0,0,0,1,1.0,0.03375033661723137,0.03961629047989845
30949,0,0,0,1,0,0,0,0,1.0,0.1451597511768341,0.2017470896244049
30950,0,0,0,1,0,0,0,0,1.0,0.4025444984436035,0.4493764340877533
30953,0,0,0,1,0,0,0,0,1.0,0.4413605332374573,0.4413605332374573
30954,0,0,0,1,0,0,0,1,1.0,0.20489901304244995,0.3454127013683319
30956,0,0,0,0,0,0,0,0,1.0,0.33519217371940613,0.33519217371940613
30957,0,0,0,1,0,0,0,0,1.0,0.10649743676185608,0.14786271750926971
30958,0,0,0,0,0,0,0,0,1.0,0.10775140672922134,0.10775140672922134
30959,0,0,0,1,0,0,0,0,1.0,0.07560532540082932,0.15431994199752808
30960,0,0,0,0,0,0,0,0,1.0,0.054525915533304214,0.07600265741348267
30961,0,0,0,0,0,0,0,0,,,
30962,0,0,0,1,1,0,0,0,1.0,0.4120199978351593,0.5577547550201416
30964,1,1,0,0,0,0,0,0,1.0,0.19327235221862793,0.20710766315460205
30965,0,0,0,0,0,0,0,0,1.0,0.1942960023880005,0.1942960023880005
30966,0,0,0,0,0,0,0,0,1.0,0.11636204272508621,0.11826836317777634
30967,0,0,0,0,0,0,0,0,1.0,0.06843770295381546,0.06843770295381546
30969,0,0,0,0,0,0,0,0,1.0,0.31025147438049316,0.3234631419181824
30970,0,0,0,0,0,1,0,0,1.0,0.08235301077365875,0.08235301077365875
30972,0,0,0,1,0,0,0,0,1.0,0.054232049733400345,0.08831280469894409
30975,0,0,0,0,0,0,0,1,1.0,0.152657151222229,0.19072631001472473
30977,0,0,0,0,0,0,0,0,1.0,0.1687660813331604,0.18625542521476746
30978,0,0,0,0,1,0,0,0,1.0,0.14343246817588806,0.2096240520477295
30981,0,0,0,1,0,0,0,0,1.0,0.1578187495470047,0.2703201472759247
30982,1,1,0,0,0,0,0,0,1.0,0.37628260254859924,0.4279593825340271
30983,0,0,0,1,0,0,0,0,1.0,0.07296796143054962,0.07296796143054962
30986,0,0,0,0,0,0,0,1,1.0,0.12460088729858398,0.12460088729858398
30987,1,1,0,0,0,0,0,0,1.0,0.16230078041553497,0.3452609181404114
30989,0,0,0,1,0,0,0,0,1.0,0.16470804810523987,0.21795178949832916
30991,0,0,0,0,0,0,0,0,1.0,0.38372349739074707,0.38372349739074707
30992,0,0,0,0,0,0,0,0,1.0,0.26654019951820374,0.3033446967601776
30993,0,0,0,1,0,0,0,0,1.0,0.1789250373840332,0.20543769001960754
30995,0,0,0,1,0,0,0,0,1.0,0.20374560356140137,0.21378901600837708
30996,0,0,0,0,0,0,0,1,1.0,0.2418045699596405,0.2418045699596405
30997,0,0,1,0,0,0,0,0,1.0,0.13231803476810455,0.1677723526954651
30999,0,0,1,1,0,0,0,0,1.0,0.25215011835098267,0.26179760694503784
31001,0,0,0,1,0,0,0,0,1.0,0.41146180033683777,0.4123343229293823
31002,0,0,0,1,0,1,0,1,1.0,0.39219170808792114,0.39954352378845215
31004,0,0,0,1,0,0,0,1,1.0,0.1742679476737976,0.1966410130262375
31005,0,0,0,0,0,0,0,0,1.0,0.10749462991952896,0.14147889614105225
31007,0,0,0,0,0,0,0,0,1.0,0.19814571738243103,0.3415104150772095
31008,0,0,0,0,0,0,0,0,1.0,0.3295336961746216,0.3415537476539612
31009,0,0,1,0,0,0,0,0,1.0,0.14064240455627441,0.15384766459465027
31010,0,0,0,0,0,0,0,0,1.0,0.29783549904823303,0.32385319471359253
31011,0,0,0,0,0,0,0,0,1.0,0.23151497542858124,0.3937636911869049
31013,0,0,0,0,0,0,0,0,1.0,0.29653114080429077,0.29653114080429077
31018,0,0,1,0,0,0,0,0,1.0,0.1921418309211731,0.21313375234603882
31020,0,0,0,0,0,0,0,0,1.0,0.37670332193374634,0.4116875231266022
31021,0,0,0,0,1,0,0,1,1.0,0.30248144268989563,0.30656397342681885
31022,0,0,1,1,0,0,0,0,1.0,0.16730965673923492,0.18273183703422546
28879,0,0,0,1,0,0,0,0,1.0,0.06852109730243683,0.09823527932167053
30620,0,0,0,0,0,0,0,0,1.0,0.18160468339920044,0.3615216910839081
30635,0,0,0,1,0,0,0,0,1.0,0.34807267785072327,0.34807267785072327
30639,0,0,0,0,1,0,0,0,1.0,0.11715388298034668,0.15063905715942383
30641,0,0,0,1,0,0,0,0,1.0,0.2056421935558319,0.2056421935558319
30715,0,0,0,0,0,0,0,0,1.0,0.10143446922302246,0.11515694111585617
30765,0,0,0,1,0,0,0,0,1.0,0.13334591686725616,0.16748270392417908
30770,0,0,1,1,0,0,0,0,1.0,0.26370108127593994,0.26370108127593994
30860,0,0,0,1,0,0,0,0,1.0,0.22781036794185638,0.2706126570701599
30876,0,0,0,0,0,0,0,0,1.0,0.2566957473754883,0.2617204189300537
30905,0,0,0,0,0,0,0,0,1.0,0.09852834790945053,0.13268883526325226
30906,0,0,0,0,0,0,0,0,1.0,0.3540762662887573,0.3685922622680664
30913,0,0,0,0,0,1,0,1,1.0,0.2707100510597229,0.38804730772972107
30927,0,0,0,1,0,0,0,0,1.0,0.12258992344141006,0.15206186473369598
30973,0,0,0,1,0,0,0,0,1.0,0.23756951093673706,0.23756951093673706
31000,0,0,0,0,0,0,0,0,1.0,0.327686607837677,0.33287325501441956
31003,0,0,0,1,0,0,0,0,1.0,0.14905881881713867,0.21678321063518524
31016,0,0,0,1,1,1,0,0,1.0,0.2072874903678894,0.25849950313568115
31019,0,0,0,0,0,0,0,0,1.0,0.1279318481683731,0.14652203023433685
31023,0,0,0,0,0,0,0,0,1.0,0.20723366737365723,0.21492831408977509
31025,0,0,0,0,0,0,0,0,1.0,0.1639554351568222,0.1639554351568222
31030,0,0,0,0,0,0,0,0,1.0,0.0899941623210907,0.1294468194246292
31036,0,0,0,0,0,0,0,0,1.0,0.1700439751148224,0.1700439751148224
31040,0,0,0,1,0,0,0,0,1.0,0.2097286731004715,0.2604832649230957
31048,1,2,0,0,0,0,0,0,1.0,0.1297674924135208,0.18741615116596222
31051,0,0,0,1,0,0,0,0,1.0,0.22969412803649902,0.3774912655353546
31054,0,0,0,1,0,0,0,0,1.0,0.11628639698028564,0.11628639698028564
31057,0,0,0,0,1,0,0,1,1.0,0.16860787570476532,0.18606707453727722
31058,0,0,0,0,0,0,0,0,1.0,0.26051709055900574,0.26051709055900574
31062,1,1,0,0,0,0,0,0,1.0,0.16128410398960114,0.16128410398960114
31064,0,0,0,0,0,0,0,0,1.0,0.19512420892715454,0.3167715072631836
31066,0,0,0,0,0,0,0,0,1.0,0.1961459219455719,0.21545273065567017
31077,0,0,0,1,0,0,0,0,1.0,0.18340536952018738,0.2904287278652191
31080,0,0,0,0,0,0,0,0,1.0,0.10832948982715607,0.13006532192230225
31081,0,0,0,1,0,0,0,0,1.0,0.46059030294418335,0.5015996098518372
31082,0,0,0,1,0,0,0,0,1.0,0.1610872447490692,0.19824013113975525
31083,0,0,0,1,1,0,0,0,1.0,0.10672025382518768,0.13524118065834045
31084,0,0,0,1,0,0,0,0,1.0,0.08959562331438065,0.12355343252420425
31085,0,0,0,1,0,0,0,0,1.0,0.1760929971933365,0.24763156473636627
31087,0,0,0,0,0,0,0,0,0.0,,
31088,0,0,1,1,0,1,0,0,1.0,0.1791011393070221,0.23356041312217712
31089,0,0,1,1,0,0,0,0,1.0,0.03750010207295418,0.07324637472629547
31090,0,0,0,0,0,0,0,0,1.0,0.34852734208106995,0.34852734208106995
31091,0,0,0,0,0,0,0,0,1.0,0.24566441774368286,0.25313276052474976
31092,0,0,0,0,0,0,0,0,1.0,0.2225053906440735,0.2917245328426361
31094,0,0,0,0,0,1,0,1,1.0,0.15155988931655884,0.1637871265411377
31095,0,0,0,0,0,1,0,0,1.0,0.3037915825843811,0.3037915825843811
31096,0,0,0,0,0,0,0,1,1.0,0.2667804956436157,0.2896812856197357
31097,0,0,0,1,0,0,0,0,1.0,0.30131369829177856,0.3220939636230469
31098,0,0,1,0,1,1,0,1,1.0,0.2903924882411957,0.39633530378341675
31100,0,0,0,0,0,0,0,0,1.0,0.17736396193504333,0.17736396193504333
31101,0,0,1,0,0,0,0,0,1.0,0.2154964953660965,0.22014012932777405
31104,0,0,0,0,0,0,0,0,1.0,0.1251460313796997,0.12552526593208313
31106,0,0,0,1,0,1,0,0,1.0,0.1117212176322937,0.12940868735313416
31107,0,0,0,0,0,0,0,0,1.0,0.19331210851669312,0.20634758472442627
31108,0,0,0,1,0,0,0,1,1.0,0.3554230332374573,0.37029725313186646
31109,0,0,0,1,0,0,0,0,1.0,0.31145238876342773,0.3452586531639099
31110,0,0,0,1,0,1,0,0,1.0,0.19570103287696838,0.20683526992797852
31111,0,0,0,0,0,0,0,0,1.0,0.06847843527793884,0.06847843527793884
31112,0,0,1,0,0,0,0,0,1.0,0.15173736214637756,0.17235106229782104
31113,0,0,0,1,0,1,0,0,1.0,0.3133440911769867,0.3412894606590271
31114,0,0,0,1,1,0,0,0,1.0,0.15887810289859772,0.16595280170440674
31116,0,0,0,0,0,0,0,0,1.0,0.07995620369911194,0.07995620369911194
31118,0,0,0,1,0,0,0,0,1.0,0.12726154923439026,0.1558457314968109
31119,0,0,0,1,0,0,0,0,1.0,0.3069530725479126,0.3598073124885559
31120,0,0,0,1,0,0,0,0,1.0,0.12887221574783325,0.16301970183849335
31121,0,0,0,0,0,0,0,0,1.0,0.06897193938493729,0.07836350798606873
31123,0,0,1,1,0,0,0,0,1.0,0.27255162596702576,0.28304582834243774
31126,0,0,0,1,0,0,0,0,1.0,0.2770070731639862,0.35500258207321167
31127,0,0,0,0,0,0,0,0,1.0,0.07477576285600662,0.09346333146095276
31128,0,0,0,0,0,0,0,0,1.0,0.12123638391494751,0.12123638391494751
31129,0,0,0,0,0,0,0,0,1.0,0.23227840662002563,0.425028532743454
31130,0,0,0,0,0,0,0,0,1.0,0.07011640071868896,0.09596577286720276
31131,0,0,0,0,0,0,0,0,1.0,-0.001919325441122055,0.08332657814025879
31132,0,0,0,1,0,0,0,1,1.0,0.05968856066465378,0.07307516038417816
31133,0,0,0,0,0,0,0,0,1.0,0.2610763609409332,0.28284794092178345
31135,0,0,0,1,0,0,0,0,1.0,0.06983551383018494,0.08474324643611908
31136,0,0,0,1,0,0,0,0,1.0,0.17419689893722534,0.24985095858573914
31137,0,0,0,0,0,0,0,0,1.0,0.11847064644098282,0.13686373829841614
31138,0,0,0,0,0,0,0,0,1.0,0.10935032367706299,0.12087314575910568
31139,0,0,0,0,0,0,0,0,1.0,0.22266940772533417,0.22810089588165283
31140,0,0,0,0,0,0,0,0,1.0,0.2783346176147461,0.2783346176147461
31141,0,0,0,1,0,0,0,0,1.0,0.07652720808982849,0.11030647903680801
31142,0,0,0,1,1,0,0,1,1.0,0.36013907194137573,0.36948180198669434
31144,0,0,0,0,1,0,0,0,1.0,0.4267617166042328,0.45818114280700684
31145,0,0,0,1,0,1,0,0,1.0,0.3459361791610718,0.3908139765262604
31146,0,0,0,1,0,0,0,0,1.0,0.3318762183189392,0.36751681566238403
31147,0,0,0,0,0,1,0,0,1.0,0.2969035804271698,0.2969035804271698
31149,0,0,0,0,0,0,0,0,1.0,0.2572532892227173,0.3403586745262146
31151,0,0,0,1,0,0,0,0,1.0,0.2578052878379822,0.2578052878379822
31152,0,0,0,1,1,1,0,0,1.0,0.12946030497550964,0.14126089215278625
31153,0,0,0,1,0,0,0,0,1.0,0.10401173681020737,0.13836635649204254
31154,0,0,0,1,0,0,0,0,1.0,0.1991620659828186,0.24528682231903076
31155,0,0,0,0,0,0,0,0,1.0,0.14188173413276672,0.14188173413276672
31156,0,0,1,1,0,0,1,0,1.0,0.26018983125686646,0.26393771171569824
31158,0,0,0,1,1,1,0,1,1.0,0.09663901478052139,0.11601721495389938
31159,0,0,0,1,0,0,0,0,1.0,0.1940247267484665,0.1940247118473053
31160,0,0,0,0,0,0,0,0,1.0,0.2745068669319153,0.27540600299835205
31162,0,0,0,0,0,1,0,0,1.0,0.03284831345081329,0.03658803924918175
31163,0,0,0,1,0,1,0,0,1.0,0.320478618144989,0.3255784809589386
31164,0,0,0,1,1,0,0,0,1.0,0.17557761073112488,0.19363458454608917
31165,0,0,1,1,0,0,0,0,1.0,0.2880479097366333,0.28897780179977417
31166,0,0,0,0,0,0,0,0,1.0,0.15383495390415192,0.20585885643959045
31167,0,0,1,1,0,0,0,0,1.0,0.07281678169965744,0.11237768828868866
31168,0,0,0,0,1,0,0,1,1.0,0.2119668871164322,0.23766085505485535
31169,0,0,0,1,0,0,0,0,1.0,0.26163119077682495,0.2802867293357849
31170,0,0,0,0,0,0,0,0,1.0,0.08893679827451706,0.11875831335783005
31171,0,0,0,1,0,0,0,1,1.0,0.07417265325784683,0.1165488064289093
31172,0,0,0,1,0,0,0,0,1.0,0.21726398169994354,0.3522951900959015
31173,0,0,1,1,0,1,0,0,1.0,0.15374687314033508,0.24193710088729858
31174,0,0,0,1,0,0,0,0,1.0,0.1619918793439865,0.2059430181980133
31175,0,0,0,0,0,0,0,0,1.0,0.02444024384021759,0.04475880786776543
31176,0,0,0,0,0,0,0,0,1.0,0.15900790691375732,0.15900790691375732
31177,0,0,1,0,0,0,0,0,1.0,0.14722293615341187,0.192718967795372
31178,0,0,0,0,0,0,0,1,1.0,0.14643827080726624,0.18858125805854797
31179,0,0,0,1,1,0,0,0,1.0,0.13947835564613342,0.14803096652030945
31180,0,0,0,1,0,1,0,0,1.0,0.4126549959182739,0.4800984561443329
31181,0,0,0,0,0,0,0,0,1.0,0.1744803488254547,0.22326968610286713
31182,0,0,0,1,0,0,0,0,1.0,0.13609953224658966,0.17931078374385834
31183,0,0,0,0,0,0,0,0,1.0,0.17979057133197784,0.22554254531860352
31185,0,0,1,1,0,0,0,1,1.0,0.2308768332004547,0.2631526589393616
31186,1,1,1,0,0,0,0,1,1.0,0.08790232986211777,0.12001190334558487
31187,0,0,1,1,0,0,0,1,1.0,0.25851643085479736,0.26383328437805176
31188,0,0,0,1,0,0,0,0,1.0,0.19984795153141022,0.21987390518188477
31189,0,0,0,1,0,0,0,0,1.0,0.043092627078294754,0.06964234262704849
31191,0,0,0,0,0,0,0,0,1.0,0.16964353621006012,0.16964353621006012
31192,0,0,0,1,0,0,0,0,1.0,0.33135271072387695,0.3318995535373688
31194,0,0,0,0,0,0,0,0,1.0,0.02030705101788044,0.09834571182727814
31195,0,0,0,1,0,0,0,0,1.0,0.3693014979362488,0.3693014979362488
31196,0,0,0,0,0,0,0,0,1.0,0.22275182604789734,0.22275182604789734
31197,0,0,0,0,0,1,0,0,1.0,0.24442070722579956,0.24442070722579956
31199,0,0,1,0,0,0,0,0,1.0,0.11438345164060593,0.1819608509540558
31200,0,0,0,1,0,0,0,0,1.0,0.1647992879152298,0.167049378156662
31201,0,0,0,1,0,0,1,0,1.0,0.07789124548435211,0.12810608744621277
31203,0,0,0,0,1,0,0,0,1.0,0.23016709089279175,0.23475952446460724
31204,0,0,0,0,0,0,0,0,1.0,0.206086203455925,0.21936112642288208
31205,0,0,0,0,0,0,0,0,1.0,0.21297195553779602,0.333584189414978
31206,0,0,1,1,0,0,0,0,1.0,0.07272613048553467,0.12558099627494812
31207,0,0,0,0,0,0,0,0,1.0,0.005489324685186148,0.036910343915224075
31208,0,0,0,0,0,0,0,1,1.0,0.10540933907032013,0.10540933907032013
31209,0,0,0,0,1,0,0,0,1.0,0.33413776755332947,0.3675759732723236
31210,0,0,0,1,0,0,0,0,1.0,0.10464528948068619,0.11252345144748688
31212,0,0,0,1,0,0,0,0,1.0,0.09363874047994614,0.14943909645080566
31213,0,0,0,1,0,0,0,0,1.0,0.13255104422569275,0.13255104422569275
31214,0,0,0,0,0,0,0,0,1.0,0.05455290898680687,0.05721425265073776
31215,0,0,0,0,0,0,0,0,1.0,0.2496339976787567,0.3153795599937439
31217,0,0,0,1,0,0,0,0,1.0,0.16192878782749176,0.17765751481056213
31219,0,0,1,1,0,0,0,0,1.0,0.33041122555732727,0.4263339042663574
31224,0,0,0,0,0,0,0,0,1.0,0.3465556502342224,0.35862964391708374
31225,0,0,0,0,1,0,0,0,1.0,0.35918092727661133,0.38323312997817993
31227,0,0,0,1,0,0,0,0,1.0,0.3098578453063965,0.35010069608688354
31229,0,0,1,0,0,0,0,0,1.0,0.05282143875956535,0.05282143875956535
31230,0,0,0,0,0,0,0,0,1.0,0.06346754729747772,0.06455691903829575
31231,0,0,0,1,0,0,0,0,1.0,0.33439958095550537,0.33439958095550537
31233,0,0,0,1,0,0,0,0,1.0,0.08518341928720474,0.10699938237667084
31236,0,0,0,1,0,0,0,0,1.0,0.1458124965429306,0.20594200491905212
31239,0,0,0,1,0,0,0,0,1.0,0.11906971782445908,0.14677758514881134
31240,0,0,0,0,1,0,0,1,1.0,0.28304722905158997,0.3138124942779541
31241,0,0,0,1,0,0,0,0,1.0,0.3245472311973572,0.34456971287727356
31242,0,0,0,1,0,0,0,0,1.0,0.1763039231300354,0.22492629289627075
31243,0,0,0,0,0,0,0,0,1.0,0.3678271770477295,0.3678271770477295
31244,0,0,0,0,0,0,0,0,1.0,0.1452745944261551,0.14894676208496094
31245,0,0,0,1,0,0,0,0,1.0,0.2409769594669342,0.24136598408222198
31247,0,0,0,1,0,0,0,0,1.0,0.1674170345067978,0.2088364064693451
31248,0,0,0,1,1,1,0,1,1.0,0.2187705785036087,0.2990601062774658
31250,0,0,0,0,0,0,0,0,1.0,0.12491416186094284,0.12491416186094284
31252,0,0,0,0,0,0,0,0,1.0,0.1670076847076416,0.1670076847076416
31253,0,0,0,1,0,0,0,0,1.0,0.1879947930574417,0.2151217758655548
31254,0,0,0,0,0,0,0,0,1.0,-0.017576053738594055,0.013368895277380943
31255,0,0,0,0,0,0,0,0,1.0,0.4180667996406555,0.43655669689178467
31256,0,0,0,1,0,0,0,0,1.0,0.1638699769973755,0.20157872140407562
31260,0,0,0,0,0,0,0,0,1.0,0.13159199059009552,0.15515294671058655
31262,0,0,0,0,0,0,0,0,1.0,0.19029319286346436,0.21303653717041016
31263,0,0,0,0,0,0,0,0,1.0,0.09658636897802353,0.11417552828788757
31264,0,0,1,1,0,0,1,0,1.0,0.12471091002225876,0.1424081027507782
31269,0,0,0,1,0,0,0,0,1.0,0.1191408634185791,0.1790490746498108
31271,0,0,0,1,0,0,1,1,1.0,0.09882451593875885,0.15143729746341705
31273,0,0,0,1,0,0,1,1,1.0,0.14285477995872498,0.1718379408121109
31274,0,0,0,0,0,0,0,1,1.0,0.21949243545532227,0.30831795930862427
31275,0,0,0,1,0,0,0,0,1.0,0.04000832885503769,0.04000832885503769
31276,0,0,0,1,0,0,0,0,1.0,0.24623434245586395,0.31430527567863464
31278,0,0,0,0,0,0,0,1,1.0,0.09334153681993484,0.21504750847816467
31280,0,0,0,0,0,0,0,0,1.0,0.17748196423053741,0.17748196423053741
31283,0,0,0,1,0,0,0,0,1.0,0.28524050116539,0.5202577114105225
31284,0,0,0,0,0,0,0,0,1.0,0.2075565755367279,0.2703911066055298
31285,0,0,0,0,0,0,0,0,1.0,0.3417665958404541,0.3417665958404541
31287,0,0,0,0,0,0,0,0,1.0,0.1140136569738388,0.1140136569738388
31289,1,1,0,0,0,0,0,0,1.0,0.15923023223876953,0.16781337559223175
31292,0,0,0,1,0,0,0,0,1.0,0.11181983351707458,0.11181983351707458
31295,0,0,0,0,0,0,0,0,1.0,0.2598727345466614,0.40241414308547974
31296,0,0,0,0,0,0,0,1,1.0,0.3708885610103607,0.42586249113082886
31299,0,0,0,0,0,0,0,0,1.0,0.03973308950662613,0.03973308950662613
31300,0,0,0,1,0,0,0,0,1.0,0.1912999302148819,0.3282403349876404
31302,0,0,0,0,0,0,0,0,1.0,0.051408540457487106,0.051408540457487106
31303,0,0,0,0,0,0,0,0,1.0,0.3287768065929413,0.3491079807281494
31306,0,0,0,0,0,0,0,0,1.0,0.14534279704093933,0.18723991513252258
31307,0,0,0,1,0,0,0,0,1.0,0.1686229705810547,0.17768113315105438
31311,1,2,0,1,0,0,0,0,1.0,0.07940010726451874,0.1063838005065918
29155,1,2,0,0,0,0,0,0,1.0,0.1552560031414032,0.3434247374534607
30408,0,0,0,0,0,0,0,0,1.0,0.03644009679555893,0.03644009679555893
30646,0,0,0,0,0,0,0,0,1.0,0.09715208411216736,0.13271555304527283
30723,0,0,0,0,0,0,0,0,1.0,0.0780549943447113,0.09990179538726807
30737,0,0,1,0,0,0,0,0,1.0,0.09236128628253937,0.11332498490810394
30779,0,0,0,1,0,0,0,0,1.0,0.16725733876228333,0.16725733876228333
30915,0,0,0,0,1,1,0,1,1.0,0.2882835566997528,0.3962997496128082
30944,0,0,1,0,0,1,0,0,1.0,0.34414952993392944,0.37616655230522156
30963,0,0,0,1,1,0,0,0,1.0,0.047706786543130875,0.047706786543130875
31041,0,0,0,0,0,0,0,0,1.0,0.14199939370155334,0.14199939370155334
31043,0,0,0,0,0,0,0,0,1.0,0.2512061893939972,0.40141522884368896
31046,1,2,1,1,0,0,0,0,1.0,0.23317232728004456,0.23317232728004456
31063,0,0,0,0,0,0,0,0,1.0,0.21124128997325897,0.25728923082351685
31076,0,0,0,1,0,0,0,0,1.0,0.18989291787147522,0.18989291787147522
31102,0,0,0,0,0,0,0,0,1.0,0.010982338339090347,0.010982338339090347
31117,1,1,0,0,0,0,0,0,1.0,0.3434542417526245,0.3434542417526245
31157,1,1,0,0,0,0,0,0,1.0,0.11746237426996231,0.11746237426996231
31193,1,1,0,0,0,0,0,0,1.0,0.2927480936050415,0.3632684350013733
31211,1,1,0,0,0,0,0,0,1.0,0.20157909393310547,0.20157909393310547
31221,0,0,0,0,0,0,0,0,1.0,0.03494202345609665,0.056709352880716324
31222,0,0,0,1,0,0,0,0,1.0,0.06075987592339516,0.0824141874909401
31246,0,0,1,0,0,0,0,0,1.0,0.37521931529045105,0.37521931529045105
31279,0,0,0,1,0,1,1,1,1.0,0.16214224696159363,0.2393098771572113
31293,0,0,0,0,0,0,0,0,1.0,0.19716638326644897,0.19716638326644897
31294,0,0,0,1,0,0,0,0,1.0,0.3880003094673157,0.4389101266860962
31323,0,0,0,0,0,0,0,0,1.0,0.19872227311134338,0.27511364221572876
31325,0,0,0,0,0,0,0,0,1.0,0.2229757010936737,0.30312374234199524
31326,0,0,0,0,0,0,0,0,1.0,0.12496573477983475,0.13698992133140564
31327,0,0,0,0,0,0,0,0,1.0,0.3094077408313751,0.36528831720352173
31329,0,0,0,1,0,0,0,0,1.0,0.2838898301124573,0.2838898301124573
31330,1,1,0,1,0,1,0,0,1.0,0.19536092877388,0.19536092877388
31332,0,0,0,0,0,0,0,0,1.0,0.20170143246650696,0.22517026960849762
31333,0,0,0,1,1,1,0,1,1.0,0.03950929641723633,0.06173942983150482
31335,0,0,0,1,0,0,0,0,1.0,0.269964337348938,0.28699129819869995
31343,0,0,0,0,0,1,0,0,1.0,0.13690340518951416,0.1740521788597107
31344,0,0,0,0,0,0,0,0,1.0,0.24738666415214539,0.2753235995769501
31345,0,0,0,0,0,0,0,0,1.0,0.22429373860359192,0.253765344619751
31346,0,0,0,1,0,0,0,1,1.0,0.17153270542621613,0.18392476439476013
31350,0,0,1,0,0,0,0,0,1.0,0.3040364384651184,0.3399463891983032
31351,0,0,0,0,0,0,0,0,1.0,0.1230030208826065,0.1230030208826065
31359,0,0,0,1,0,0,0,0,1.0,0.26407063007354736,0.3252601623535156
31360,0,0,0,1,0,0,0,1,1.0,0.288103848695755,0.3876960277557373
31362,0,0,0,0,1,0,0,0,1.0,0.14265267550945282,0.15419799089431763
31363,0,0,0,0,0,0,0,0,1.0,0.268524169921875,0.41752949357032776
31364,0,0,0,0,0,0,0,1,1.0,0.1399817317724228,0.16973061859607697
31365,0,0,0,1,0,1,0,0,1.0,0.09339697659015656,0.12260843813419342
31366,0,0,0,1,0,0,0,1,1.0,0.1411021202802658,0.2329716831445694
31367,0,0,0,1,0,0,0,0,1.0,0.16009902954101562,0.1791832149028778
31368,0,0,0,0,0,0,0,0,1.0,0.38139504194259644,0.38139504194259644
31369,0,0,0,0,0,0,0,0,1.0,0.30692583322525024,0.3816048800945282
31370,0,0,0,0,0,0,0,0,1.0,0.2836974859237671,0.2983119487762451
31371,0,0,0,1,0,0,0,0,1.0,0.060114409774541855,0.060114409774541855
31372,0,0,0,0,0,0,0,1,1.0,0.18226465582847595,0.18498936295509338
31373,0,0,0,0,0,0,0,0,1.0,0.21913748979568481,0.3506932258605957
31374,0,0,0,0,0,0,0,0,1.0,0.12532401084899902,0.13265305757522583
31375,0,0,0,1,0,0,0,0,1.0,0.37978893518447876,0.5079919099807739
31376,0,0,0,0,0,0,0,0,1.0,0.39524558186531067,0.4044131636619568
31377,0,0,0,1,0,0,0,0,1.0,0.255001425743103,0.255001425743103
31380,0,0,0,1,0,0,0,0,1.0,0.19978263974189758,0.2846970856189728
31381,0,0,1,0,0,0,0,0,1.0,0.16309510171413422,0.17545437812805176
31382,0,0,0,1,0,1,0,0,1.0,0.2635268270969391,0.3548711836338043
31383,0,0,1,0,0,1,0,0,1.0,0.08353838324546814,0.0917542353272438
31385,0,0,0,0,0,0,0,0,1.0,0.22029411792755127,0.313515305519104
31386,0,0,1,0,0,0,0,1,1.0,0.20029398798942566,0.27544018626213074
31388,0,0,0,0,0,0,0,0,1.0,0.0811287984251976,0.10131862014532089
31390,0,0,0,0,0,0,0,0,1.0,0.2175629734992981,0.315838098526001
31391,0,0,0,0,0,0,0,0,1.0,0.20540419220924377,0.2607142925262451
31393,0,0,0,0,0,0,0,0,1.0,0.29780828952789307,0.29780828952789307
31395,0,0,0,1,1,1,0,0,1.0,0.06560944020748138,0.06560944020748138
31396,0,0,0,0,0,0,0,0,1.0,0.06313210725784302,0.11536400765180588
31398,0,0,0,0,0,0,0,0,1.0,0.019473448395729065,0.043384402990341187
31399,0,0,0,1,0,0,0,0,1.0,0.16810302436351776,0.17094650864601135
31400,0,0,0,1,0,0,0,0,0.75,0.3939002454280853,0.4544913172721863
31402,0,0,0,0,0,0,0,0,1.0,0.1756909191608429,0.2108418047428131
31403,0,0,0,1,0,0,0,0,1.0,0.12647511065006256,0.14028139412403107
31404,0,0,0,0,0,0,0,0,1.0,0.11835786700248718,0.13039837777614594
31407,0,0,0,1,0,0,0,0,1.0,0.08313069492578506,0.11903216689825058
31408,0,0,0,1,0,0,0,0,1.0,0.5217437744140625,0.5527441501617432
31409,0,0,0,0,0,0,0,0,0.5,0.1922299563884735,0.1922299563884735
31410,0,0,0,0,0,0,0,0,1.0,0.19550153613090515,0.19550153613090515
31411,1,2,0,1,0,0,0,0,1.0,0.059182148426771164,0.08814575523138046
31413,0,0,0,1,0,0,0,0,1.0,0.07569296658039093,0.07952665537595749
31414,0,0,0,0,0,0,0,0,1.0,0.21439722180366516,0.21439722180366516
31415,0,0,0,1,0,0,0,1,1.0,0.161441370844841,0.31068044900894165
31416,0,0,1,0,0,0,0,0,1.0,0.04501835256814957,0.05558957904577255
31417,0,0,0,0,0,0,0,0,1.0,0.07706780731678009,0.12425576150417328
31418,0,0,0,0,0,0,0,0,1.0,0.11452805995941162,0.14281868934631348
31419,0,0,0,1,0,0,0,0,1.0,0.19992636144161224,0.24832762777805328
31420,0,0,0,1,0,0,0,0,1.0,0.20730037987232208,0.25165247917175293
31421,0,0,0,0,0,0,0,0,1.0,0.24438276886940002,0.2573823928833008
31423,0,0,0,0,0,0,0,0,1.0,0.13502857089042664,0.1350293755531311
31424,0,0,0,0,0,0,0,0,1.0,0.13075004518032074,0.19089463353157043
31426,0,0,0,0,0,0,0,0,1.0,0.18773877620697021,0.2450750768184662
31427,0,0,0,1,0,0,0,0,1.0,0.2112044095993042,0.2350410521030426
31428,0,0,0,1,0,0,0,0,1.0,0.291913777589798,0.33057522773742676
31429,0,0,0,1,0,1,0,0,1.0,0.13862250745296478,0.144963800907135
31430,0,0,1,0,0,0,0,1,1.0,0.13470809161663055,0.16498778760433197
31432,0,0,0,0,0,1,0,1,1.0,0.054505426436662674,0.05839930474758148
31433,0,0,0,0,0,0,0,0,1.0,0.12140212953090668,0.14454546570777893
31434,0,0,0,0,0,0,0,0,1.0,0.3393899202346802,0.3484952747821808
31435,0,0,0,0,1,0,0,0,1.0,0.2327652871608734,0.3144634962081909
31436,0,0,0,0,0,0,0,0,1.0,0.24946044385433197,0.2524168789386749
31437,0,0,0,0,0,0,0,0,1.0,0.3286449909210205,0.3286449909210205
31438,0,0,0,0,0,0,0,0,1.0,0.1047145277261734,0.1275281310081482
31439,0,0,0,0,0,0,0,0,1.0,0.05352143198251724,0.10755206644535065
31440,0,0,0,0,0,0,0,1,1.0,0.25290486216545105,0.2960267663002014
31441,0,0,0,0,0,0,0,0,1.0,0.16508746147155762,0.17782217264175415
31442,0,0,0,0,0,0,0,0,1.0,0.16852626204490662,0.20874735713005066
31443,0,0,0,0,0,0,0,0,1.0,0.17993925511837006,0.19697731733322144
31444,0,0,1,1,0,0,0,0,1.0,0.08872639387845993,0.12108349800109863
31445,0,0,0,1,0,0,0,0,1.0,0.0606127604842186,0.0946042388677597
31447,0,0,0,1,0,0,0,0,1.0,0.28151431679725647,0.28151431679725647
31448,0,0,0,1,0,0,0,1,1.0,0.2468041628599167,0.2468041628599167
31450,0,0,0,0,0,0,0,0,1.0,0.3269340991973877,0.3713003993034363
31451,0,0,0,1,0,0,0,0,1.0,0.17526313662528992,0.19898399710655212
31453,0,0,0,0,0,0,0,0,1.0,0.20715796947479248,0.2318631261587143
31454,0,0,0,0,0,0,0,1,1.0,0.12112694978713989,0.15263581275939941
31455,0,0,0,0,0,0,1,0,1.0,0.1749938577413559,0.28178954124450684
31456,0,0,0,1,0,1,0,0,1.0,0.13509440422058105,0.14318156242370605
31457,0,0,0,0,0,0,0,0,1.0,0.11888466030359268,0.1397079974412918
31458,0,0,0,0,0,0,0,0,1.0,0.049321867525577545,0.07323034107685089
31459,0,0,0,1,0,0,0,0,1.0,0.2970507740974426,0.3474579155445099
31460,0,0,0,1,0,1,0,1,1.0,0.14929132163524628,0.20722687244415283
31463,0,0,0,1,0,0,0,0,1.0,0.08976248651742935,0.13795745372772217
31464,0,0,0,0,0,0,0,0,1.0,0.2012508660554886,0.2142849564552307
31465,0,0,0,1,0,0,0,0,1.0,0.256414532661438,0.2569662630558014
31466,0,0,0,0,0,0,0,0,1.0,0.11215481162071228,0.1489793360233307
31468,0,0,0,0,0,0,0,0,1.0,0.12184259295463562,0.12184259295463562
31470,1,1,0,0,0,0,0,0,1.0,0.14932075142860413,0.16175734996795654
31472,0,0,0,0,0,0,0,0,1.0,0.138885036110878,0.16827492415905
31473,0,0,0,0,0,0,0,0,1.0,0.3185068964958191,0.333133339881897
31475,0,0,0,0,0,0,0,0,1.0,0.1954980343580246,0.1954980343580246
31477,0,0,0,1,0,1,0,0,1.0,0.16584935784339905,0.19120891392230988
31478,0,0,0,1,0,0,0,0,1.0,0.062028516083955765,0.09946361929178238
31480,0,0,0,0,0,0,0,1,1.0,0.2436075210571289,0.2436075210571289
31481,0,0,0,1,0,0,0,1,1.0,0.07305112481117249,0.08102963864803314
31482,0,0,0,0,0,0,0,0,1.0,0.1729535609483719,0.2300206571817398
31484,0,0,0,0,1,1,0,1,1.0,0.25384020805358887,0.30038923025131226
31485,0,0,0,1,0,0,0,0,1.0,0.23328831791877747,0.23328831791877747
31486,0,0,0,1,0,0,0,0,1.0,0.1403592824935913,0.14983020722866058
31487,0,0,0,0,0,1,0,0,1.0,0.09747181087732315,0.10174153000116348
31488,0,0,0,0,0,0,0,0,1.0,0.03370257467031479,0.04502275958657265
31489,0,0,0,0,1,0,0,0,1.0,0.33176255226135254,0.38215234875679016
31491,0,0,0,1,0,0,0,1,1.0,0.13931657373905182,0.14388778805732727
31493,0,0,0,1,0,0,0,1,1.0,0.221125990152359,0.2735224664211273
31494,0,0,0,0,0,0,0,0,1.0,0.3289342522621155,0.3397201895713806
31496,0,0,0,1,0,0,0,1,1.0,0.10014241933822632,0.14364643394947052
31497,0,0,0,0,0,0,0,0,1.0,0.13843902945518494,0.161714106798172
31498,0,0,0,0,0,0,0,0,1.0,0.15107929706573486,0.15107929706573486
31500,0,0,0,0,0,0,0,1,1.0,0.31728291511535645,0.31728291511535645
31501,0,0,0,0,0,0,0,0,1.0,0.4140006899833679,0.4140006899833679
31503,0,0,1,0,1,0,0,0,1.0,0.16924317181110382,0.2293386608362198
31505,0,0,0,0,0,0,0,0,1.0,0.25095677375793457,0.25095677375793457
31506,1,1,0,1,0,0,0,1,1.0,0.34145641326904297,0.37379443645477295
31507,0,0,0,0,0,0,0,0,1.0,0.23020045459270477,0.31323593854904175
31510,0,0,0,1,0,0,0,0,1.0,0.10588524490594864,0.1597345471382141
31511,0,0,0,0,0,0,0,0,1.0,0.1048443615436554,0.14099258184432983
31512,0,0,1,1,0,0,0,0,1.0,0.09596121311187744,0.09596121311187744
31513,1,1,0,1,0,0,0,1,1.0,0.33414310216903687,0.3536488115787506
31516,0,0,0,0,0,0,0,0,1.0,0.35129132866859436,0.37484538555145264
31517,0,0,0,1,0,1,0,0,1.0,0.025593429803848267,0.04594086855649948
31518,1,1,0,0,0,0,0,0,1.0,0.16573067009449005,0.2550777792930603
31520,0,0,0,1,0,0,0,0,1.0,0.2627102732658386,0.27358829975128174
31522,0,0,1,0,0,0,0,0,1.0,0.09430694580078125,0.09547290951013565
31524,0,0,0,1,0,0,0,0,1.0,0.17320820689201355,0.1755417138338089
31525,0,0,0,0,0,0,0,0,1.0,0.09595552086830139,0.1502002775669098
31526,0,0,0,0,0,0,1,0,1.0,0.22883141040802002,0.31075364351272583
31527,0,0,0,0,0,0,0,0,1.0,0.24013496935367584,0.27813756465911865
31528,0,0,0,1,0,0,0,0,1.0,0.07694705575704575,0.0837925523519516
31529,0,0,0,0,0,0,0,0,1.0,0.2881965935230255,0.3329514265060425
31530,0,0,0,0,0,0,0,0,1.0,0.27641165256500244,0.30872753262519836
31531,0,0,0,0,0,0,0,0,1.0,0.187526673078537,0.1948453187942505
31533,0,0,0,0,1,0,0,0,1.0,0.2318221628665924,0.2318221628665924
31534,0,0,0,0,0,0,0,0,1.0,0.10093273222446442,0.10645432770252228
31535,0,0,0,0,0,1,0,1,1.0,0.2049718201160431,0.2049718201160431
31536,0,0,0,0,0,0,0,0,1.0,0.32126086950302124,0.32126086950302124
31538,0,0,0,1,0,0,1,0,1.0,0.13841351866722107,0.1565210074186325
31539,0,0,0,0,0,0,0,0,1.0,0.3803481459617615,0.41856446862220764
31540,0,0,1,0,0,0,0,0,1.0,0.13461586833000183,0.14503486454486847
31543,0,0,0,1,0,0,0,0,1.0,0.0720088854432106,0.08747046440839767
31544,0,0,0,1,0,0,0,0,1.0,0.12992535531520844,0.17680460214614868
31545,0,0,0,0,0,0,0,1,1.0,0.15171551704406738,0.15175332129001617
31546,0,0,0,0,0,0,0,1,1.0,0.07154028862714767,0.09774434566497803
31547,0,0,0,1,0,0,1,0,1.0,0.21966181695461273,0.25637495517730713
31548,0,0,0,1,0,0,0,0,1.0,0.1429320126771927,0.1600586324930191
31549,0,0,0,0,0,1,0,0,1.0,0.01809634640812874,0.05777653306722641
31550,0,0,1,0,0,0,0,0,1.0,0.19393830001354218,0.25571587681770325
31552,0,0,1,1,0,0,0,0,1.0,0.16272394359111786,0.1757403314113617
31553,0,0,0,0,0,0,0,0,1.0,0.24122850596904755,0.24122850596904755
31554,1,1,0,0,0,0,0,0,1.0,0.11406266689300537,0.11406266689300537
31560,0,0,0,0,0,0,0,0,1.0,0.4038146734237671,0.41224539279937744
31561,0,0,0,0,0,0,0,0,1.0,0.03761054947972298,0.10441453009843826
31562,0,0,0,1,0,0,0,1,1.0,0.2445954829454422,0.2868703305721283
31563,0,0,0,1,0,0,0,0,1.0,0.147940993309021,0.147940993309021
31564,0,0,0,0,1,0,0,0,1.0,0.39648792147636414,0.4429705739021301
31574,0,0,0,0,0,0,0,0,,,
31576,1,2,0,0,0,0,0,0,1.0,0.17334146797657013,0.26145437359809875
28841,0,0,0,1,0,0,0,1,1.0,0.31437045335769653,0.3146218955516815
30728,0,0,0,0,0,0,0,0,1.0,0.24063366651535034,0.39293062686920166
31086,0,0,0,0,0,0,0,0,1.0,0.3498905897140503,0.40592724084854126
31216,0,0,0,0,0,0,0,0,1.0,0.08887497335672379,0.11788277328014374
31259,0,0,0,0,0,0,0,0,1.0,0.27159541845321655,0.31284111738204956
31261,0,0,0,1,0,0,0,0,1.0,0.4402835965156555,0.45460280776023865
31268,0,0,0,0,0,0,0,0,1.0,0.2845749855041504,0.3275430500507355
31272,0,0,0,1,0,0,0,0,1.0,0.06843878328800201,0.08086168020963669
31341,0,0,0,1,0,0,0,0,1.0,0.36580517888069153,0.4980975091457367
31342,0,0,0,1,0,0,0,0,1.0,0.3761407732963562,0.44303226470947266
31476,0,0,0,0,0,1,0,0,1.0,0.28388145565986633,0.3037654757499695
31532,0,0,0,0,0,0,0,0,1.0,0.4743642210960388,0.56996750831604
31989,0,0,0,0,1,0,0,1,1.0,0.15372848510742188,0.2102307677268982
32089,0,0,0,1,0,0,0,0,1.0,0.1702258586883545,0.20331966876983643
32127,0,0,1,1,0,0,0,0,1.0,0.29089590907096863,0.3793274164199829
32134,0,0,0,0,0,0,0,0,1.0,0.315610408782959,0.315610408782959
32155,0,0,0,0,0,0,0,1,1.0,0.25623103976249695,0.2937443256378174
32164,0,0,0,0,0,0,0,0,1.0,0.1672915816307068,0.2194983959197998
32187,0,0,0,0,0,0,0,0,1.0,0.14953723549842834,0.22194279730319977
32189,0,0,0,0,0,0,0,0,1.0,0.11040494590997696,0.1433398276567459
32194,0,0,0,1,0,0,0,0,1.0,0.15348568558692932,0.26678192615509033
32195,0,0,0,0,0,0,0,0,0.5,0.2612912356853485,0.2612912356853485
32202,0,0,0,1,0,0,0,0,1.0,0.196941539645195,0.2485763430595398
32223,0,0,0,1,0,0,0,0,1.0,0.36074545979499817,0.3966100215911865
32226,0,0,0,0,0,0,0,0,1.0,0.06506812572479248,0.06506812572479248
32227,0,0,0,1,0,0,0,0,1.0,0.31167784333229065,0.31167784333229065
32230,0,0,0,0,0,0,0,0,,,
32253,0,0,0,1,0,0,0,0,1.0,0.1902378499507904,0.3061906099319458
32286,0,0,0,1,0,0,0,0,1.0,0.25656217336654663,0.293305367231369
32520,0,0,0,0,0,1,0,0,1.0,0.19823774695396423,0.19823774695396423
32521,0,0,1,0,1,0,0,0,1.0,0.06538300216197968,0.07609482854604721
32525,0,0,0,0,0,1,0,0,1.0,0.2690204381942749,0.385580450296402
32526,0,0,1,1,0,0,0,1,1.0,0.4089981019496918,0.5073943138122559
32527,1,1,0,0,0,0,0,0,1.0,0.31862467527389526,0.31862467527389526
32551,0,0,0,0,0,0,1,0,1.0,0.11908338963985443,0.11908338963985443
32552,0,0,0,1,0,0,0,0,1.0,0.23292261362075806,0.35413381457328796
32586,0,0,0,0,0,0,0,0,1.0,0.048492997884750366,0.07226866483688354
32617,0,0,0,1,0,0,0,0,1.0,0.2189922034740448,0.2446034550666809
32682,0,0,0,0,0,0,0,1,1.0,0.3377058506011963,0.35908517241477966
32781,0,0,0,0,1,0,0,0,1.0,0.2024918496608734,0.26982757449150085
32782,0,0,0,0,0,0,0,0,1.0,0.3310548663139343,0.3310548663139343
32988,0,0,1,0,0,0,0,0,1.0,0.1402772068977356,0.17249231040477753
33013,0,0,0,0,0,0,0,0,1.0,0.16183820366859436,0.16183820366859436
33014,0,0,0,0,1,0,0,0,1.0,0.2772446870803833,0.373538076877594
33018,1,1,0,0,0,0,0,0,1.0,0.15498413145542145,0.18566827476024628
33021,0,0,1,1,0,0,0,0,1.0,0.19756022095680237,0.19756022095680237
33022,0,0,0,1,0,1,0,0,1.0,0.2794819176197052,0.36227118968963623
33023,0,0,0,0,0,1,0,0,1.0,0.25894832611083984,0.2710595726966858
33052,0,0,0,0,0,0,0,0,1.0,0.25537288188934326,0.25788581371307373
33277,0,0,0,1,0,0,0,0,1.0,0.033962465822696686,0.05070961266756058
33282,0,0,0,1,0,0,0,1,1.0,0.20561917126178741,0.23672324419021606
33738,0,0,0,0,0,0,0,0,1.0,0.2609308362007141,0.3928556740283966
33805,0,0,0,0,0,0,0,0,1.0,0.15895956754684448,0.18996509909629822
33806,0,0,0,0,1,1,0,0,1.0,0.2296975553035736,0.28368738293647766
31378,0,0,0,0,0,0,0,0,,,
31452,0,0,0,0,0,0,0,0,1.0,0.06722643971443176,0.06722643971443176
31591,0,0,0,0,0,0,0,0,1.0,0.1535411924123764,0.16319499909877777
33838,0,0,0,1,0,0,0,0,1.0,0.32036831974983215,0.3493487536907196
32165,0,0,0,1,0,0,0,0,1.0,0.27039939165115356,0.3685336410999298
64,0,0,0,0,0,0,0,0,0.0,,
