id,name,batch,batch_season,batch_year,batch_date,company_age_years,is_mature,status,label_strict,label_survival
5,CircuitHub,Winter 2012,Winter,2012.0,2012-01-01,14.499657768651609,True,Active,,1.0
6,iCracked,Winter 2012,Winter,2012.0,2012-01-01,14.499657768651609,True,Acquired,1.0,1.0
7,42Floors,Winter 2012,Winter,2012.0,2012-01-01,14.499657768651609,True,Acquired,1.0,1.0
8,PlanGrid,Winter 2012,Winter,2012.0,2012-01-01,14.499657768651609,True,Acquired,1.0,1.0
9,WireOver,Winter 2012,Winter,2012.0,2012-01-01,14.499657768651609,True,Inactive,0.0,0.0
10,The Muse,Winter 2012,Winter,2012.0,2012-01-01,14.499657768651609,True,Inactive,0.0,0.0
11,SendHub,Winter 2012,Winter,2012.0,2012-01-01,14.499657768651609,True,Acquired,1.0,1.0
12,Hipmob,Winter 2012,Winter,2012.0,2012-01-01,14.499657768651609,True,Inactive,0.0,0.0
13,MyVR,Winter 2012,Winter,2012.0,2012-01-01,14.499657768651609,True,Acquired,1.0,1.0
14,HireArt,Winter 2012,Winter,2012.0,2012-01-01,14.499657768651609,True,Active,,1.0
15,Amiato,Winter 2012,Winter,2012.0,2012-01-01,14.499657768651609,True,Acquired,1.0,1.0
16,Medigram,Winter 2012,Winter,2012.0,2012-01-01,14.499657768651609,True,Active,,1.0
17,Couple,Winter 2012,Winter,2012.0,2012-01-01,14.499657768651609,True,Inactive,0.0,0.0
18,HackPad,Winter 2012,Winter,2012.0,2012-01-01,14.499657768651609,True,Acquired,1.0,1.0
19,Rescale,Winter 2012,Winter,2012.0,2012-01-01,14.499657768651609,True,Active,,1.0
20,SlidePay,Winter 2012,Winter,2012.0,2012-01-01,14.499657768651609,True,Acquired,1.0,1.0
21,Tap to Learn,Winter 2012,Winter,2012.0,2012-01-01,14.499657768651609,True,Inactive,0.0,0.0
22,Optilly/Installmonetizer,Winter 2012,Winter,2012.0,2012-01-01,14.499657768651609,True,Inactive,0.0,0.0
23,BookSolid,Winter 2012,Winter,2012.0,2012-01-01,14.499657768651609,True,Inactive,0.0,0.0
24,Gusto,Winter 2012,Winter,2012.0,2012-01-01,14.499657768651609,True,Active,,1.0
25,FamilyLeaf,Winter 2012,Winter,2012.0,2012-01-01,14.499657768651609,True,Acquired,1.0,1.0
26,Marft,Winter 2012,Winter,2012.0,2012-01-01,14.499657768651609,True,Inactive,0.0,0.0
27,Minefold,Winter 2012,Winter,2012.0,2012-01-01,14.499657768651609,True,Inactive,0.0,0.0
28,Zipio,Winter 2012,Winter,2012.0,2012-01-01,14.499657768651609,True,Inactive,0.0,0.0
29,Chute,Winter 2012,Winter,2012.0,2012-01-01,14.499657768651609,True,Acquired,1.0,1.0
30,Matterport,Winter 2012,Winter,2012.0,2012-01-01,14.499657768651609,True,Public,1.0,1.0
31,Shoptiques,Winter 2012,Winter,2012.0,2012-01-01,14.499657768651609,True,Active,,1.0
32,CleverDeck,Winter 2012,Winter,2012.0,2012-01-01,14.499657768651609,True,Active,,1.0
33,Make School,Winter 2012,Winter,2012.0,2012-01-01,14.499657768651609,True,Inactive,0.0,0.0
34,Pixelapse,Winter 2012,Winter,2012.0,2012-01-01,14.499657768651609,True,Inactive,0.0,0.0
35,Screenleap,Winter 2012,Winter,2012.0,2012-01-01,14.499657768651609,True,Active,,1.0
36,Talkray (TiKL),Winter 2012,Winter,2012.0,2012-01-01,14.499657768651609,True,Inactive,0.0,0.0
37,Zillabyte,Winter 2012,Winter,2012.0,2012-01-01,14.499657768651609,True,Inactive,0.0,0.0
38,Exec,Winter 2012,Winter,2012.0,2012-01-01,14.499657768651609,True,Acquired,1.0,1.0
39,Grouper,Winter 2012,Winter,2012.0,2012-01-01,14.499657768651609,True,Inactive,0.0,0.0
40,Amplitude,Winter 2012,Winter,2012.0,2012-01-01,14.499657768651609,True,Public,1.0,1.0
41,LendUp,Winter 2012,Winter,2012.0,2012-01-01,14.499657768651609,True,Inactive,0.0,0.0
42,Tilt,Winter 2012,Winter,2012.0,2012-01-01,14.499657768651609,True,Acquired,1.0,1.0
43,Brace,Winter 2012,Winter,2012.0,2012-01-01,14.499657768651609,True,Inactive,0.0,0.0
44,Swiftype,Winter 2012,Winter,2012.0,2012-01-01,14.499657768651609,True,Acquired,1.0,1.0
45,LVL6,Winter 2012,Winter,2012.0,2012-01-01,14.499657768651609,True,Inactive,0.0,0.0
46,BarSense,Winter 2012,Winter,2012.0,2012-01-01,14.499657768651609,True,Inactive,0.0,0.0
47,FarmLogs,Winter 2012,Winter,2012.0,2012-01-01,14.499657768651609,True,Acquired,1.0,1.0
48,99dresses,Winter 2012,Winter,2012.0,2012-01-01,14.499657768651609,True,Inactive,0.0,0.0
49,Authy,Winter 2012,Winter,2012.0,2012-01-01,14.499657768651609,True,Acquired,1.0,1.0
50,Flutter,Winter 2012,Winter,2012.0,2012-01-01,14.499657768651609,True,Acquired,1.0,1.0
51,Fond,Winter 2012,Winter,2012.0,2012-01-01,14.499657768651609,True,Acquired,1.0,1.0
52,Per Vices,Winter 2012,Winter,2012.0,2012-01-01,14.499657768651609,True,Active,,1.0
54,Loom,Winter 2012,Winter,2012.0,2012-01-01,14.499657768651609,True,Acquired,1.0,1.0
55,Documents.Me,Winter 2012,Winter,2012.0,2012-01-01,14.499657768651609,True,Inactive,0.0,0.0
56,Ark,Winter 2012,Winter,2012.0,2012-01-01,14.499657768651609,True,Inactive,0.0,0.0
57,SolidStage,Winter 2012,Winter,2012.0,2012-01-01,14.499657768651609,True,Inactive,0.0,0.0
58,YourMechanic,Winter 2012,Winter,2012.0,2012-01-01,14.499657768651609,True,Acquired,1.0,1.0
59,Priceonomics,Winter 2012,Winter,2012.0,2012-01-01,14.499657768651609,True,Acquired,1.0,1.0
60,Sendwave,Winter 2012,Winter,2012.0,2012-01-01,14.499657768651609,True,Acquired,1.0,1.0
61,Glider,Winter 2012,Winter,2012.0,2012-01-01,14.499657768651609,True,Inactive,0.0,0.0
62,Medmonk,Winter 2012,Winter,2012.0,2012-01-01,14.499657768651609,True,Active,,1.0
63,Carsabi,Winter 2012,Winter,2012.0,2012-01-01,14.499657768651609,True,Inactive,0.0,0.0
64,Y Combinator,Unspecified,,,,,False,Active,,
65,Socialcam,Winter 2012,Winter,2012.0,2012-01-01,14.499657768651609,True,Acquired,1.0,1.0
66,GiveSpark,Winter 2012,Winter,2012.0,2012-01-01,14.499657768651609,True,Inactive,0.0,0.0
67,Shopular,Winter 2012,Winter,2012.0,2012-01-01,14.499657768651609,True,Acquired,1.0,1.0
69,Picplum,Summer 2011,Summer,2011.0,2011-06-01,15.085557837097879,True,Inactive,0.0,0.0
70,Freshplum,Summer 2011,Summer,2011.0,2011-06-01,15.085557837097879,True,Acquired,1.0,1.0
71,Clutch,Summer 2011,Summer,2011.0,2011-06-01,15.085557837097879,True,Acquired,1.0,1.0
72,Apollo,Summer 2011,Summer,2011.0,2011-06-01,15.085557837097879,True,Active,,1.0
73,HackerRank,Summer 2011,Summer,2011.0,2011-06-01,15.085557837097879,True,Active,,1.0
74,Stypi,Summer 2011,Summer,2011.0,2011-06-01,15.085557837097879,True,Acquired,1.0,1.0
75,Genius,Summer 2011,Summer,2011.0,2011-06-01,15.085557837097879,True,Acquired,1.0,1.0
76,OneSignal,Summer 2011,Summer,2011.0,2011-06-01,15.085557837097879,True,Active,,1.0
77,Zigfu,Summer 2011,Summer,2011.0,2011-06-01,15.085557837097879,True,Inactive,0.0,0.0
78,PayDragon,Summer 2011,Summer,2011.0,2011-06-01,15.085557837097879,True,Inactive,0.0,0.0
79,Aisle50,Summer 2011,Summer,2011.0,2011-06-01,15.085557837097879,True,Acquired,1.0,1.0
80,Debteye,Summer 2011,Summer,2011.0,2011-06-01,15.085557837097879,True,Acquired,1.0,1.0
81,Proxino,Summer 2011,Summer,2011.0,2011-06-01,15.085557837097879,True,Inactive,0.0,0.0
82,Streak,Summer 2011,Summer,2011.0,2011-06-01,15.085557837097879,True,Active,,1.0
83,Science Exchange,Summer 2011,Summer,2011.0,2011-06-01,15.085557837097879,True,Acquired,1.0,1.0
84,PhoneSys,Summer 2011,Summer,2011.0,2011-06-01,15.085557837097879,True,Inactive,0.0,0.0
85,Quartzy,Summer 2011,Summer,2011.0,2011-06-01,15.085557837097879,True,Active,,1.0
86,Codecademy,Summer 2011,Summer,2011.0,2011-06-01,15.085557837097879,True,Acquired,1.0,1.0
87,Cryptoseal,Summer 2011,Summer,2011.0,2011-06-01,15.085557837097879,True,Acquired,1.0,1.0
88,Segment,Summer 2011,Summer,2011.0,2011-06-01,15.085557837097879,True,Acquired,1.0,1.0
89,Citus Data,Summer 2011,Summer,2011.0,2011-06-01,15.085557837097879,True,Acquired,1.0,1.0
90,AgileMD,Summer 2011,Summer,2011.0,2011-06-01,15.085557837097879,True,Active,,1.0
91,Clerky,Summer 2011,Summer,2011.0,2011-06-01,15.085557837097879,True,Active,,1.0
92,Quad,Summer 2011,Summer,2011.0,2011-06-01,15.085557837097879,True,Inactive,0.0,0.0
94,Dubjoy,Summer 2011,Summer,2011.0,2011-06-01,15.085557837097879,True,Inactive,0.0,0.0
95,Zenbox,Summer 2011,Summer,2011.0,2011-06-01,15.085557837097879,True,Inactive,0.0,0.0
96,Realm,Summer 2011,Summer,2011.0,2011-06-01,15.085557837097879,True,Acquired,1.0,1.0
97,Firebase,Summer 2011,Summer,2011.0,2011-06-01,15.085557837097879,True,Acquired,1.0,1.0
98,GoCardless,Summer 2011,Summer,2011.0,2011-06-01,15.085557837097879,True,Active,,1.0
99,Pagelever,Summer 2011,Summer,2011.0,2011-06-01,15.085557837097879,True,Acquired,1.0,1.0
100,MarketBrief,Summer 2011,Summer,2011.0,2011-06-01,15.085557837097879,True,Inactive,0.0,0.0
101,Fobo,Summer 2011,Summer,2011.0,2011-06-01,15.085557837097879,True,Acquired,1.0,1.0
102,Sift,Summer 2011,Summer,2011.0,2011-06-01,15.085557837097879,True,Active,,1.0
103,Verbling,Summer 2011,Summer,2011.0,2011-06-01,15.085557837097879,True,Acquired,1.0,1.0
104,Embark,Summer 2011,Summer,2011.0,2011-06-01,15.085557837097879,True,Acquired,1.0,1.0
105,LeadGenius,Summer 2011,Summer,2011.0,2011-06-01,15.085557837097879,True,Active,,1.0
106,Caviar,Summer 2011,Summer,2011.0,2011-06-01,15.085557837097879,True,Acquired,1.0,1.0
107,Interstate,Summer 2011,Summer,2011.0,2011-06-01,15.085557837097879,True,Inactive,0.0,0.0
108,Everyme,Summer 2011,Summer,2011.0,2011-06-01,15.085557837097879,True,Inactive,0.0,0.0
109,Opez,Summer 2011,Summer,2011.0,2011-06-01,15.085557837097879,True,Inactive,0.0,0.0
110,MixRank,Summer 2011,Summer,2011.0,2011-06-01,15.085557837097879,True,Active,,1.0
111,Kicksend,Summer 2011,Summer,2011.0,2011-06-01,15.085557837097879,True,Inactive,0.0,0.0
112,Videopixie,Summer 2011,Summer,2011.0,2011-06-01,15.085557837097879,True,Active,,1.0
114,Vapor,Summer 2011,Summer,2011.0,2011-06-01,15.085557837097879,True,Inactive,0.0,0.0
115,Launchpad Toys,Summer 2011,Summer,2011.0,2011-06-01,15.085557837097879,True,Acquired,1.0,1.0
116,Imgix,Summer 2011,Summer,2011.0,2011-06-01,15.085557837097879,True,Active,,1.0
117,Compose,Summer 2011,Summer,2011.0,2011-06-01,15.085557837097879,True,Acquired,1.0,1.0
118,GlassMap,Summer 2011,Summer,2011.0,2011-06-01,15.085557837097879,True,Acquired,1.0,1.0
119,Vidyard,Summer 2011,Summer,2011.0,2011-06-01,15.085557837097879,True,Active,,1.0
120,Leaky,Summer 2011,Summer,2011.0,2011-06-01,15.085557837097879,True,Inactive,0.0,0.0
121,Ridejoy,Summer 2011,Summer,2011.0,2011-06-01,15.085557837097879,True,Inactive,0.0,0.0
122,TapEngage,Summer 2011,Summer,2011.0,2011-06-01,15.085557837097879,True,Acquired,1.0,1.0
123,Snapjoy,Summer 2011,Summer,2011.0,2011-06-01,15.085557837097879,True,Inactive,0.0,0.0
124,Perfect Audience,Summer 2011,Summer,2011.0,2011-06-01,15.085557837097879,True,Acquired,1.0,1.0
125,Rentobo,Summer 2011,Summer,2011.0,2011-06-01,15.085557837097879,True,Inactive,0.0,0.0
126,Draft,Summer 2011,Summer,2011.0,2011-06-01,15.085557837097879,True,Inactive,0.0,0.0
127,Parse,Summer 2011,Summer,2011.0,2011-06-01,15.085557837097879,True,Acquired,1.0,1.0
128,Zeus,Summer 2011,Summer,2011.0,2011-06-01,15.085557837097879,True,Acquired,1.0,1.0
129,Userfox,Winter 2011,Winter,2011.0,2011-01-01,15.498973305954825,True,Inactive,0.0,0.0
130,Automatic,Summer 2011,Summer,2011.0,2011-06-01,15.085557837097879,True,Acquired,1.0,1.0
131,Hungry Labs,Summer 2011,Summer,2011.0,2011-06-01,15.085557837097879,True,Inactive,0.0,0.0
132,Inporia,Winter 2011,Winter,2011.0,2011-01-01,15.498973305954825,True,Inactive,0.0,0.0
133,Upverter,Winter 2011,Winter,2011.0,2011-01-01,15.498973305954825,True,Acquired,1.0,1.0
134,SingleStore,Winter 2011,Winter,2011.0,2011-01-01,15.498973305954825,True,Active,,1.0
135,Beetailer,Winter 2011,Winter,2011.0,2011-01-01,15.498973305954825,True,Inactive,0.0,0.0
136,TellFi,Winter 2011,Winter,2011.0,2011-01-01,15.498973305954825,True,Inactive,0.0,0.0
137,Assembled,Winter 2011,Winter,2011.0,2011-01-01,15.498973305954825,True,Inactive,0.0,0.0
138,Talkable,Winter 2011,Winter,2011.0,2011-01-01,15.498973305954825,True,Active,,1.0
139,FitFu,Winter 2011,Winter,2011.0,2011-01-01,15.498973305954825,True,Inactive,0.0,0.0
140,AppHarbor,Winter 2011,Winter,2011.0,2011-01-01,15.498973305954825,True,Inactive,0.0,0.0
141,Tumult,Winter 2011,Winter,2011.0,2011-01-01,15.498973305954825,True,Active,,1.0
142,Earbits,Winter 2011,Winter,2011.0,2011-01-01,15.498973305954825,True,Acquired,1.0,1.0
143,Acunote,Winter 2011,Winter,2011.0,2011-01-01,15.498973305954825,True,Active,,1.0
144,Sendoid,Winter 2011,Winter,2011.0,2011-01-01,15.498973305954825,True,Acquired,1.0,1.0
145,HelloSign,Winter 2011,Winter,2011.0,2011-01-01,15.498973305954825,True,Acquired,1.0,1.0
146,Instapainting,Winter 2011,Winter,2011.0,2011-01-01,15.498973305954825,True,Active,,1.0
147,You Got Listings,Winter 2011,Winter,2011.0,2011-01-01,15.498973305954825,True,Active,,1.0
148,Hotspots,Winter 2011,Winter,2011.0,2011-01-01,15.498973305954825,True,Acquired,1.0,1.0
149,Tremendous,Winter 2011,Winter,2011.0,2011-01-01,15.498973305954825,True,Active,,1.0
150,Custora,Winter 2011,Winter,2011.0,2011-01-01,15.498973305954825,True,Acquired,1.0,1.0
151,Comprehend,Winter 2011,Winter,2011.0,2011-01-01,15.498973305954825,True,Acquired,1.0,1.0
152,Humble Bundle,Winter 2011,Winter,2011.0,2011-01-01,15.498973305954825,True,Acquired,1.0,1.0
153,Pebble,Winter 2011,Winter,2011.0,2011-01-01,15.498973305954825,True,Acquired,1.0,1.0
154,Hyperink,Winter 2011,Winter,2011.0,2011-01-01,15.498973305954825,True,Inactive,0.0,0.0
155,Insight Data Science,Winter 2011,Winter,2011.0,2011-01-01,15.498973305954825,True,Inactive,0.0,0.0
156,Convore,Winter 2011,Winter,2011.0,2011-01-01,15.498973305954825,True,Inactive,0.0,0.0
157,Flotype,Winter 2011,Winter,2011.0,2011-01-01,15.498973305954825,True,Inactive,0.0,0.0
158,Fivestars,Winter 2011,Winter,2011.0,2011-01-01,15.498973305954825,True,Acquired,1.0,1.0
159,Apportable,Winter 2011,Winter,2011.0,2011-01-01,15.498973305954825,True,Acquired,1.0,1.0
160,Close,Winter 2011,Winter,2011.0,2011-01-01,15.498973305954825,True,Active,,1.0
161,Balanced,Winter 2011,Winter,2011.0,2011-01-01,15.498973305954825,True,Inactive,0.0,0.0
162,Mailgun,Winter 2011,Winter,2011.0,2011-01-01,15.498973305954825,True,Acquired,1.0,1.0
163,Tutorspree,Winter 2011,Winter,2011.0,2011-01-01,15.498973305954825,True,Inactive,0.0,0.0
164,Mino Games,Winter 2011,Winter,2011.0,2011-01-01,15.498973305954825,True,Active,,1.0
165,Lanyrd,Winter 2011,Winter,2011.0,2011-01-01,15.498973305954825,True,Acquired,1.0,1.0
166,TrustEgg,Winter 2011,Winter,2011.0,2011-01-01,15.498973305954825,True,Inactive,0.0,0.0
167,Siasto,Winter 2011,Winter,2011.0,2011-01-01,15.498973305954825,True,Inactive,0.0,0.0
168,GOAT Group,Winter 2011,Winter,2011.0,2011-01-01,15.498973305954825,True,Active,,1.0
169,OrderAhead,Winter 2011,Winter,2011.0,2011-01-01,15.498973305954825,True,Acquired,1.0,1.0
170,DrChrono,Winter 2011,Winter,2011.0,2011-01-01,15.498973305954825,True,Acquired,1.0,1.0
171,Zerocater,Winter 2011,Winter,2011.0,2011-01-01,15.498973305954825,True,Active,,1.0
172,Storyworth,Winter 2011,Winter,2011.0,2011-01-01,15.498973305954825,True,Active,,1.0
173,TalkBin,Winter 2011,Winter,2011.0,2011-01-01,15.498973305954825,True,Acquired,1.0,1.0
174,Venuetastic,Winter 2011,Winter,2011.0,2011-01-01,15.498973305954825,True,Inactive,0.0,0.0
175,SimplyListed,Winter 2011,Winter,2011.0,2011-01-01,15.498973305954825,True,Inactive,0.0,0.0
176,Chartio,Summer 2010,Summer,2010.0,2010-06-01,16.084873374401095,True,Acquired,1.0,1.0
177,Presto,Summer 2010,Summer,2010.0,2010-06-01,16.084873374401095,True,Public,1.0,1.0
178,Hipmunk,Summer 2010,Summer,2010.0,2010-06-01,16.084873374401095,True,Acquired,1.0,1.0
179,Teevox,Summer 2010,Summer,2010.0,2010-06-01,16.084873374401095,True,Inactive,0.0,0.0
180,Rapportive,Summer 2010,Summer,2010.0,2010-06-01,16.084873374401095,True,Acquired,1.0,1.0
181,Recurse Center,Summer 2010,Summer,2010.0,2010-06-01,16.084873374401095,True,Active,,1.0
182,Simperium,Summer 2010,Summer,2010.0,2010-06-01,16.084873374401095,True,Acquired,1.0,1.0
183,AeroFS,Summer 2010,Summer,2010.0,2010-06-01,16.084873374401095,True,Acquired,1.0,1.0
184,Chirply,Summer 2010,Summer,2010.0,2010-06-01,16.084873374401095,True,Inactive,0.0,0.0
185,Habit Labs,Summer 2010,Summer,2010.0,2010-06-01,16.084873374401095,True,Inactive,0.0,0.0
186,PadMapper,Summer 2010,Summer,2010.0,2010-06-01,16.084873374401095,True,Acquired,1.0,1.0
187,DemandSphere,Summer 2010,Summer,2010.0,2010-06-01,16.084873374401095,True,Active,,1.0
188,AnyList,Summer 2010,Summer,2010.0,2010-06-01,16.084873374401095,True,Active,,1.0
189,Brushes,Summer 2010,Summer,2010.0,2010-06-01,16.084873374401095,True,Inactive,0.0,0.0
190,Gantto,Summer 2010,Summer,2010.0,2010-06-01,16.084873374401095,True,Inactive,0.0,0.0
191,Homejoy,Summer 2010,Summer,2010.0,2010-06-01,16.084873374401095,True,Acquired,1.0,1.0
192,1000Memories,Summer 2010,Summer,2010.0,2010-06-01,16.084873374401095,True,Acquired,1.0,1.0
193,GazeHawk,Summer 2010,Summer,2010.0,2010-06-01,16.084873374401095,True,Acquired,1.0,1.0
194,Leftronic,Summer 2010,Summer,2010.0,2010-06-01,16.084873374401095,True,Acquired,1.0,1.0
195,Upbeat,Summer 2010,Summer,2010.0,2010-06-01,16.084873374401095,True,Inactive,0.0,0.0
196,Opzi,Summer 2010,Summer,2010.0,2010-06-01,16.084873374401095,True,Inactive,0.0,0.0
197,FutureAdvisor,Summer 2010,Summer,2010.0,2010-06-01,16.084873374401095,True,Acquired,1.0,1.0
198,Docker,Summer 2010,Summer,2010.0,2010-06-01,16.084873374401095,True,Active,,1.0
199,Post.fm,Summer 2010,Summer,2010.0,2010-06-01,16.084873374401095,True,Inactive,0.0,0.0
200,inDinero,Summer 2010,Summer,2010.0,2010-06-01,16.084873374401095,True,Active,,1.0
201,WorkFlowy,Summer 2010,Summer,2010.0,2010-06-01,16.084873374401095,True,Active,,1.0
202,PagerDuty,Summer 2010,Summer,2010.0,2010-06-01,16.084873374401095,True,Public,1.0,1.0
203,Ready For Zero,Summer 2010,Summer,2010.0,2010-06-01,16.084873374401095,True,Inactive,0.0,0.0
204,MessageParty,Summer 2010,Summer,2010.0,2010-06-01,16.084873374401095,True,Inactive,0.0,0.0
205,Fanvibe,Summer 2010,Summer,2010.0,2010-06-01,16.084873374401095,True,Acquired,1.0,1.0
206,Fridge,Summer 2010,Summer,2010.0,2010-06-01,16.084873374401095,True,Acquired,1.0,1.0
207,Tapzilla,Summer 2010,Summer,2010.0,2010-06-01,16.084873374401095,True,Acquired,1.0,1.0
208,Whereoscope,Summer 2010,Summer,2010.0,2010-06-01,16.084873374401095,True,Acquired,1.0,1.0
209,AdGrok,Summer 2010,Summer,2010.0,2010-06-01,16.084873374401095,True,Acquired,1.0,1.0
210,Pribbit,Summer 2010,Summer,2010.0,2010-06-01,16.084873374401095,True,Inactive,0.0,0.0
211,Koduco,Summer 2010,Summer,2010.0,2010-06-01,16.084873374401095,True,Inactive,0.0,0.0
212,Mertado,Winter 2010,Winter,2010.0,2010-01-01,16.49828884325804,True,Acquired,1.0,1.0
213,500Friends,Winter 2010,Winter,2010.0,2010-01-01,16.49828884325804,True,Acquired,1.0,1.0
214,All Screen,Winter 2010,Winter,2010.0,2010-01-01,16.49828884325804,True,Acquired,1.0,1.0
215,Crocodoc,Winter 2010,Winter,2010.0,2010-01-01,16.49828884325804,True,Acquired,1.0,1.0
216,Bitplay,Winter 2010,Winter,2010.0,2010-01-01,16.49828884325804,True,Acquired,1.0,1.0
217,Fabricly,Winter 2010,Winter,2010.0,2010-01-01,16.49828884325804,True,Inactive,0.0,0.0
218,Embedly,Winter 2010,Winter,2010.0,2010-01-01,16.49828884325804,True,Acquired,1.0,1.0
219,Creative Market,Winter 2010,Winter,2010.0,2010-01-01,16.49828884325804,True,Acquired,1.0,1.0
220,Nowmov,Winter 2010,Winter,2010.0,2010-01-01,16.49828884325804,True,Acquired,1.0,1.0
221,Optimizely,Winter 2010,Winter,2010.0,2010-01-01,16.49828884325804,True,Acquired,1.0,1.0
222,LaunchHear,Winter 2010,Winter,2010.0,2010-01-01,16.49828884325804,True,Inactive,0.0,0.0
223,Zencoder,Winter 2010,Winter,2010.0,2010-01-01,16.49828884325804,True,Acquired,1.0,1.0
224,Cue,Winter 2010,Winter,2010.0,2010-01-01,16.49828884325804,True,Acquired,1.0,1.0
225,Answerly,Winter 2010,Winter,2010.0,2010-01-01,16.49828884325804,True,Inactive,0.0,0.0
226,OwnLocal,Winter 2010,Winter,2010.0,2010-01-01,16.49828884325804,True,Active,,1.0
227,Zenedy,Winter 2010,Winter,2010.0,2010-01-01,16.49828884325804,True,Inactive,0.0,0.0
228,Gamador,Winter 2010,Winter,2010.0,2010-01-01,16.49828884325804,True,Inactive,0.0,0.0
229,Fithub,Winter 2010,Winter,2010.0,2010-01-01,16.49828884325804,True,Inactive,0.0,0.0
230,Cardpool,Winter 2010,Winter,2010.0,2010-01-01,16.49828884325804,True,Acquired,1.0,1.0
231,Movity,Winter 2010,Winter,2010.0,2010-01-01,16.49828884325804,True,Acquired,1.0,1.0
232,Etacts,Winter 2010,Winter,2010.0,2010-01-01,16.49828884325804,True,Acquired,1.0,1.0
233,Data Marketplace,Winter 2010,Winter,2010.0,2010-01-01,16.49828884325804,True,Inactive,0.0,0.0
234,Newslabs,Winter 2010,Winter,2010.0,2010-01-01,16.49828884325804,True,Inactive,0.0,0.0
235,Newcope,Winter 2010,Winter,2010.0,2010-01-01,16.49828884325804,True,Inactive,0.0,0.0
236,Infoharmoni,Winter 2010,Winter,2010.0,2010-01-01,16.49828884325804,True,Inactive,0.0,0.0
238,Notifo,Winter 2010,Winter,2010.0,2010-01-01,16.49828884325804,True,Inactive,0.0,0.0
239,Listia,Summer 2009,Summer,2009.0,2009-06-01,17.084188911704313,True,Active,,1.0
240,Stripe,Summer 2009,Summer,2009.0,2009-06-01,17.084188911704313,True,Active,,1.0
241,HighlightCam,Summer 2009,Summer,2009.0,2009-06-01,17.084188911704313,True,Inactive,0.0,0.0
242,DailyBooth,Summer 2009,Summer,2009.0,2009-06-01,17.084188911704313,True,Acquired,1.0,1.0
243,Bump,Summer 2009,Summer,2009.0,2009-06-01,17.084188911704313,True,Acquired,1.0,1.0
244,WePay,Summer 2009,Summer,2009.0,2009-06-01,17.084188911704313,True,Acquired,1.0,1.0
245,Directed Edge,Summer 2009,Summer,2009.0,2009-06-01,17.084188911704313,True,Active,,1.0
246,RethinkDB,Summer 2009,Summer,2009.0,2009-06-01,17.084188911704313,True,Acquired,1.0,1.0
247,Jobspice,Summer 2009,Summer,2009.0,2009-06-01,17.084188911704313,True,Inactive,0.0,0.0
248,Mixpanel,Summer 2009,Summer,2009.0,2009-06-01,17.084188911704313,True,Active,,1.0
249,Olark,Summer 2009,Summer,2009.0,2009-06-01,17.084188911704313,True,Active,,1.0
250,Lockitron,Summer 2009,Summer,2009.0,2009-06-01,17.084188911704313,True,Acquired,1.0,1.0
251,CarWoo,Summer 2009,Summer,2009.0,2009-06-01,17.084188911704313,True,Inactive,0.0,0.0
252,Tuxebo,Summer 2009,Summer,2009.0,2009-06-01,17.084188911704313,True,Inactive,0.0,0.0
253,Fanchatter,Summer 2009,Summer,2009.0,2009-06-01,17.084188911704313,True,Inactive,0.0,0.0
254,Plurchase,Summer 2009,Summer,2009.0,2009-06-01,17.084188911704313,True,Inactive,0.0,0.0
255,GraffitiGeo,Summer 2009,Summer,2009.0,2009-06-01,17.084188911704313,True,Acquired,1.0,1.0
256,Flightcaster,Summer 2009,Summer,2009.0,2009-06-01,17.084188911704313,True,Acquired,1.0,1.0
257,NudgePad,Summer 2009,Summer,2009.0,2009-06-01,17.084188911704313,True,Inactive,0.0,0.0
258,RentHop,Summer 2009,Summer,2009.0,2009-06-01,17.084188911704313,True,Active,,1.0
259,Lingt,Summer 2009,Summer,2009.0,2009-06-01,17.084188911704313,True,Active,,1.0
260,RoboHR,Summer 2009,Summer,2009.0,2009-06-01,17.084188911704313,True,Inactive,0.0,0.0
261,AdThrow,Summer 2009,Summer,2009.0,2009-06-01,17.084188911704313,True,Inactive,0.0,0.0
262,Stackq,Summer 2009,Summer,2009.0,2009-06-01,17.084188911704313,True,Inactive,0.0,0.0
263,Wakemate,Summer 2009,Summer,2009.0,2009-06-01,17.084188911704313,True,Inactive,0.0,0.0
264,Instantq,Summer 2009,Summer,2009.0,2009-06-01,17.084188911704313,True,Inactive,0.0,0.0
265,Recurious,Winter 2009,Winter,2009.0,2009-01-01,17.49760438056126,True,Inactive,0.0,0.0
266,Skysheet,Winter 2009,Winter,2009.0,2009-01-01,17.49760438056126,True,Inactive,0.0,0.0
267,Heyzap,Winter 2009,Winter,2009.0,2009-01-01,17.49760438056126,True,Acquired,1.0,1.0
268,Wattvision,Winter 2009,Winter,2009.0,2009-01-01,17.49760438056126,True,Inactive,0.0,0.0
269,Foodoro,Winter 2009,Winter,2009.0,2009-01-01,17.49760438056126,True,Inactive,0.0,0.0
270,Volantio,Winter 2009,Winter,2009.0,2009-01-01,17.49760438056126,True,Active,,1.0
271,Airbnb,Winter 2009,Winter,2009.0,2009-01-01,17.49760438056126,True,Public,1.0,1.0
272,Divvyshot,Winter 2009,Winter,2009.0,2009-01-01,17.49760438056126,True,Acquired,1.0,1.0
273,reMail,Winter 2009,Winter,2009.0,2009-01-01,17.49760438056126,True,Acquired,1.0,1.0
274,Echodio,Winter 2009,Winter,2009.0,2009-01-01,17.49760438056126,True,Acquired,1.0,1.0
275,Cloudkick,Winter 2009,Winter,2009.0,2009-01-01,17.49760438056126,True,Acquired,1.0,1.0
276,Spaces Life,Winter 2009,Winter,2009.0,2009-01-01,17.49760438056126,True,Inactive,0.0,0.0
277,Picurio,Winter 2009,Winter,2009.0,2009-01-01,17.49760438056126,True,Inactive,0.0,0.0
278,Nambii,Winter 2009,Winter,2009.0,2009-01-01,17.49760438056126,True,Inactive,0.0,0.0
279,Voxli,Winter 2009,Winter,2009.0,2009-01-01,17.49760438056126,True,Inactive,0.0,0.0
280,PetaSales,Winter 2009,Winter,2009.0,2009-01-01,17.49760438056126,True,Inactive,0.0,0.0
281,Posterous,Summer 2008,Summer,2008.0,2008-06-01,18.083504449007528,True,Acquired,1.0,1.0
282,Poll Everywhere,Summer 2008,Summer,2008.0,2008-06-01,18.083504449007528,True,Active,,1.0
283,OhLife,Summer 2008,Summer,2008.0,2008-06-01,18.083504449007528,True,Inactive,0.0,0.0
284,Cloudant,Summer 2008,Summer,2008.0,2008-06-01,18.083504449007528,True,Acquired,1.0,1.0
285,Job Alchemist,Summer 2008,Summer,2008.0,2008-06-01,18.083504449007528,True,Inactive,0.0,0.0
286,Frogmetrics,Summer 2008,Summer,2008.0,2008-06-01,18.083504449007528,True,Inactive,0.0,0.0
287,Anyvite,Summer 2008,Summer,2008.0,2008-06-01,18.083504449007528,True,Inactive,0.0,0.0
288,CO2Stats,Summer 2008,Summer,2008.0,2008-06-01,18.083504449007528,True,Inactive,0.0,0.0
289,JustSpotted,Summer 2008,Summer,2008.0,2008-06-01,18.083504449007528,True,Acquired,1.0,1.0
290,Picwing,Summer 2008,Summer,2008.0,2008-06-01,18.083504449007528,True,Inactive,0.0,0.0
291,BackType,Summer 2008,Summer,2008.0,2008-06-01,18.083504449007528,True,Acquired,1.0,1.0
292,Precognate,Summer 2008,Summer,2008.0,2008-06-01,18.083504449007528,True,Inactive,0.0,0.0
293,Youlicit,Summer 2008,Summer,2008.0,2008-06-01,18.083504449007528,True,Inactive,0.0,0.0
294,Team Apart,Summer 2008,Summer,2008.0,2008-06-01,18.083504449007528,True,Inactive,0.0,0.0
295,Claimspotting,Summer 2008,Summer,2008.0,2008-06-01,18.083504449007528,True,Inactive,0.0,0.0
296,Ticket Stumbler,Summer 2008,Summer,2008.0,2008-06-01,18.083504449007528,True,Inactive,0.0,0.0
297,Snipd,Summer 2008,Summer,2008.0,2008-06-01,18.083504449007528,True,Inactive,0.0,0.0
298,Popcuts,Summer 2008,Summer,2008.0,2008-06-01,18.083504449007528,True,Inactive,0.0,0.0
299,People & Pages,Summer 2008,Summer,2008.0,2008-06-01,18.083504449007528,True,Inactive,0.0,0.0
300,PlayReader,Summer 2008,Summer,2008.0,2008-06-01,18.083504449007528,True,Inactive,0.0,0.0
301,Treehouse,Summer 2008,Summer,2008.0,2008-06-01,18.083504449007528,True,Inactive,0.0,0.0
302,Slinkset,Summer 2008,Summer,2008.0,2008-06-01,18.083504449007528,True,Inactive,0.0,0.0
303,Trigger,Winter 2008,Winter,2008.0,2008-01-01,18.49965776865161,True,Inactive,0.0,0.0
304,RescueTime,Winter 2008,Winter,2008.0,2008-01-01,18.49965776865161,True,Active,,1.0
305,A Thinking Ape,Winter 2008,Winter,2008.0,2008-01-01,18.49965776865161,True,Acquired,1.0,1.0
306,Ninite,Winter 2008,Winter,2008.0,2008-01-01,18.49965776865161,True,Active,,1.0
307,Machine Zone,Winter 2008,Winter,2008.0,2008-01-01,18.49965776865161,True,Acquired,1.0,1.0
308,MightyQuiz,Winter 2008,Winter,2008.0,2008-01-01,18.49965776865161,True,Inactive,0.0,0.0
309,FathomDB,Winter 2008,Winter,2008.0,2008-01-01,18.49965776865161,True,Inactive,0.0,0.0
310,Omnisio,Winter 2008,Winter,2008.0,2008-01-01,18.49965776865161,True,Acquired,1.0,1.0
311,Heroku,Winter 2008,Winter,2008.0,2008-01-01,18.49965776865161,True,Acquired,1.0,1.0
312,280 North,Winter 2008,Winter,2008.0,2008-01-01,18.49965776865161,True,Acquired,1.0,1.0
313,Wundrbar,Winter 2008,Winter,2008.0,2008-01-01,18.49965776865161,True,Inactive,0.0,0.0
314,Socialbrowse,Winter 2008,Winter,2008.0,2008-01-01,18.49965776865161,True,Inactive,0.0,0.0
315,Mixwit,Winter 2008,Winter,2008.0,2008-01-01,18.49965776865161,True,Inactive,0.0,0.0
316,Tipjoy,Winter 2008,Winter,2008.0,2008-01-01,18.49965776865161,True,Inactive,0.0,0.0
317,Kirkland North,Winter 2008,Winter,2008.0,2008-01-01,18.49965776865161,True,Inactive,0.0,0.0
318,Deluux,Winter 2008,Winter,2008.0,2008-01-01,18.49965776865161,True,Inactive,0.0,0.0
319,YumDots,Winter 2008,Winter,2008.0,2008-01-01,18.49965776865161,True,Inactive,0.0,0.0
320,Snaptalent,Winter 2008,Winter,2008.0,2008-01-01,18.49965776865161,True,Inactive,0.0,0.0
321,Insoshi,Winter 2008,Winter,2008.0,2008-01-01,18.49965776865161,True,Inactive,0.0,0.0
322,Joberator,Winter 2008,Winter,2008.0,2008-01-01,18.49965776865161,True,Inactive,0.0,0.0
323,BitSample,Winter 2008,Winter,2008.0,2008-01-01,18.49965776865161,True,Inactive,0.0,0.0
324,Songkick,Summer 2007,Summer,2007.0,2007-06-01,19.085557837097877,True,Acquired,1.0,1.0
325,Dropbox,Summer 2007,Summer,2007.0,2007-06-01,19.085557837097877,True,Public,1.0,1.0
326,Blue Frog Gaming,Summer 2007,Summer,2007.0,2007-06-01,19.085557837097877,True,Active,,1.0
327,Disqus,Summer 2007,Summer,2007.0,2007-06-01,19.085557837097877,True,Acquired,1.0,1.0
328,Bountii,Summer 2007,Summer,2007.0,2007-06-01,19.085557837097877,True,Inactive,0.0,0.0
329,Hello Chair,Summer 2007,Summer,2007.0,2007-06-01,19.085557837097877,True,Inactive,0.0,0.0
330,iJigg/Top440,Summer 2007,Summer,2007.0,2007-06-01,19.085557837097877,True,Inactive,0.0,0.0
331,Splashup,Summer 2007,Summer,2007.0,2007-06-01,19.085557837097877,True,Inactive,0.0,0.0
332,ContestMachine,Summer 2007,Summer,2007.0,2007-06-01,19.085557837097877,True,Inactive,0.0,0.0
333,ZumoDrive,Summer 2007,Summer,2007.0,2007-06-01,19.085557837097877,True,Acquired,1.0,1.0
334,SocialPicks,Summer 2007,Summer,2007.0,2007-06-01,19.085557837097877,True,Inactive,0.0,0.0
335,Clickpass,Summer 2007,Summer,2007.0,2007-06-01,19.085557837097877,True,Acquired,1.0,1.0
336,Appjet,Summer 2007,Summer,2007.0,2007-06-01,19.085557837097877,True,Acquired,1.0,1.0
337,Anywhere.FM,Summer 2007,Summer,2007.0,2007-06-01,19.085557837097877,True,Acquired,1.0,1.0
338,Reble,Summer 2007,Summer,2007.0,2007-06-01,19.085557837097877,True,Inactive,0.0,0.0
339,Meetyu,Summer 2007,Summer,2007.0,2007-06-01,19.085557837097877,True,Inactive,0.0,0.0
340,Fuzzwich,Summer 2007,Summer,2007.0,2007-06-01,19.085557837097877,True,Inactive,0.0,0.0
341,Eivod,Summer 2007,Summer,2007.0,2007-06-01,19.085557837097877,True,Inactive,0.0,0.0
342,Biographicon,Summer 2007,Summer,2007.0,2007-06-01,19.085557837097877,True,Inactive,0.0,0.0
343,Virtualmin,Winter 2007,Winter,2007.0,2007-01-01,19.498973305954827,True,Active,,1.0
344,Weebly,Winter 2007,Winter,2007.0,2007-01-01,19.498973305954827,True,Acquired,1.0,1.0
345,Tsumobi,Winter 2007,Winter,2007.0,2007-01-01,19.498973305954827,True,Inactive,0.0,0.0
346,Octopart,Winter 2007,Winter,2007.0,2007-01-01,19.498973305954827,True,Acquired,1.0,1.0
347,Buxfer,Winter 2007,Winter,2007.0,2007-01-01,19.498973305954827,True,Active,,1.0
348,Zenter,Winter 2007,Winter,2007.0,2007-01-01,19.498973305954827,True,Acquired,1.0,1.0
349,Auctomatic,Winter 2007,Winter,2007.0,2007-01-01,19.498973305954827,True,Acquired,1.0,1.0
350,WriteWith,Winter 2007,Winter,2007.0,2007-01-01,19.498973305954827,True,Inactive,0.0,0.0
351,Whitenoise,Winter 2007,Winter,2007.0,2007-01-01,19.498973305954827,True,Inactive,0.0,0.0
352,View3,Winter 2007,Winter,2007.0,2007-01-01,19.498973305954827,True,Inactive,0.0,0.0
353,Socialmoth,Winter 2007,Winter,2007.0,2007-01-01,19.498973305954827,True,Inactive,0.0,0.0
354,Heysan,Winter 2007,Winter,2007.0,2007-01-01,19.498973305954827,True,Acquired,1.0,1.0
355,Xobni,Summer 2006,Summer,2006.0,2006-06-01,20.084873374401095,True,Acquired,1.0,1.0
356,Scribd,Summer 2006,Summer,2006.0,2006-06-01,20.084873374401095,True,Active,,1.0
357,OMGPop,Summer 2006,Summer,2006.0,2006-06-01,20.084873374401095,True,Acquired,1.0,1.0
358,Jamglue,Summer 2006,Summer,2006.0,2006-06-01,20.084873374401095,True,Inactive,0.0,0.0
359,Thinkature,Summer 2006,Summer,2006.0,2006-06-01,20.084873374401095,True,Inactive,0.0,0.0
360,Talkito,Summer 2006,Summer,2006.0,2006-06-01,20.084873374401095,True,Inactive,0.0,0.0
361,Shoutfit,Summer 2006,Summer,2006.0,2006-06-01,20.084873374401095,True,Inactive,0.0,0.0
362,Pollground,Summer 2006,Summer,2006.0,2006-06-01,20.084873374401095,True,Inactive,0.0,0.0
363,Zanbazaar,Summer 2006,Summer,2006.0,2006-06-01,20.084873374401095,True,Inactive,0.0,0.0
364,Likebetter,Summer 2006,Summer,2006.0,2006-06-01,20.084873374401095,True,Inactive,0.0,0.0
365,Jumpchat,Summer 2006,Summer,2006.0,2006-06-01,20.084873374401095,True,Inactive,0.0,0.0
366,Inkling,Winter 2006,Winter,2006.0,2006-01-01,20.49828884325804,True,Acquired,1.0,1.0
367,Clustrix,Winter 2006,Winter,2006.0,2006-01-01,20.49828884325804,True,Acquired,1.0,1.0
368,Snipshot,Winter 2006,Winter,2006.0,2006-01-01,20.49828884325804,True,Inactive,0.0,0.0
369,Project Wedding,Winter 2006,Winter,2006.0,2006-01-01,20.49828884325804,True,Acquired,1.0,1.0
370,Wufoo,Winter 2006,Winter,2006.0,2006-01-01,20.49828884325804,True,Acquired,1.0,1.0
371,Flagr,Winter 2006,Winter,2006.0,2006-01-01,20.49828884325804,True,Inactive,0.0,0.0
372,Audiobeta,Winter 2006,Winter,2006.0,2006-01-01,20.49828884325804,True,Inactive,0.0,0.0
373,Loopt,Summer 2005,Summer,2005.0,2005-06-01,21.084188911704313,True,Acquired,1.0,1.0
374,TextPayMe,Summer 2005,Summer,2005.0,2005-06-01,21.084188911704313,True,Acquired,1.0,1.0
375,Clickfacts,Summer 2005,Summer,2005.0,2005-06-01,21.084188911704313,True,Acquired,1.0,1.0
376,Simmery,Summer 2005,Summer,2005.0,2005-06-01,21.084188911704313,True,Inactive,0.0,0.0
377,Memamp,Summer 2005,Summer,2005.0,2005-06-01,21.084188911704313,True,Inactive,0.0,0.0
378,Kiko,Summer 2005,Summer,2005.0,2005-06-01,21.084188911704313,True,Acquired,1.0,1.0
379,Reddit,Summer 2005,Summer,2005.0,2005-06-01,21.084188911704313,True,Acquired,1.0,1.0
380,Infogami,Summer 2005,Summer,2005.0,2005-06-01,21.084188911704313,True,Inactive,0.0,0.0
382,Mixed Media Labs,Winter 2010,Winter,2010.0,2010-01-01,16.49828884325804,True,Inactive,0.0,0.0
383,Twitch,Winter 2007,Winter,2007.0,2007-01-01,19.498973305954827,True,Acquired,1.0,1.0
384,Parakey,Summer 2005,Summer,2005.0,2005-06-01,21.084188911704313,True,Acquired,1.0,1.0
386,TomoGuides,Summer 2012,Summer,2012.0,2012-06-01,14.08350444900753,True,Inactive,0.0,0.0
387,Pixate,Summer 2012,Summer,2012.0,2012-06-01,14.08350444900753,True,Acquired,1.0,1.0
388,Knowmia,Summer 2012,Summer,2012.0,2012-06-01,14.08350444900753,True,Acquired,1.0,1.0
389,Boosted,Summer 2012,Summer,2012.0,2012-06-01,14.08350444900753,True,Acquired,1.0,1.0
390,ZeroMailer,Summer 2012,Summer,2012.0,2012-06-01,14.08350444900753,True,Acquired,1.0,1.0
391,Canopy Labs,Summer 2012,Summer,2012.0,2012-06-01,14.08350444900753,True,Inactive,0.0,0.0
392,LeanMarket,Summer 2012,Summer,2012.0,2012-06-01,14.08350444900753,True,Inactive,0.0,0.0
393,Kamcord,Summer 2012,Summer,2012.0,2012-06-01,14.08350444900753,True,Acquired,1.0,1.0
394,Statwing,Summer 2012,Summer,2012.0,2012-06-01,14.08350444900753,True,Acquired,1.0,1.0
395,Rainforest,Summer 2012,Summer,2012.0,2012-06-01,14.08350444900753,True,Active,,1.0
396,Imgfave,Summer 2012,Summer,2012.0,2012-06-01,14.08350444900753,True,Inactive,0.0,0.0
397,Fullstack Academy,Summer 2012,Summer,2012.0,2012-06-01,14.08350444900753,True,Acquired,1.0,1.0
398,OmniVirt,Summer 2012,Summer,2012.0,2012-06-01,14.08350444900753,True,Acquired,1.0,1.0
399,Arc,Summer 2012,Summer,2012.0,2012-06-01,14.08350444900753,True,Inactive,0.0,0.0
401,Streem,Summer 2012,Summer,2012.0,2012-06-01,14.08350444900753,True,Acquired,1.0,1.0
402,Mth Sense,Summer 2012,Summer,2012.0,2012-06-01,14.08350444900753,True,Active,,1.0
403,Human Dx,Summer 2012,Summer,2012.0,2012-06-01,14.08350444900753,True,Active,,1.0
404,Testmunk,Summer 2012,Summer,2012.0,2012-06-01,14.08350444900753,True,Inactive,0.0,0.0
405,HealthSherpa,Summer 2012,Summer,2012.0,2012-06-01,14.08350444900753,True,Active,,1.0
406,Framebase,Summer 2012,Summer,2012.0,2012-06-01,14.08350444900753,True,Inactive,0.0,0.0
407,Mattermost,Summer 2012,Summer,2012.0,2012-06-01,14.08350444900753,True,Active,,1.0
408,Airshared,Summer 2012,Summer,2012.0,2012-06-01,14.08350444900753,True,Inactive,0.0,0.0
409,Zentail,Summer 2012,Summer,2012.0,2012-06-01,14.08350444900753,True,Active,,1.0
410,Soylent,Summer 2012,Summer,2012.0,2012-06-01,14.08350444900753,True,Acquired,1.0,1.0
411,DataNitro,Summer 2012,Summer,2012.0,2012-06-01,14.08350444900753,True,Inactive,0.0,0.0
412,Clever,Summer 2012,Summer,2012.0,2012-06-01,14.08350444900753,True,Acquired,1.0,1.0
413,Vayable,Summer 2012,Summer,2012.0,2012-06-01,14.08350444900753,True,Acquired,1.0,1.0
414,SmartAsset,Summer 2012,Summer,2012.0,2012-06-01,14.08350444900753,True,Active,,1.0
415,FundersClub,Summer 2012,Summer,2012.0,2012-06-01,14.08350444900753,True,Active,,1.0
416,Grid,Summer 2012,Summer,2012.0,2012-06-01,14.08350444900753,True,Inactive,0.0,0.0
417,Eligible,Summer 2012,Summer,2012.0,2012-06-01,14.08350444900753,True,Active,,1.0
418,Crohnology (by Healthy Labs),Summer 2012,Summer,2012.0,2012-06-01,14.08350444900753,True,Inactive,0.0,0.0
419,BrainTripping,Summer 2012,Summer,2012.0,2012-06-01,14.08350444900753,True,Inactive,0.0,0.0
420,Markupwand,Summer 2012,Summer,2012.0,2012-06-01,14.08350444900753,True,Inactive,0.0,0.0
421,Hiptype,Summer 2012,Summer,2012.0,2012-06-01,14.08350444900753,True,Inactive,0.0,0.0
422,Kippt,Summer 2012,Summer,2012.0,2012-06-01,14.08350444900753,True,Inactive,0.0,0.0
423,Easel,Summer 2012,Summer,2012.0,2012-06-01,14.08350444900753,True,Acquired,1.0,1.0
424,Hipset,Summer 2012,Summer,2012.0,2012-06-01,14.08350444900753,True,Inactive,0.0,0.0
425,FileStack,Summer 2012,Summer,2012.0,2012-06-01,14.08350444900753,True,Inactive,0.0,0.0
426,Collections,Summer 2012,Summer,2012.0,2012-06-01,14.08350444900753,True,Inactive,0.0,0.0
427,Dreamforge,Summer 2012,Summer,2012.0,2012-06-01,14.08350444900753,True,Inactive,0.0,0.0
428,Upwave,Summer 2012,Summer,2012.0,2012-06-01,14.08350444900753,True,Active,,1.0
429,Lever,Summer 2012,Summer,2012.0,2012-06-01,14.08350444900753,True,Acquired,1.0,1.0
430,ReelSurfer,Summer 2012,Summer,2012.0,2012-06-01,14.08350444900753,True,Inactive,0.0,0.0
431,Keychain Logistics,Summer 2012,Summer,2012.0,2012-06-01,14.08350444900753,True,Inactive,0.0,0.0
432,OctaveWealth,Summer 2012,Summer,2012.0,2012-06-01,14.08350444900753,True,Active,,1.0
433,BufferBox,Summer 2012,Summer,2012.0,2012-06-01,14.08350444900753,True,Acquired,1.0,1.0
434,Natero,Summer 2012,Summer,2012.0,2012-06-01,14.08350444900753,True,Acquired,1.0,1.0
435,Profig,Summer 2012,Summer,2012.0,2012-06-01,14.08350444900753,True,Inactive,0.0,0.0
437,Partnered,Summer 2012,Summer,2012.0,2012-06-01,14.08350444900753,True,Inactive,0.0,0.0
438,NewsBlur,Summer 2012,Summer,2012.0,2012-06-01,14.08350444900753,True,Active,,1.0
439,Coinbase,Summer 2012,Summer,2012.0,2012-06-01,14.08350444900753,True,Public,1.0,1.0
440,Submittable,Summer 2012,Summer,2012.0,2012-06-01,14.08350444900753,True,Active,,1.0
441,Mattermark,Summer 2012,Summer,2012.0,2012-06-01,14.08350444900753,True,Acquired,1.0,1.0
442,Zapier,Summer 2012,Summer,2012.0,2012-06-01,14.08350444900753,True,Active,,1.0
443,VoiceGem,Summer 2012,Summer,2012.0,2012-06-01,14.08350444900753,True,Acquired,1.0,1.0
444,BackerKit,Summer 2012,Summer,2012.0,2012-06-01,14.08350444900753,True,Active,,1.0
445,Benchling,Summer 2012,Summer,2012.0,2012-06-01,14.08350444900753,True,Active,,1.0
446,Flightfox,Summer 2012,Summer,2012.0,2012-06-01,14.08350444900753,True,Active,,1.0
447,Coco Controller,Summer 2012,Summer,2012.0,2012-06-01,14.08350444900753,True,Inactive,0.0,0.0
448,Tastemaker,Summer 2012,Summer,2012.0,2012-06-01,14.08350444900753,True,Inactive,0.0,0.0
449,GoScale,Summer 2012,Summer,2012.0,2012-06-01,14.08350444900753,True,Inactive,0.0,0.0
450,RegistryLove,Summer 2012,Summer,2012.0,2012-06-01,14.08350444900753,True,Inactive,0.0,0.0
451,Credictive,Summer 2012,Summer,2012.0,2012-06-01,14.08350444900753,True,Inactive,0.0,0.0
452,MicroEval,Summer 2012,Summer,2012.0,2012-06-01,14.08350444900753,True,Inactive,0.0,0.0
453,Everyday.me,Summer 2012,Summer,2012.0,2012-06-01,14.08350444900753,True,Inactive,0.0,0.0
454,Celery,Summer 2012,Summer,2012.0,2012-06-01,14.08350444900753,True,Inactive,0.0,0.0
455,Virool,Summer 2012,Summer,2012.0,2012-06-01,14.08350444900753,True,Acquired,1.0,1.0
456,Parallel Universe,Summer 2012,Summer,2012.0,2012-06-01,14.08350444900753,True,Inactive,0.0,0.0
457,Viacycle,Summer 2012,Summer,2012.0,2012-06-01,14.08350444900753,True,Inactive,0.0,0.0
458,Assorted Bits,Summer 2012,Summer,2012.0,2012-06-01,14.08350444900753,True,Inactive,0.0,0.0
459,Scoutzie,Summer 2012,Summer,2012.0,2012-06-01,14.08350444900753,True,Inactive,0.0,0.0
460,Vastrm,Summer 2012,Summer,2012.0,2012-06-01,14.08350444900753,True,Active,,1.0
461,Double Robotics,Summer 2012,Summer,2012.0,2012-06-01,14.08350444900753,True,Active,,1.0
462,Study Edge,Summer 2012,Summer,2012.0,2012-06-01,14.08350444900753,True,Acquired,1.0,1.0
463,GetGoing,Summer 2012,Summer,2012.0,2012-06-01,14.08350444900753,True,Inactive,0.0,0.0
464,Plivo,Summer 2012,Summer,2012.0,2012-06-01,14.08350444900753,True,Active,,1.0
465,Thread,Summer 2012,Summer,2012.0,2012-06-01,14.08350444900753,True,Inactive,0.0,0.0
466,Light Table/Eve,Summer 2012,Summer,2012.0,2012-06-01,14.08350444900753,True,Inactive,0.0,0.0
467,Svbtle,Summer 2012,Summer,2012.0,2012-06-01,14.08350444900753,True,Active,,1.0
468,Instacart,Summer 2012,Summer,2012.0,2012-06-01,14.08350444900753,True,Public,1.0,1.0
469,9gag,Summer 2012,Summer,2012.0,2012-06-01,14.08350444900753,True,Active,,1.0
470,StyleUp,Winter 2013,Winter,2013.0,2013-01-01,13.49760438056126,True,Active,,1.0
471,CircuitLab,Winter 2013,Winter,2013.0,2013-01-01,13.49760438056126,True,Active,,1.0
472,Screenhero,Winter 2013,Winter,2013.0,2013-01-01,13.49760438056126,True,Acquired,1.0,1.0
473,Scuba,Winter 2013,Winter,2013.0,2013-01-01,13.49760438056126,True,Acquired,1.0,1.0
474,Appcubator,Winter 2013,Winter,2013.0,2013-01-01,13.49760438056126,True,Inactive,0.0,0.0
475,North,Winter 2013,Winter,2013.0,2013-01-01,13.49760438056126,True,Acquired,1.0,1.0
476,Swish,Winter 2013,Winter,2013.0,2013-01-01,13.49760438056126,True,Inactive,0.0,0.0
477,PayTango,Winter 2013,Winter,2013.0,2013-01-01,13.49760438056126,True,Inactive,0.0,0.0
478,VaycayHero,Winter 2013,Winter,2013.0,2013-01-01,13.49760438056126,True,Acquired,1.0,1.0
479,BuildZoom,Winter 2013,Winter,2013.0,2013-01-01,13.49760438056126,True,Active,,1.0
480,Trainzen,Winter 2013,Winter,2013.0,2013-01-01,13.49760438056126,True,Inactive,0.0,0.0
481,Padlet,Winter 2013,Winter,2013.0,2013-01-01,13.49760438056126,True,Active,,1.0
482,Fivetran,Winter 2013,Winter,2013.0,2013-01-01,13.49760438056126,True,Active,,1.0
483,GrepData,Winter 2013,Winter,2013.0,2013-01-01,13.49760438056126,True,Acquired,1.0,1.0
484,Lawdingo,Winter 2013,Winter,2013.0,2013-01-01,13.49760438056126,True,Active,,1.0
485,Bitnami,Winter 2013,Winter,2013.0,2013-01-01,13.49760438056126,True,Acquired,1.0,1.0
486,Cheetah,Winter 2013,Winter,2013.0,2013-01-01,13.49760438056126,True,Active,,1.0
487,Medisas,Winter 2013,Winter,2013.0,2013-01-01,13.49760438056126,True,Inactive,0.0,0.0
488,Etleap,Winter 2013,Winter,2013.0,2013-01-01,13.49760438056126,True,Active,,1.0
489,RoverRide,Winter 2013,Winter,2013.0,2013-01-01,13.49760438056126,True,Inactive,0.0,0.0
490,InfluxData,Winter 2013,Winter,2013.0,2013-01-01,13.49760438056126,True,Active,,1.0
491,Strikingly,Winter 2013,Winter,2013.0,2013-01-01,13.49760438056126,True,Active,,1.0
492,Lollipuff,Winter 2013,Winter,2013.0,2013-01-01,13.49760438056126,True,Active,,1.0
493,RADAR,Winter 2013,Winter,2013.0,2013-01-01,13.49760438056126,True,Active,,1.0
494,Meldium,Winter 2013,Winter,2013.0,2013-01-01,13.49760438056126,True,Acquired,1.0,1.0
495,BeatDeck,Winter 2013,Winter,2013.0,2013-01-01,13.49760438056126,True,Inactive,0.0,0.0
496,Swapbox,Winter 2013,Winter,2013.0,2013-01-01,13.49760438056126,True,Inactive,0.0,0.0
497,Experiment,Winter 2013,Winter,2013.0,2013-01-01,13.49760438056126,True,Active,,1.0
498,Heap,Winter 2013,Winter,2013.0,2013-01-01,13.49760438056126,True,Acquired,1.0,1.0
499,MedXT,Winter 2013,Winter,2013.0,2013-01-01,13.49760438056126,True,Acquired,1.0,1.0
500,SimplyInsured,Winter 2013,Winter,2013.0,2013-01-01,13.49760438056126,True,Active,,1.0
501,FlightCar,Winter 2013,Winter,2013.0,2013-01-01,13.49760438056126,True,Inactive,0.0,0.0
502,CrowdMed,Winter 2013,Winter,2013.0,2013-01-01,13.49760438056126,True,Inactive,0.0,0.0
503,Wefunder,Winter 2013,Winter,2013.0,2013-01-01,13.49760438056126,True,Active,,1.0
504,Coin,Winter 2013,Winter,2013.0,2013-01-01,13.49760438056126,True,Acquired,1.0,1.0
505,Wevorce,Winter 2013,Winter,2013.0,2013-01-01,13.49760438056126,True,Active,,1.0
506,Kalibrr,Winter 2013,Winter,2013.0,2013-01-01,13.49760438056126,True,Acquired,1.0,1.0
507,Zenefits,Winter 2013,Winter,2013.0,2013-01-01,13.49760438056126,True,Acquired,1.0,1.0
508,Goldbelly,Winter 2013,Winter,2013.0,2013-01-01,13.49760438056126,True,Active,,1.0
509,Logiblock,Winter 2013,Winter,2013.0,2013-01-01,13.49760438056126,True,Inactive,0.0,0.0
511,Semantics3,Winter 2013,Winter,2013.0,2013-01-01,13.49760438056126,True,Acquired,1.0,1.0
512,Teespring,Winter 2013,Winter,2013.0,2013-01-01,13.49760438056126,True,Acquired,1.0,1.0
513,Airware,Winter 2013,Winter,2013.0,2013-01-01,13.49760438056126,True,Inactive,0.0,0.0
514,Posmetrics,Winter 2013,Winter,2013.0,2013-01-01,13.49760438056126,True,Inactive,0.0,0.0
515,Prophecy Sciences,Winter 2013,Winter,2013.0,2013-01-01,13.49760438056126,True,Inactive,0.0,0.0
516,Watsi,Winter 2013,Winter,2013.0,2013-01-01,13.49760438056126,True,Active,,1.0
517,7cups,Summer 2013,Summer,2013.0,2013-06-01,13.084188911704311,True,Active,,1.0
518,URX,Summer 2013,Summer,2013.0,2013-06-01,13.084188911704311,True,Acquired,1.0,1.0
519,Teleborder,Summer 2013,Summer,2013.0,2013-06-01,13.084188911704311,True,Inactive,0.0,0.0
520,FanHero,Summer 2013,Summer,2013.0,2013-06-01,13.084188911704311,True,Inactive,0.0,0.0
521,Apptimize,Summer 2013,Summer,2013.0,2013-06-01,13.084188911704311,True,Acquired,1.0,1.0
522,Asseta,Summer 2013,Summer,2013.0,2013-06-01,13.084188911704311,True,Active,,1.0
523,Standard Treasury,Summer 2013,Summer,2013.0,2013-06-01,13.084188911704311,True,Acquired,1.0,1.0
524,BloomThat,Summer 2013,Summer,2013.0,2013-06-01,13.084188911704311,True,Acquired,1.0,1.0
525,StackMachine,Summer 2013,Summer,2013.0,2013-06-01,13.084188911704311,True,Inactive,0.0,0.0
526,Hackermeter,Summer 2013,Summer,2013.0,2013-06-01,13.084188911704311,True,Acquired,1.0,1.0
527,Buttercoin,Summer 2013,Summer,2013.0,2013-06-01,13.084188911704311,True,Inactive,0.0,0.0
528,CoreOS,Summer 2013,Summer,2013.0,2013-06-01,13.084188911704311,True,Acquired,1.0,1.0
529,Crowdery,Summer 2013,Summer,2013.0,2013-06-01,13.084188911704311,True,Inactive,0.0,0.0
530,GoComm,Summer 2013,Summer,2013.0,2013-06-01,13.084188911704311,True,Inactive,0.0,0.0
531,DoorDash,Summer 2013,Summer,2013.0,2013-06-01,13.084188911704311,True,Public,1.0,1.0
532,EasyPost,Summer 2013,Summer,2013.0,2013-06-01,13.084188911704311,True,Active,,1.0
533,SimpleLegal,Summer 2013,Summer,2013.0,2013-06-01,13.084188911704311,True,Acquired,1.0,1.0
534,"Estimote, Inc.",Summer 2013,Summer,2013.0,2013-06-01,13.084188911704311,True,Active,,1.0
535,Floobits,Summer 2013,Summer,2013.0,2013-06-01,13.084188911704311,True,Inactive,0.0,0.0
536,Glio,Summer 2013,Summer,2013.0,2013-06-01,13.084188911704311,True,Inactive,0.0,0.0
537,Graft Concepts,Summer 2013,Summer,2013.0,2013-06-01,13.084188911704311,True,Inactive,0.0,0.0
538,Hum,Summer 2013,Summer,2013.0,2013-06-01,13.084188911704311,True,Inactive,0.0,0.0
540,Cratejoy,Summer 2013,Summer,2013.0,2013-06-01,13.084188911704311,True,Active,,1.0
541,SpoonRocket,Summer 2013,Summer,2013.0,2013-06-01,13.084188911704311,True,Acquired,1.0,1.0
542,Casetext,Summer 2013,Summer,2013.0,2013-06-01,13.084188911704311,True,Acquired,1.0,1.0
543,Layer By Layer,Summer 2013,Summer,2013.0,2013-06-01,13.084188911704311,True,Acquired,1.0,1.0
544,Le Tote,Summer 2013,Summer,2013.0,2013-06-01,13.084188911704311,True,Inactive,0.0,0.0
545,LocalOn,Summer 2013,Summer,2013.0,2013-06-01,13.084188911704311,True,Inactive,0.0,0.0
546,Senic,Summer 2013,Summer,2013.0,2013-06-01,13.084188911704311,True,Acquired,1.0,1.0
547,Meta,Summer 2013,Summer,2013.0,2013-06-01,13.084188911704311,True,Inactive,0.0,0.0
548,One Month,Summer 2013,Summer,2013.0,2013-06-01,13.084188911704311,True,Inactive,0.0,0.0
549,Panorama Education,Summer 2013,Summer,2013.0,2013-06-01,13.084188911704311,True,Active,,1.0
550,Watchsend,Summer 2013,Summer,2013.0,2013-06-01,13.084188911704311,True,Inactive,0.0,0.0
552,Lob,Summer 2013,Summer,2013.0,2013-06-01,13.084188911704311,True,Active,,1.0
553,Amulyte,Summer 2013,Summer,2013.0,2013-06-01,13.084188911704311,True,Inactive,0.0,0.0
554,RealCrowd,Summer 2013,Summer,2013.0,2013-06-01,13.084188911704311,True,Acquired,1.0,1.0
555,Reebee,Summer 2013,Summer,2013.0,2013-06-01,13.084188911704311,True,Active,,1.0
556,Arcus,Summer 2013,Summer,2013.0,2013-06-01,13.084188911704311,True,Acquired,1.0,1.0
557,Audobox,Summer 2013,Summer,2013.0,2013-06-01,13.084188911704311,True,Inactive,0.0,0.0
558,Bop.fm,Summer 2013,Summer,2013.0,2013-06-01,13.084188911704311,True,Acquired,1.0,1.0
559,Butter Systems,Summer 2013,Summer,2013.0,2013-06-01,13.084188911704311,True,Inactive,0.0,0.0
560,StatusPage,Summer 2013,Summer,2013.0,2013-06-01,13.084188911704311,True,Acquired,1.0,1.0
561,Lumoid,Summer 2013,Summer,2013.0,2013-06-01,13.084188911704311,True,Acquired,1.0,1.0
562,SoundFocus,Summer 2013,Summer,2013.0,2013-06-01,13.084188911704311,True,Inactive,0.0,0.0
563,True Link,Summer 2013,Summer,2013.0,2013-06-01,13.084188911704311,True,Active,,1.0
564,Datarank,Summer 2013,Summer,2013.0,2013-06-01,13.084188911704311,True,Acquired,1.0,1.0
565,Kivo,Summer 2013,Summer,2013.0,2013-06-01,13.084188911704311,True,Inactive,0.0,0.0
566,Webflow,Summer 2013,Summer,2013.0,2013-06-01,13.084188911704311,True,Active,,1.0
567,Weilos,Summer 2013,Summer,2013.0,2013-06-01,13.084188911704311,True,Acquired,1.0,1.0
568,WebCake,Summer 2013,Summer,2013.0,2013-06-01,13.084188911704311,True,Inactive,0.0,0.0
569,Ixiplay,Summer 2013,Summer,2013.0,2013-06-01,13.084188911704311,True,Inactive,0.0,0.0
570,Echo Locker,Summer 2013,Summer,2013.0,2013-06-01,13.084188911704311,True,Acquired,1.0,1.0
571,42,Winter 2014,Winter,2014.0,2014-01-01,12.498288843258042,True,Active,,1.0
572,Abacus,Winter 2014,Winter,2014.0,2014-01-01,12.498288843258042,True,Acquired,1.0,1.0
573,Boostable,Winter 2014,Winter,2014.0,2014-01-01,12.498288843258042,True,Acquired,1.0,1.0
574,AirHelp,Winter 2014,Winter,2014.0,2014-01-01,12.498288843258042,True,Active,,1.0
575,Two Tap,Winter 2014,Winter,2014.0,2014-01-01,12.498288843258042,True,Acquired,1.0,1.0
576,Ambition,Winter 2014,Winter,2014.0,2014-01-01,12.498288843258042,True,Active,,1.0
577,CareMessage,Winter 2014,Winter,2014.0,2014-01-01,12.498288843258042,True,Active,,1.0
578,AptDeco,Winter 2014,Winter,2014.0,2014-01-01,12.498288843258042,True,Active,,1.0
579,Awesometalk,Winter 2014,Winter,2014.0,2014-01-01,12.498288843258042,True,Inactive,0.0,0.0
580,Bellabeat,Winter 2014,Winter,2014.0,2014-01-01,12.498288843258042,True,Active,,1.0
581,Chargehound,Winter 2014,Winter,2014.0,2014-01-01,12.498288843258042,True,Acquired,1.0,1.0
583,Cambly,Winter 2014,Winter,2014.0,2014-01-01,12.498288843258042,True,Active,,1.0
584,Futureleague,Winter 2014,Winter,2014.0,2014-01-01,12.498288843258042,True,Inactive,0.0,0.0
585,Noora Health,Winter 2014,Winter,2014.0,2014-01-01,12.498288843258042,True,Active,,1.0
587,CodeCombat,Winter 2014,Winter,2014.0,2014-01-01,12.498288843258042,True,Active,,1.0
588,CodeNow,Winter 2014,Winter,2014.0,2014-01-01,12.498288843258042,True,Active,,1.0
589,Threadable,Winter 2014,Winter,2014.0,2014-01-01,12.498288843258042,True,Inactive,0.0,0.0
590,Cruise,Winter 2014,Winter,2014.0,2014-01-01,12.498288843258042,True,Acquired,1.0,1.0
591,Dating Ring,Winter 2014,Winter,2014.0,2014-01-01,12.498288843258042,True,Inactive,0.0,0.0
592,Yumbin,Winter 2014,Winter,2014.0,2014-01-01,12.498288843258042,True,Inactive,0.0,0.0
593,Drive Pulse,Winter 2014,Winter,2014.0,2014-01-01,12.498288843258042,True,Inactive,0.0,0.0
594,Eventjoy,Winter 2014,Winter,2014.0,2014-01-01,12.498288843258042,True,Acquired,1.0,1.0
595,Flexport,Winter 2014,Winter,2014.0,2014-01-01,12.498288843258042,True,Active,,1.0
597,Axoni,Winter 2014,Winter,2014.0,2014-01-01,12.498288843258042,True,Acquired,1.0,1.0
598,Kimono Labs,Winter 2014,Winter,2014.0,2014-01-01,12.498288843258042,True,Acquired,1.0,1.0
599,Kuna Systems,Winter 2014,Winter,2014.0,2014-01-01,12.498288843258042,True,Acquired,1.0,1.0
600,DevCycle,Winter 2014,Winter,2014.0,2014-01-01,12.498288843258042,True,Acquired,1.0,1.0
601,MadeSolid,Winter 2014,Winter,2014.0,2014-01-01,12.498288843258042,True,Inactive,0.0,0.0
602,Emailio,Winter 2014,Winter,2014.0,2014-01-01,12.498288843258042,True,Active,,1.0
603,MBX,Winter 2014,Winter,2014.0,2014-01-01,12.498288843258042,True,Active,,1.0
604,Motionlead,Winter 2014,Winter,2014.0,2014-01-01,12.498288843258042,True,Acquired,1.0,1.0
605,Move Loot,Winter 2014,Winter,2014.0,2014-01-01,12.498288843258042,True,Inactive,0.0,0.0
606,Next Caller,Winter 2014,Winter,2014.0,2014-01-01,12.498288843258042,True,Acquired,1.0,1.0
607,HoverChat,Winter 2014,Winter,2014.0,2014-01-01,12.498288843258042,True,Inactive,0.0,0.0
608,One Degree,Winter 2014,Winter,2014.0,2014-01-01,12.498288843258042,True,Active,,1.0
610,StackLead,Winter 2014,Winter,2014.0,2014-01-01,12.498288843258042,True,Acquired,1.0,1.0
611,Theorem,Winter 2014,Winter,2014.0,2014-01-01,12.498288843258042,True,Acquired,1.0,1.0
612,Liftigniter,Winter 2014,Winter,2014.0,2014-01-01,12.498288843258042,True,Acquired,1.0,1.0
613,PiinPoint,Winter 2014,Winter,2014.0,2014-01-01,12.498288843258042,True,Active,,1.0
614,PipelineDB,Winter 2014,Winter,2014.0,2014-01-01,12.498288843258042,True,Acquired,1.0,1.0
615,Povio,Winter 2014,Winter,2014.0,2014-01-01,12.498288843258042,True,Active,,1.0
616,Pushbullet,Winter 2014,Winter,2014.0,2014-01-01,12.498288843258042,True,Active,,1.0
617,Rickshaw,Winter 2014,Winter,2014.0,2014-01-01,12.498288843258042,True,Acquired,1.0,1.0
618,Rocketrip,Winter 2014,Winter,2014.0,2014-01-01,12.498288843258042,True,Acquired,1.0,1.0
619,Shoobs,Winter 2014,Winter,2014.0,2014-01-01,12.498288843258042,True,Active,,1.0
620,SketchDeck,Winter 2014,Winter,2014.0,2014-01-01,12.498288843258042,True,Acquired,1.0,1.0
621,MerryMint,Winter 2014,Winter,2014.0,2014-01-01,12.498288843258042,True,Inactive,0.0,0.0
622,Snapdocs,Winter 2014,Winter,2014.0,2014-01-01,12.498288843258042,True,Active,,1.0
623,Shopagram,Winter 2014,Winter,2014.0,2014-01-01,12.498288843258042,True,Inactive,0.0,0.0
624,Edyn,Winter 2014,Winter,2014.0,2014-01-01,12.498288843258042,True,Inactive,0.0,0.0
625,Style Lend,Winter 2014,Winter,2014.0,2014-01-01,12.498288843258042,True,Inactive,0.0,0.0
626,Guesty,Winter 2014,Winter,2014.0,2014-01-01,12.498288843258042,True,Active,,1.0
627,Terravion,Winter 2014,Winter,2014.0,2014-01-01,12.498288843258042,True,Inactive,0.0,0.0
628,TrueVault,Winter 2014,Winter,2014.0,2014-01-01,12.498288843258042,True,Active,,1.0
629,Unicornly,Winter 2014,Winter,2014.0,2014-01-01,12.498288843258042,True,Inactive,0.0,0.0
630,Weave,Winter 2014,Winter,2014.0,2014-01-01,12.498288843258042,True,Public,1.0,1.0
631,Wit.ai,Winter 2014,Winter,2014.0,2014-01-01,12.498288843258042,True,Acquired,1.0,1.0
632,Zesty,Winter 2014,Winter,2014.0,2014-01-01,12.498288843258042,True,Acquired,1.0,1.0
633,Zidisha,Winter 2014,Winter,2014.0,2014-01-01,12.498288843258042,True,Active,,1.0
634,Zinc,Winter 2014,Winter,2014.0,2014-01-01,12.498288843258042,True,Active,,1.0
635,ZowPow,Winter 2014,Winter,2014.0,2014-01-01,12.498288843258042,True,Inactive,0.0,0.0
636,Algolia,Winter 2014,Winter,2014.0,2014-01-01,12.498288843258042,True,Active,,1.0
637,Gobble,Winter 2014,Winter,2014.0,2014-01-01,12.498288843258042,True,Acquired,1.0,1.0
638,AirPair,Winter 2014,Winter,2014.0,2014-01-01,12.498288843258042,True,Inactive,0.0,0.0
639,GBatteries,Winter 2014,Winter,2014.0,2014-01-01,12.498288843258042,True,Active,,1.0
640,Unbabel,Winter 2014,Winter,2014.0,2014-01-01,12.498288843258042,True,Acquired,1.0,1.0
641,MixerBox,Winter 2014,Winter,2014.0,2014-01-01,12.498288843258042,True,Active,,1.0
642,OpenCurriculum,Winter 2014,Winter,2014.0,2014-01-01,12.498288843258042,True,Active,,1.0
643,Dyspatch,Winter 2014,Winter,2014.0,2014-01-01,12.498288843258042,True,Active,,1.0
644,Whirlscape,Winter 2014,Winter,2014.0,2014-01-01,12.498288843258042,True,Inactive,0.0,0.0
645,Avametric,Winter 2014,Winter,2014.0,2014-01-01,12.498288843258042,True,Acquired,1.0,1.0
646,Framed Data,Winter 2014,Winter,2014.0,2014-01-01,12.498288843258042,True,Acquired,1.0,1.0
647,Immunity Project,Winter 2014,Winter,2014.0,2014-01-01,12.498288843258042,True,Active,,1.0
648,Vidpresso,Winter 2014,Winter,2014.0,2014-01-01,12.498288843258042,True,Acquired,1.0,1.0
651,Aptible,Summer 2014,Summer,2014.0,2014-06-01,12.084873374401095,True,Acquired,1.0,1.0
652,Zip Phone,Summer 2014,Summer,2014.0,2014-06-01,12.084873374401095,True,Acquired,1.0,1.0
653,Backpack,Summer 2014,Summer,2014.0,2014-06-01,12.084873374401095,True,Active,,1.0
654,Bannerman,Summer 2014,Summer,2014.0,2014-06-01,12.084873374401095,True,Inactive,0.0,0.0
655,Parenthoods,Summer 2014,Summer,2014.0,2014-06-01,12.084873374401095,True,Acquired,1.0,1.0
656,SpringWit,Summer 2014,Summer,2014.0,2014-06-01,12.084873374401095,True,Inactive,0.0,0.0
657,Bikanta,Summer 2014,Summer,2014.0,2014-06-01,12.084873374401095,True,Inactive,0.0,0.0
658,Billforward,Summer 2014,Summer,2014.0,2014-06-01,12.084873374401095,True,Inactive,0.0,0.0
659,Bitaccess,Summer 2014,Summer,2014.0,2014-06-01,12.084873374401095,True,Acquired,1.0,1.0
661,Carlypso,Summer 2014,Summer,2014.0,2014-06-01,12.084873374401095,True,Acquired,1.0,1.0
662,Checkr,Summer 2014,Summer,2014.0,2014-06-01,12.084873374401095,True,Active,,1.0
663,Clara Labs,Summer 2014,Summer,2014.0,2014-06-01,12.084873374401095,True,Acquired,1.0,1.0
664,Clear,Summer 2014,Summer,2014.0,2014-06-01,12.084873374401095,True,Active,,1.0
665,Craft Coffee,Summer 2014,Summer,2014.0,2014-06-01,12.084873374401095,True,Acquired,1.0,1.0
666,PersistIQ,Summer 2014,Summer,2014.0,2014-06-01,12.084873374401095,True,Acquired,1.0,1.0
667,Doblet,Summer 2014,Summer,2014.0,2014-06-01,12.084873374401095,True,Inactive,0.0,0.0
668,Owners Circle,Summer 2014,Summer,2014.0,2014-06-01,12.084873374401095,True,Inactive,0.0,0.0
669,Fixed,Summer 2014,Summer,2014.0,2014-06-01,12.084873374401095,True,Inactive,0.0,0.0
670,Flaviar,Summer 2014,Summer,2014.0,2014-06-01,12.084873374401095,True,Active,,1.0
672,Flytenow,Summer 2014,Summer,2014.0,2014-06-01,12.084873374401095,True,Inactive,0.0,0.0
673,Hyperpad,Summer 2014,Summer,2014.0,2014-06-01,12.084873374401095,True,Active,,1.0
674,TAXA Biotechnologies,Summer 2014,Summer,2014.0,2014-06-01,12.084873374401095,True,Inactive,0.0,0.0
675,GovPredict,Summer 2014,Summer,2014.0,2014-06-01,12.084873374401095,True,Acquired,1.0,1.0
676,Blockspring,Summer 2014,Summer,2014.0,2014-06-01,12.084873374401095,True,Acquired,1.0,1.0
677,Greentoe,Summer 2014,Summer,2014.0,2014-06-01,12.084873374401095,True,Active,,1.0
678,Hublo,Summer 2014,Summer,2014.0,2014-06-01,12.084873374401095,True,Acquired,1.0,1.0
679,VizeraLabs,Summer 2014,Summer,2014.0,2014-06-01,12.084873374401095,True,Inactive,0.0,0.0
680,Impraise,Summer 2014,Summer,2014.0,2014-06-01,12.084873374401095,True,Acquired,1.0,1.0
681,Protocol Labs,Summer 2014,Summer,2014.0,2014-06-01,12.084873374401095,True,Active,,1.0
682,Kash,Summer 2014,Summer,2014.0,2014-06-01,12.084873374401095,True,Acquired,1.0,1.0
684,Lawn Love,Summer 2014,Summer,2014.0,2014-06-01,12.084873374401095,True,Acquired,1.0,1.0
685,ListRunner,Summer 2014,Summer,2014.0,2014-06-01,12.084873374401095,True,Acquired,1.0,1.0
686,Replenish,Summer 2014,Summer,2014.0,2014-06-01,12.084873374401095,True,Acquired,1.0,1.0
687,MetricWire,Summer 2014,Summer,2014.0,2014-06-01,12.084873374401095,True,Active,,1.0
688,MTailor,Summer 2014,Summer,2014.0,2014-06-01,12.084873374401095,True,Active,,1.0
689,Naytev,Summer 2014,Summer,2014.0,2014-06-01,12.084873374401095,True,Inactive,0.0,0.0
690,Neptune.io,Summer 2014,Summer,2014.0,2014-06-01,12.084873374401095,True,Inactive,0.0,0.0
691,Alchemy,Summer 2014,Summer,2014.0,2014-06-01,12.084873374401095,True,Active,,1.0
692,Nightingale,Summer 2014,Summer,2014.0,2014-06-01,12.084873374401095,True,Inactive,0.0,0.0
694,Permutive,Summer 2014,Summer,2014.0,2014-06-01,12.084873374401095,True,Active,,1.0
695,PicnicAI,Summer 2014,Summer,2014.0,2014-06-01,12.084873374401095,True,Active,,1.0
696,In Your Corner,Summer 2014,Summer,2014.0,2014-06-01,12.084873374401095,True,Inactive,0.0,0.0
697,Product Hunt,Summer 2014,Summer,2014.0,2014-06-01,12.084873374401095,True,Acquired,1.0,1.0
698,Cheddar,Summer 2014,Summer,2014.0,2014-06-01,12.084873374401095,True,Inactive,0.0,0.0
700,Rigetti Computing,Summer 2014,Summer,2014.0,2014-06-01,12.084873374401095,True,Public,1.0,1.0
701,Roost,Summer 2014,Summer,2014.0,2014-06-01,12.084873374401095,True,Inactive,0.0,0.0
702,SFOX,Summer 2014,Summer,2014.0,2014-06-01,12.084873374401095,True,Active,,1.0
703,UserGems,Summer 2014,Summer,2014.0,2014-06-01,12.084873374401095,True,Active,,1.0
704,Apto Payments,Summer 2014,Summer,2014.0,2014-06-01,12.084873374401095,True,Acquired,1.0,1.0
705,ShipBob,Summer 2014,Summer,2014.0,2014-06-01,12.084873374401095,True,Active,,1.0
706,Shout,Summer 2014,Summer,2014.0,2014-06-01,12.084873374401095,True,Inactive,0.0,0.0
707,SalesSift,Summer 2014,Summer,2014.0,2014-06-01,12.084873374401095,True,Inactive,0.0,0.0
709,SpotAngels,Summer 2014,Summer,2014.0,2014-06-01,12.084873374401095,True,Active,,1.0
710,HauteDay,Summer 2014,Summer,2014.0,2014-06-01,12.084873374401095,True,Inactive,0.0,0.0
711,Tenjin,Summer 2014,Summer,2014.0,2014-06-01,12.084873374401095,True,Acquired,1.0,1.0
712,Paid,Summer 2014,Summer,2014.0,2014-06-01,12.084873374401095,True,Inactive,0.0,0.0
713,Think Gaming,Summer 2014,Summer,2014.0,2014-06-01,12.084873374401095,True,Inactive,0.0,0.0
714,Hive,Summer 2014,Summer,2014.0,2014-06-01,12.084873374401095,True,Active,,1.0
715,Payable,Summer 2014,Summer,2014.0,2014-06-01,12.084873374401095,True,Acquired,1.0,1.0
716,Tinker,Summer 2014,Summer,2014.0,2014-06-01,12.084873374401095,True,Inactive,0.0,0.0
717,Tule,Summer 2014,Summer,2014.0,2014-06-01,12.084873374401095,True,Acquired,1.0,1.0
719,Roomstorm,Summer 2014,Summer,2014.0,2014-06-01,12.084873374401095,True,Active,,1.0
720,Weave,Summer 2014,Summer,2014.0,2014-06-01,12.084873374401095,True,Inactive,0.0,0.0
721,Whirl,Summer 2014,Summer,2014.0,2014-06-01,12.084873374401095,True,Inactive,0.0,0.0
722,Women.com,Summer 2014,Summer,2014.0,2014-06-01,12.084873374401095,True,Acquired,1.0,1.0
725,Zoomer,Summer 2014,Summer,2014.0,2014-06-01,12.084873374401095,True,Inactive,0.0,0.0
726,Beep,Summer 2014,Summer,2014.0,2014-06-01,12.084873374401095,True,Inactive,0.0,0.0
727,Front,Summer 2014,Summer,2014.0,2014-06-01,12.084873374401095,True,Active,,1.0
728,Cognito,Summer 2014,Summer,2014.0,2014-06-01,12.084873374401095,True,Acquired,1.0,1.0
729,Ginkgo Bioworks,Summer 2014,Summer,2014.0,2014-06-01,12.084873374401095,True,Public,1.0,1.0
730,Helion Energy,Summer 2014,Summer,2014.0,2014-06-01,12.084873374401095,True,Active,,1.0
731,Oklo,Summer 2014,Summer,2014.0,2014-06-01,12.084873374401095,True,Public,1.0,1.0
732,Bayes Impact,Summer 2014,Summer,2014.0,2014-06-01,12.084873374401095,True,Active,,1.0
733,Zenamins,Summer 2014,Summer,2014.0,2014-06-01,12.084873374401095,True,Inactive,0.0,0.0
734,One Codex,Summer 2014,Summer,2014.0,2014-06-01,12.084873374401095,True,Acquired,1.0,1.0
735,Ravti,Summer 2014,Summer,2014.0,2014-06-01,12.084873374401095,True,Acquired,1.0,1.0
736,Sliced Investing,Summer 2014,Summer,2014.0,2014-06-01,12.084873374401095,True,Acquired,1.0,1.0
738,Unwind Me,Summer 2014,Summer,2014.0,2014-06-01,12.084873374401095,True,Acquired,1.0,1.0
739,Notable Labs,Winter 2015,Winter,2015.0,2015-01-01,11.498973305954825,True,Public,1.0,1.0
740,Qventus,Winter 2015,Winter,2015.0,2015-01-01,11.498973305954825,True,Active,,1.0
742,3dot,Winter 2015,Winter,2015.0,2015-01-01,11.498973305954825,True,Inactive,0.0,0.0
743,Final,Winter 2015,Winter,2015.0,2015-01-01,11.498973305954825,True,Acquired,1.0,1.0
744,Pomello,Winter 2015,Winter,2015.0,2015-01-01,11.498973305954825,True,Acquired,1.0,1.0
746,Tech in Asia,Winter 2015,Winter,2015.0,2015-01-01,11.498973305954825,True,Acquired,1.0,1.0
747,20n,Winter 2015,Winter,2015.0,2015-01-01,11.498973305954825,True,Inactive,0.0,0.0
748,Akido Labs,Winter 2015,Winter,2015.0,2015-01-01,11.498973305954825,True,Active,,1.0
749,Mezmo,Winter 2015,Winter,2015.0,2015-01-01,11.498973305954825,True,Active,,1.0
750,Smyte,Winter 2015,Winter,2015.0,2015-01-01,11.498973305954825,True,Acquired,1.0,1.0
751,Magic,Winter 2015,Winter,2015.0,2015-01-01,11.498973305954825,True,Active,,1.0
752,Bizzy,Winter 2015,Winter,2015.0,2015-01-01,11.498973305954825,True,Acquired,1.0,1.0
753,Bluesmart,Winter 2015,Winter,2015.0,2015-01-01,11.498973305954825,True,Acquired,1.0,1.0
754,Booktrope,Winter 2015,Winter,2015.0,2015-01-01,11.498973305954825,True,Inactive,0.0,0.0
755,Bright,Winter 2015,Winter,2015.0,2015-01-01,11.498973305954825,True,Active,,1.0
756,Numerion Labs,Winter 2015,Winter,2015.0,2015-01-01,11.498973305954825,True,Active,,1.0
758,Cribspot,Winter 2015,Winter,2015.0,2015-01-01,11.498973305954825,True,Inactive,0.0,0.0
759,CyberFend,Winter 2015,Winter,2015.0,2015-01-01,11.498973305954825,True,Acquired,1.0,1.0
760,Democracy Earth,Winter 2015,Winter,2015.0,2015-01-01,11.498973305954825,True,Active,,1.0
761,The Human Utility,Winter 2015,Winter,2015.0,2015-01-01,11.498973305954825,True,Active,,1.0
762,Zeitview,Winter 2015,Winter,2015.0,2015-01-01,11.498973305954825,True,Active,,1.0
763,Bankjoy,Winter 2015,Winter,2015.0,2015-01-01,11.498973305954825,True,Active,,1.0
764,GiveMeTap,Winter 2015,Winter,2015.0,2015-01-01,11.498973305954825,True,Active,,1.0
765,SparkGift,Winter 2015,Winter,2015.0,2015-01-01,11.498973305954825,True,Inactive,0.0,0.0
766,GroupAhead,Winter 2015,Winter,2015.0,2015-01-01,11.498973305954825,True,Inactive,0.0,0.0
767,GrubMarket,Winter 2015,Winter,2015.0,2015-01-01,11.498973305954825,True,Active,,1.0
768,WorkLife,Winter 2015,Winter,2015.0,2015-01-01,11.498973305954825,True,Acquired,1.0,1.0
769,HigherMe,Winter 2015,Winter,2015.0,2015-01-01,11.498973305954825,True,Acquired,1.0,1.0
770,Instavest,Winter 2015,Winter,2015.0,2015-01-01,11.498973305954825,True,Inactive,0.0,0.0
772,Kickpay,Winter 2015,Winter,2015.0,2015-01-01,11.498973305954825,True,Inactive,0.0,0.0
773,Labdoor,Winter 2015,Winter,2015.0,2015-01-01,11.498973305954825,True,Active,,1.0
774,Platzi,Winter 2015,Winter,2015.0,2015-01-01,11.498973305954825,True,Active,,1.0
775,Omniref,Winter 2015,Winter,2015.0,2015-01-01,11.498973305954825,True,Inactive,0.0,0.0
777,Open Listings,Winter 2015,Winter,2015.0,2015-01-01,11.498973305954825,True,Acquired,1.0,1.0
778,Pachyderm,Winter 2015,Winter,2015.0,2015-01-01,11.498973305954825,True,Acquired,1.0,1.0
779,Pakible,Winter 2015,Winter,2015.0,2015-01-01,11.498973305954825,True,Inactive,0.0,0.0
780,Paperspace,Winter 2015,Winter,2015.0,2015-01-01,11.498973305954825,True,Acquired,1.0,1.0
781,BuildScience,Winter 2015,Winter,2015.0,2015-01-01,11.498973305954825,True,Active,,1.0
782,ReadMe,Winter 2015,Winter,2015.0,2015-01-01,11.498973305954825,True,Active,,1.0
783,ReSchedule Med,Winter 2015,Winter,2015.0,2015-01-01,11.498973305954825,True,Inactive,0.0,0.0
784,Shift Messenger,Winter 2015,Winter,2015.0,2015-01-01,11.498973305954825,True,Inactive,0.0,0.0
785,Shift Labs,Winter 2015,Winter,2015.0,2015-01-01,11.498973305954825,True,Acquired,1.0,1.0
786,Sails Co.,Winter 2015,Winter,2015.0,2015-01-01,11.498973305954825,True,Active,,1.0
787,SIRUM,Winter 2015,Winter,2015.0,2015-01-01,11.498973305954825,True,Active,,1.0
788,Smarking,Winter 2015,Winter,2015.0,2015-01-01,11.498973305954825,True,Acquired,1.0,1.0
789,Tempo,Winter 2015,Winter,2015.0,2015-01-01,11.498973305954825,True,Active,,1.0
790,TeamNote,Winter 2015,Winter,2015.0,2015-01-01,11.498973305954825,True,Active,,1.0
791,Makrwatch,Winter 2015,Winter,2015.0,2015-01-01,11.498973305954825,True,Active,,1.0
792,Mobydish,Winter 2015,Winter,2015.0,2015-01-01,11.498973305954825,True,Acquired,1.0,1.0
793,Remix,Winter 2015,Winter,2015.0,2015-01-01,11.498973305954825,True,Acquired,1.0,1.0
794,Rare Door,Winter 2015,Winter,2015.0,2015-01-01,11.498973305954825,True,Inactive,0.0,0.0
795,Underground Cellar,Winter 2015,Winter,2015.0,2015-01-01,11.498973305954825,True,Inactive,0.0,0.0
796,Vest,Winter 2015,Winter,2015.0,2015-01-01,11.498973305954825,True,Acquired,1.0,1.0
797,Resolve,Winter 2015,Winter,2015.0,2015-01-01,11.498973305954825,True,Active,,1.0
798,YesGraph,Winter 2015,Winter,2015.0,2015-01-01,11.498973305954825,True,Acquired,1.0,1.0
799,Yhat,Winter 2015,Winter,2015.0,2015-01-01,11.498973305954825,True,Acquired,1.0,1.0
800,Bonfire,Winter 2015,Winter,2015.0,2015-01-01,11.498973305954825,True,Acquired,1.0,1.0
801,WayUp,Winter 2015,Winter,2015.0,2015-01-01,11.498973305954825,True,Acquired,1.0,1.0
802,Cleanly,Winter 2015,Winter,2015.0,2015-01-01,11.498973305954825,True,Active,,1.0
804,Dealyze,Winter 2015,Winter,2015.0,2015-01-01,11.498973305954825,True,Inactive,0.0,0.0
805,Lucira Health,Winter 2015,Winter,2015.0,2015-01-01,11.498973305954825,True,Public,1.0,1.0
807,Quantierra,Winter 2015,Winter,2015.0,2015-01-01,11.498973305954825,True,Active,,1.0
808,eBrandvalue,Winter 2015,Winter,2015.0,2015-01-01,11.498973305954825,True,Active,,1.0
809,EquipmentShare,Winter 2015,Winter,2015.0,2015-01-01,11.498973305954825,True,Public,1.0,1.0
810,GitLab,Winter 2015,Winter,2015.0,2015-01-01,11.498973305954825,True,Public,1.0,1.0
811,Giveffect,Winter 2015,Winter,2015.0,2015-01-01,11.498973305954825,True,Active,,1.0
812,Glassjar,Winter 2015,Winter,2015.0,2015-01-01,11.498973305954825,True,Inactive,0.0,0.0
813,Industrial Microbes,Winter 2015,Winter,2015.0,2015-01-01,11.498973305954825,True,Active,,1.0
814,NexTravel,Winter 2015,Winter,2015.0,2015-01-01,11.498973305954825,True,Acquired,1.0,1.0
815,Level Frames,Winter 2015,Winter,2015.0,2015-01-01,11.498973305954825,True,Active,,1.0
817,Meadow,Winter 2015,Winter,2015.0,2015-01-01,11.498973305954825,True,Active,,1.0
818,Moltin,Winter 2015,Winter,2015.0,2015-01-01,11.498973305954825,True,Acquired,1.0,1.0
819,Nextop,Winter 2015,Winter,2015.0,2015-01-01,11.498973305954825,True,Inactive,0.0,0.0
820,Outbound,Winter 2015,Winter,2015.0,2015-01-01,11.498973305954825,True,Acquired,1.0,1.0
822,Dabble,Winter 2015,Winter,2015.0,2015-01-01,11.498973305954825,True,Inactive,0.0,0.0
823,Pigeonly,Winter 2015,Winter,2015.0,2015-01-01,11.498973305954825,True,Inactive,0.0,0.0
824,Popular Pays,Winter 2015,Winter,2015.0,2015-01-01,11.498973305954825,True,Acquired,1.0,1.0
825,Pretty Instant,Winter 2015,Winter,2015.0,2015-01-01,11.498973305954825,True,Acquired,1.0,1.0
826,Priime,Winter 2015,Winter,2015.0,2015-01-01,11.498973305954825,True,Inactive,0.0,0.0
827,Razorpay,Winter 2015,Winter,2015.0,2015-01-01,11.498973305954825,True,Active,,1.0
828,Rescue Forensics,Winter 2015,Winter,2015.0,2015-01-01,11.498973305954825,True,Inactive,0.0,0.0
829,Seed,Winter 2015,Winter,2015.0,2015-01-01,11.498973305954825,True,Acquired,1.0,1.0
830,SigOpt,Winter 2015,Winter,2015.0,2015-01-01,11.498973305954825,True,Acquired,1.0,1.0
831,Spoil,Winter 2015,Winter,2015.0,2015-01-01,11.498973305954825,True,Inactive,0.0,0.0
832,Standard Cyborg,Winter 2015,Winter,2015.0,2015-01-01,11.498973305954825,True,Inactive,0.0,0.0
833,Tab,Winter 2015,Winter,2015.0,2015-01-01,11.498973305954825,True,Active,,1.0
834,Zenflow,Winter 2015,Winter,2015.0,2015-01-01,11.498973305954825,True,Active,,1.0
835,Transcriptic,Winter 2015,Winter,2015.0,2015-01-01,11.498973305954825,True,Inactive,0.0,0.0
836,Valor Water Analytics,Winter 2015,Winter,2015.0,2015-01-01,11.498973305954825,True,Acquired,1.0,1.0
837,Vanhawks,Winter 2015,Winter,2015.0,2015-01-01,11.498973305954825,True,Acquired,1.0,1.0
838,VetPronto,Winter 2015,Winter,2015.0,2015-01-01,11.498973305954825,True,Inactive,0.0,0.0
839,Wink Health,Winter 2015,Winter,2015.0,2015-01-01,11.498973305954825,True,Inactive,0.0,0.0
840,X-Zell,Winter 2015,Winter,2015.0,2015-01-01,11.498973305954825,True,Active,,1.0
842,Raven Tech,Winter 2015,Winter,2015.0,2015-01-01,11.498973305954825,True,Acquired,1.0,1.0
843,Bagaveev Corporation,Winter 2015,Winter,2015.0,2015-01-01,11.498973305954825,True,Inactive,0.0,0.0
845,Lully,Winter 2015,Winter,2015.0,2015-01-01,11.498973305954825,True,Inactive,0.0,0.0
846,Chariot,Winter 2015,Winter,2015.0,2015-01-01,11.498973305954825,True,Acquired,1.0,1.0
847,Flip,Winter 2015,Winter,2015.0,2015-01-01,11.498973305954825,True,Active,,1.0
848,Tara AI,Winter 2015,Winter,2015.0,2015-01-01,11.498973305954825,True,Active,,1.0
849,Replika,Winter 2015,Winter,2015.0,2015-01-01,11.498973305954825,True,Active,,1.0
850,Automate Ads,Winter 2015,Winter,2015.0,2015-01-01,11.498973305954825,True,Inactive,0.0,0.0
851,NimbleRx,Winter 2015,Winter,2015.0,2015-01-01,11.498973305954825,True,Active,,1.0
852,Nomiku,Winter 2015,Winter,2015.0,2015-01-01,11.498973305954825,True,Inactive,0.0,0.0
853,Spire Health,Winter 2015,Winter,2015.0,2015-01-01,11.498973305954825,True,Acquired,1.0,1.0
854,ThinAir,Winter 2015,Winter,2015.0,2015-01-01,11.498973305954825,True,Inactive,0.0,0.0
855,Lumi,Winter 2015,Winter,2015.0,2015-01-01,11.498973305954825,True,Acquired,1.0,1.0
856,Mashgin,Winter 2015,Winter,2015.0,2015-01-01,11.498973305954825,True,Active,,1.0
857,Shasqi,Winter 2015,Winter,2015.0,2015-01-01,11.498973305954825,True,Active,,1.0
860,Triplebyte,Summer 2015,Summer,2015.0,2015-06-01,11.085557837097879,True,Acquired,1.0,1.0
861,Lugg,Summer 2015,Summer,2015.0,2015-06-01,11.085557837097879,True,Active,,1.0
862,Teleport,Summer 2015,Summer,2015.0,2015-06-01,11.085557837097879,True,Active,,1.0
863,Serica,Summer 2015,Summer,2015.0,2015-06-01,11.085557837097879,True,Inactive,0.0,0.0
864,teaBOT,Summer 2015,Summer,2015.0,2015-06-01,11.085557837097879,True,Active,,1.0
865,Leaders In Tech,Summer 2015,Summer,2015.0,2015-06-01,11.085557837097879,True,Active,,1.0
866,Ironclad,Summer 2015,Summer,2015.0,2015-06-01,11.085557837097879,True,Active,,1.0
867,Jopwell,Summer 2015,Summer,2015.0,2015-06-01,11.085557837097879,True,Acquired,1.0,1.0
868,L.,Summer 2015,Summer,2015.0,2015-06-01,11.085557837097879,True,Acquired,1.0,1.0
869,New Story,Summer 2015,Summer,2015.0,2015-06-01,11.085557837097879,True,Active,,1.0
870,OpenInvest,Summer 2015,Summer,2015.0,2015-06-01,11.085557837097879,True,Acquired,1.0,1.0
871,Gemnote,Summer 2015,Summer,2015.0,2015-06-01,11.085557837097879,True,Active,,1.0
872,Assembly,Summer 2015,Summer,2015.0,2015-06-01,11.085557837097879,True,Active,,1.0
873,PartnerStack,Summer 2015,Summer,2015.0,2015-06-01,11.085557837097879,True,Active,,1.0
874,Roomblocker,Summer 2015,Summer,2015.0,2015-06-01,11.085557837097879,True,Inactive,0.0,0.0
875,ROSS Intelligence,Summer 2015,Summer,2015.0,2015-06-01,11.085557837097879,True,Inactive,0.0,0.0
876,Scope AR,Summer 2015,Summer,2015.0,2015-06-01,11.085557837097879,True,Inactive,0.0,0.0
877,Second Measure,Summer 2015,Summer,2015.0,2015-06-01,11.085557837097879,True,Acquired,1.0,1.0
878,SnapMagic,Summer 2015,Summer,2015.0,2015-06-01,11.085557837097879,True,Active,,1.0
879,SourceDNA,Summer 2015,Summer,2015.0,2015-06-01,11.085557837097879,True,Acquired,1.0,1.0
881,Vernox,Summer 2015,Summer,2015.0,2015-06-01,11.085557837097879,True,Inactive,0.0,0.0
882,Hickory,Summer 2015,Summer,2015.0,2015-06-01,11.085557837097879,True,Inactive,0.0,0.0
884,Heroic Labs,Summer 2015,Summer,2015.0,2015-06-01,11.085557837097879,True,Active,,1.0
885,Airmada,Summer 2015,Summer,2015.0,2015-06-01,11.085557837097879,True,Inactive,0.0,0.0
886,Call9,Summer 2015,Summer,2015.0,2015-06-01,11.085557837097879,True,Inactive,0.0,0.0
887,CareLedger,Summer 2015,Summer,2015.0,2015-06-01,11.085557837097879,True,Inactive,0.0,0.0
888,Branch8,Summer 2015,Summer,2015.0,2015-06-01,11.085557837097879,True,Active,,1.0
889,Confident LIMS,Summer 2015,Summer,2015.0,2015-06-01,11.085557837097879,True,Active,,1.0
890,Convox,Summer 2015,Summer,2015.0,2015-06-01,11.085557837097879,True,Acquired,1.0,1.0
891,Cymmetria,Summer 2015,Summer,2015.0,2015-06-01,11.085557837097879,True,Acquired,1.0,1.0
892,Shotput,Summer 2015,Summer,2015.0,2015-06-01,11.085557837097879,True,Inactive,0.0,0.0
893,Eden,Summer 2015,Summer,2015.0,2015-06-01,11.085557837097879,True,Acquired,1.0,1.0
894,Foxpass,Summer 2015,Summer,2015.0,2015-06-01,11.085557837097879,True,Acquired,1.0,1.0
896,SunFarmer,Summer 2015,Summer,2015.0,2015-06-01,11.085557837097879,True,Active,,1.0
897,Stitch Health,Summer 2015,Summer,2015.0,2015-06-01,11.085557837097879,True,Inactive,0.0,0.0
898,Reach,Summer 2015,Summer,2015.0,2015-06-01,11.085557837097879,True,Active,,1.0
900,Tesorio,Summer 2015,Summer,2015.0,2015-06-01,11.085557837097879,True,Active,,1.0
901,Thrive Agritech,Summer 2015,Summer,2015.0,2015-06-01,11.085557837097879,True,Active,,1.0
902,Verge Genomics,Summer 2015,Summer,2015.0,2015-06-01,11.085557837097879,True,Active,,1.0
903,Afrostream,Summer 2015,Summer,2015.0,2015-06-01,11.085557837097879,True,Inactive,0.0,0.0
904,Apollo Health,Summer 2015,Summer,2015.0,2015-06-01,11.085557837097879,True,Inactive,0.0,0.0
905,Willing,Summer 2015,Summer,2015.0,2015-06-01,11.085557837097879,True,Acquired,1.0,1.0
906,Bistrobot,Summer 2015,Summer,2015.0,2015-06-01,11.085557837097879,True,Inactive,0.0,0.0
907,Bluecrew,Summer 2015,Summer,2015.0,2015-06-01,11.085557837097879,True,Acquired,1.0,1.0
908,Bodyport,Summer 2015,Summer,2015.0,2015-06-01,11.085557837097879,True,Active,,1.0
909,Appcanary,Summer 2015,Summer,2015.0,2015-06-01,11.085557837097879,True,Acquired,1.0,1.0
910,Chaldal,Summer 2015,Summer,2015.0,2015-06-01,11.085557837097879,True,Active,,1.0
911,Cloudstitch,Summer 2015,Summer,2015.0,2015-06-01,11.085557837097879,True,Acquired,1.0,1.0
912,Sphere Secure Workspace,Summer 2015,Summer,2015.0,2015-06-01,11.085557837097879,True,Acquired,1.0,1.0
913,Drip Capital,Summer 2015,Summer,2015.0,2015-06-01,11.085557837097879,True,Active,,1.0
914,GiveCampus,Summer 2015,Summer,2015.0,2015-06-01,11.085557837097879,True,Active,,1.0
915,Circle Medical,Summer 2015,Summer,2015.0,2015-06-01,11.085557837097879,True,Active,,1.0
916,zPREDICTA,Summer 2015,Summer,2015.0,2015-06-01,11.085557837097879,True,Acquired,1.0,1.0
917,jEugene,Summer 2015,Summer,2015.0,2015-06-01,11.085557837097879,True,Inactive,0.0,0.0
918,Leada,Summer 2015,Summer,2015.0,2015-06-01,11.085557837097879,True,Inactive,0.0,0.0
920,Locent,Summer 2015,Summer,2015.0,2015-06-01,11.085557837097879,True,Inactive,0.0,0.0
921,Markhor,Summer 2015,Summer,2015.0,2015-06-01,11.085557837097879,True,Active,,1.0
922,Zeplin,Summer 2015,Summer,2015.0,2015-06-01,11.085557837097879,True,Active,,1.0
923,Microhealth,Summer 2015,Summer,2015.0,2015-06-01,11.085557837097879,True,Active,,1.0
924,Ohm,Summer 2015,Summer,2015.0,2015-06-01,11.085557837097879,True,Inactive,0.0,0.0
925,Fountain,Summer 2015,Summer,2015.0,2015-06-01,11.085557837097879,True,Active,,1.0
926,Oolu,Summer 2015,Summer,2015.0,2015-06-01,11.085557837097879,True,Acquired,1.0,1.0
927,Paribus,Summer 2015,Summer,2015.0,2015-06-01,11.085557837097879,True,Acquired,1.0,1.0
928,PickTrace,Summer 2015,Summer,2015.0,2015-06-01,11.085557837097879,True,Active,,1.0
929,Prayas Analytics,Summer 2015,Summer,2015.0,2015-06-01,11.085557837097879,True,Inactive,0.0,0.0
930,Interviewed,Summer 2015,Summer,2015.0,2015-06-01,11.085557837097879,True,Acquired,1.0,1.0
931,Plate IQ,Summer 2015,Summer,2015.0,2015-06-01,11.085557837097879,True,Active,,1.0
932,RedCarpetUp,Summer 2015,Summer,2015.0,2015-06-01,11.085557837097879,True,Active,,1.0
933,Reduced Energy Microsystems,Summer 2015,Summer,2015.0,2015-06-01,11.085557837097879,True,Inactive,0.0,0.0
934,Scentbird,Summer 2015,Summer,2015.0,2015-06-01,11.085557837097879,True,Active,,1.0
935,Seva Coffee,Summer 2015,Summer,2015.0,2015-06-01,11.085557837097879,True,Inactive,0.0,0.0
936,Shape (ShapeScale),Summer 2015,Summer,2015.0,2015-06-01,11.085557837097879,True,Active,,1.0
937,Shred Video,Summer 2015,Summer,2015.0,2015-06-01,11.085557837097879,True,Active,,1.0
938,Xendit,Summer 2015,Summer,2015.0,2015-06-01,11.085557837097879,True,Active,,1.0
939,Xfers,Summer 2015,Summer,2015.0,2015-06-01,11.085557837097879,True,Acquired,1.0,1.0
940,Traversal Networks,Summer 2015,Summer,2015.0,2015-06-01,11.085557837097879,True,Inactive,0.0,0.0
941,"80,000 Hours",Summer 2015,Summer,2015.0,2015-06-01,11.085557837097879,True,Active,,1.0
943,Font Awesome,Summer 2015,Summer,2015.0,2015-06-01,11.085557837097879,True,Active,,1.0
944,Go1,Summer 2015,Summer,2015.0,2015-06-01,11.085557837097879,True,Active,,1.0
945,Saida,Summer 2015,Summer,2015.0,2015-06-01,11.085557837097879,True,Inactive,0.0,0.0
946,HER,Summer 2015,Summer,2015.0,2015-06-01,11.085557837097879,True,Acquired,1.0,1.0
947,Maderight,Summer 2015,Summer,2015.0,2015-06-01,11.085557837097879,True,Inactive,0.0,0.0
948,Blitz Esports,Summer 2015,Summer,2015.0,2015-06-01,11.085557837097879,True,Acquired,1.0,1.0
949,The Ticket Fairy,Summer 2015,Summer,2015.0,2015-06-01,11.085557837097879,True,Active,,1.0
950,Fetch,Summer 2015,Summer,2015.0,2015-06-01,11.085557837097879,True,Inactive,0.0,0.0
951,Wheelys Café,Summer 2015,Summer,2015.0,2015-06-01,11.085557837097879,True,Inactive,0.0,0.0
952,TetraScience,Summer 2015,Summer,2015.0,2015-06-01,11.085557837097879,True,Active,,1.0
953,Mimir,Summer 2015,Summer,2015.0,2015-06-01,11.085557837097879,True,Acquired,1.0,1.0
954,Auro Robotics,Summer 2015,Summer,2015.0,2015-06-01,11.085557837097879,True,Acquired,1.0,1.0
955,Klarismo,Summer 2015,Summer,2015.0,2015-06-01,11.085557837097879,True,Inactive,0.0,0.0
956,Nebia,Summer 2015,Summer,2015.0,2015-06-01,11.085557837097879,True,Acquired,1.0,1.0
958,StyleBee,Summer 2015,Summer,2015.0,2015-06-01,11.085557837097879,True,Inactive,0.0,0.0
959,PlateJoy,Summer 2015,Summer,2015.0,2015-06-01,11.085557837097879,True,Acquired,1.0,1.0
960,Bitmovin,Summer 2015,Summer,2015.0,2015-06-01,11.085557837097879,True,Active,,1.0
962,Cofactor Genomics,Summer 2015,Summer,2015.0,2015-06-01,11.085557837097879,True,Active,,1.0
963,Instawork,Summer 2015,Summer,2015.0,2015-06-01,11.085557837097879,True,Active,,1.0
964,Eight Sleep,Summer 2015,Summer,2015.0,2015-06-01,11.085557837097879,True,Active,,1.0
965,Vive,Summer 2015,Summer,2015.0,2015-06-01,11.085557837097879,True,Inactive,0.0,0.0
966,Flirtey (SkyDrop),Summer 2015,Summer,2015.0,2015-06-01,11.085557837097879,True,Active,,1.0
967,Human Interest,Summer 2015,Summer,2015.0,2015-06-01,11.085557837097879,True,Active,,1.0
968,Halolife,Summer 2015,Summer,2015.0,2015-06-01,11.085557837097879,True,Inactive,0.0,0.0
969,Tenant Turner,Summer 2015,Summer,2015.0,2015-06-01,11.085557837097879,True,Acquired,1.0,1.0
970,VOIQ,Summer 2015,Summer,2015.0,2015-06-01,11.085557837097879,True,Inactive,0.0,0.0
971,Gigster,Summer 2015,Summer,2015.0,2015-06-01,11.085557837097879,True,Acquired,1.0,1.0
972,Mux,Winter 2016,Winter,2016.0,2016-01-01,10.499657768651609,True,Active,,1.0
973,Lattice,Winter 2016,Winter,2016.0,2016-01-01,10.499657768651609,True,Active,,1.0
974,SOUNDBOKS,Winter 2016,Winter,2016.0,2016-01-01,10.499657768651609,True,Active,,1.0
976,Compgun,Winter 2016,Winter,2016.0,2016-01-01,10.499657768651609,True,Inactive,0.0,0.0
977,Deepgram,Winter 2016,Winter,2016.0,2016-01-01,10.499657768651609,True,Active,,1.0
978,Stealth Worker,Winter 2016,Winter,2016.0,2016-01-01,10.499657768651609,True,Active,,1.0
979,Stilt,Winter 2016,Winter,2016.0,2016-01-01,10.499657768651609,True,Acquired,1.0,1.0
980,Magic Instruments,Winter 2016,Winter,2016.0,2016-01-01,10.499657768651609,True,Inactive,0.0,0.0
982,Embark Trucks,Winter 2016,Winter,2016.0,2016-01-01,10.499657768651609,True,Public,1.0,1.0
983,VINEBOX (Usual Beverage Co.),Winter 2016,Winter,2016.0,2016-01-01,10.499657768651609,True,Inactive,0.0,0.0
984,Yardbook,Winter 2016,Winter,2016.0,2016-01-01,10.499657768651609,True,Active,,1.0
985,Chatfuel,Winter 2016,Winter,2016.0,2016-01-01,10.499657768651609,True,Active,,1.0
986,AlphaFlow,Winter 2016,Winter,2016.0,2016-01-01,10.499657768651609,True,Inactive,0.0,0.0
987,GetAccept,Winter 2016,Winter,2016.0,2016-01-01,10.499657768651609,True,Active,,1.0
988,iSono Health,Winter 2016,Winter,2016.0,2016-01-01,10.499657768651609,True,Active,,1.0
989,Tovala,Winter 2016,Winter,2016.0,2016-01-01,10.499657768651609,True,Active,,1.0
990,MagicBus,Winter 2016,Winter,2016.0,2016-01-01,10.499657768651609,True,Active,,1.0
991,Mason,Winter 2016,Winter,2016.0,2016-01-01,10.499657768651609,True,Active,,1.0
994,Outschool,Winter 2016,Winter,2016.0,2016-01-01,10.499657768651609,True,Active,,1.0
995,Petcube,Winter 2016,Winter,2016.0,2016-01-01,10.499657768651609,True,Active,,1.0
996,Daily,Winter 2016,Winter,2016.0,2016-01-01,10.499657768651609,True,Active,,1.0
997,Mio,Winter 2016,Winter,2016.0,2016-01-01,10.499657768651609,True,Active,,1.0
998,Algoriz,Winter 2016,Winter,2016.0,2016-01-01,10.499657768651609,True,Inactive,0.0,0.0
999,Focal Systems,Winter 2016,Winter,2016.0,2016-01-01,10.499657768651609,True,Active,,1.0
1000,Loop Genomics,Winter 2016,Winter,2016.0,2016-01-01,10.499657768651609,True,Acquired,1.0,1.0
1001,Toymail,Winter 2016,Winter,2016.0,2016-01-01,10.499657768651609,True,Inactive,0.0,0.0
1002,UpLabs,Winter 2016,Winter,2016.0,2016-01-01,10.499657768651609,True,Inactive,0.0,0.0
1003,WorldCover,Winter 2016,Winter,2016.0,2016-01-01,10.499657768651609,True,Inactive,0.0,0.0
1004,Able Health,Winter 2016,Winter,2016.0,2016-01-01,10.499657768651609,True,Acquired,1.0,1.0
1005,Truebill,Winter 2016,Winter,2016.0,2016-01-01,10.499657768651609,True,Acquired,1.0,1.0
1006,Chillabit,Winter 2016,Winter,2016.0,2016-01-01,10.499657768651609,True,Inactive,0.0,0.0
1007,Deako,Winter 2016,Winter,2016.0,2016-01-01,10.499657768651609,True,Active,,1.0
1008,DoseDr,Winter 2016,Winter,2016.0,2016-01-01,10.499657768651609,True,Inactive,0.0,0.0
1009,Copia,Winter 2016,Winter,2016.0,2016-01-01,10.499657768651609,True,Active,,1.0
1010,Gigwell,Winter 2016,Winter,2016.0,2016-01-01,10.499657768651609,True,Active,,1.0
1011,InnoVein,Winter 2016,Winter,2016.0,2016-01-01,10.499657768651609,True,Inactive,0.0,0.0
1012,Inevitable Tech,Winter 2016,Winter,2016.0,2016-01-01,10.499657768651609,True,Inactive,0.0,0.0
1013,LendEDU,Winter 2016,Winter,2016.0,2016-01-01,10.499657768651609,True,Acquired,1.0,1.0
1014,Luminist Labs,Winter 2016,Winter,2016.0,2016-01-01,10.499657768651609,True,Acquired,1.0,1.0
1016,Meter Feeder,Winter 2016,Winter,2016.0,2016-01-01,10.499657768651609,True,Active,,1.0
1017,MineralSoft,Winter 2016,Winter,2016.0,2016-01-01,10.499657768651609,True,Acquired,1.0,1.0
1018,PocketSuite,Winter 2016,Winter,2016.0,2016-01-01,10.499657768651609,True,Active,,1.0
1019,Pulpix,Winter 2016,Winter,2016.0,2016-01-01,10.499657768651609,True,Acquired,1.0,1.0
1020,Revl,Winter 2016,Winter,2016.0,2016-01-01,10.499657768651609,True,Active,,1.0
1021,Paystack,Winter 2016,Winter,2016.0,2016-01-01,10.499657768651609,True,Acquired,1.0,1.0
1022,Bus.com,Winter 2016,Winter,2016.0,2016-01-01,10.499657768651609,True,Inactive,0.0,0.0
1023,Unima,Winter 2016,Winter,2016.0,2016-01-01,10.499657768651609,True,Inactive,0.0,0.0
1024,Enflux,Winter 2016,Winter,2016.0,2016-01-01,10.499657768651609,True,Inactive,0.0,0.0
1025,Goodybag,Winter 2016,Winter,2016.0,2016-01-01,10.499657768651609,True,Acquired,1.0,1.0
1026,Open Motors,Winter 2016,Winter,2016.0,2016-01-01,10.499657768651609,True,Inactive,0.0,0.0
1027,Start Closing,Winter 2016,Winter,2016.0,2016-01-01,10.499657768651609,True,Inactive,0.0,0.0
1028,MailTime,Winter 2016,Winter,2016.0,2016-01-01,10.499657768651609,True,Active,,1.0
1029,Monthli,Winter 2016,Winter,2016.0,2016-01-01,10.499657768651609,True,Inactive,0.0,0.0
1030,Opentrons,Winter 2016,Winter,2016.0,2016-01-01,10.499657768651609,True,Active,,1.0
1031,Castle,Winter 2016,Winter,2016.0,2016-01-01,10.499657768651609,True,Inactive,0.0,0.0
1032,Castle,Winter 2016,Winter,2016.0,2016-01-01,10.499657768651609,True,Active,,1.0
1033,Netomi,Winter 2016,Winter,2016.0,2016-01-01,10.499657768651609,True,Active,,1.0
1034,Superside,Winter 2016,Winter,2016.0,2016-01-01,10.499657768651609,True,Active,,1.0
1035,ConstructVR,Winter 2016,Winter,2016.0,2016-01-01,10.499657768651609,True,Inactive,0.0,0.0
1037,Function of Beauty,Winter 2016,Winter,2016.0,2016-01-01,10.499657768651609,True,Active,,1.0
1038,Luciq (formerly Instabug),Winter 2016,Winter,2016.0,2016-01-01,10.499657768651609,True,Active,,1.0
1039,Interstate Analytics,Winter 2016,Winter,2016.0,2016-01-01,10.499657768651609,True,Inactive,0.0,0.0
1040,Patchwork Security,Winter 2016,Winter,2016.0,2016-01-01,10.499657768651609,True,Inactive,0.0,0.0
1041,Pave,Winter 2016,Winter,2016.0,2016-01-01,10.499657768651609,True,Active,,1.0
1042,Podium,Winter 2016,Winter,2016.0,2016-01-01,10.499657768651609,True,Active,,1.0
1043,Salt Security,Winter 2016,Winter,2016.0,2016-01-01,10.499657768651609,True,Active,,1.0
1044,Apollo.io,Winter 2016,Winter,2016.0,2016-01-01,10.499657768651609,True,Active,,1.0
1045,Poppy,Winter 2016,Winter,2016.0,2016-01-01,10.499657768651609,True,Inactive,0.0,0.0
1046,Anchor Health,Winter 2016,Winter,2016.0,2016-01-01,10.499657768651609,True,Inactive,0.0,0.0
1047,Thunkable,Winter 2016,Winter,2016.0,2016-01-01,10.499657768651609,True,Active,,1.0
1048,Plato,Winter 2016,Winter,2016.0,2016-01-01,10.499657768651609,True,Acquired,1.0,1.0
1049,Lynks,Winter 2016,Winter,2016.0,2016-01-01,10.499657768651609,True,Active,,1.0
1050,Emburse,Winter 2016,Winter,2016.0,2016-01-01,10.499657768651609,True,Acquired,1.0,1.0
1051,Gecko Robotics,Winter 2016,Winter,2016.0,2016-01-01,10.499657768651609,True,Active,,1.0
1052,GoLorry,Winter 2016,Winter,2016.0,2016-01-01,10.499657768651609,True,Active,,1.0
1053,HistoWiz,Winter 2016,Winter,2016.0,2016-01-01,10.499657768651609,True,Active,,1.0
1054,Landed,Winter 2016,Winter,2016.0,2016-01-01,10.499657768651609,True,Acquired,1.0,1.0
1055,mRelief,Winter 2016,Winter,2016.0,2016-01-01,10.499657768651609,True,Active,,1.0
1056,NetBeez,Winter 2016,Winter,2016.0,2016-01-01,10.499657768651609,True,Active,,1.0
1057,Redspread,Winter 2016,Winter,2016.0,2016-01-01,10.499657768651609,True,Acquired,1.0,1.0
1058,Caper,Winter 2016,Winter,2016.0,2016-01-01,10.499657768651609,True,Acquired,1.0,1.0
1059,TRAC,Winter 2016,Winter,2016.0,2016-01-01,10.499657768651609,True,Inactive,0.0,0.0
1060,Elucify,Winter 2016,Winter,2016.0,2016-01-01,10.499657768651609,True,Inactive,0.0,0.0
1061,Envyl,Winter 2016,Winter,2016.0,2016-01-01,10.499657768651609,True,Inactive,0.0,0.0
1062,Cover,Winter 2016,Winter,2016.0,2016-01-01,10.499657768651609,True,Inactive,0.0,0.0
1063,Carbic,Winter 2016,Winter,2016.0,2016-01-01,10.499657768651609,True,Active,,1.0
1064,Georgette Packaging,Winter 2016,Winter,2016.0,2016-01-01,10.499657768651609,True,Inactive,0.0,0.0
1065,FightCamp,Winter 2016,Winter,2016.0,2016-01-01,10.499657768651609,True,Active,,1.0
1066,Kisan Network,Winter 2016,Winter,2016.0,2016-01-01,10.499657768651609,True,Inactive,0.0,0.0
1067,NURX,Winter 2016,Winter,2016.0,2016-01-01,10.499657768651609,True,Acquired,1.0,1.0
1068,Quilt Data,Winter 2016,Winter,2016.0,2016-01-01,10.499657768651609,True,Active,,1.0
1069,Real Artists,Winter 2016,Winter,2016.0,2016-01-01,10.499657768651609,True,Inactive,0.0,0.0
1070,Restocks,Winter 2016,Winter,2016.0,2016-01-01,10.499657768651609,True,Inactive,0.0,0.0
1071,Sanitation and Health Rights in India (SHRI),Winter 2016,Winter,2016.0,2016-01-01,10.499657768651609,True,Active,,1.0
1072,Silver,Winter 2016,Winter,2016.0,2016-01-01,10.499657768651609,True,Inactive,0.0,0.0
1073,Pathmind,Winter 2016,Winter,2016.0,2016-01-01,10.499657768651609,True,Inactive,0.0,0.0
1074,UroDev Medical,Winter 2016,Winter,2016.0,2016-01-01,10.499657768651609,True,Acquired,1.0,1.0
1075,Unnyhog,Winter 2016,Winter,2016.0,2016-01-01,10.499657768651609,True,Inactive,0.0,0.0
1076,Wakie,Winter 2016,Winter,2016.0,2016-01-01,10.499657768651609,True,Active,,1.0
1077,Index,Winter 2016,Winter,2016.0,2016-01-01,10.499657768651609,True,Inactive,0.0,0.0
1079,Sendbird,Winter 2016,Winter,2016.0,2016-01-01,10.499657768651609,True,Active,,1.0
1080,Relativity Space,Winter 2016,Winter,2016.0,2016-01-01,10.499657768651609,True,Active,,1.0
1081,Boom,Winter 2016,Winter,2016.0,2016-01-01,10.499657768651609,True,Active,,1.0
1082,Protonet,Winter 2016,Winter,2016.0,2016-01-01,10.499657768651609,True,Active,,1.0
1083,StrongIntro,Winter 2016,Winter,2016.0,2016-01-01,10.499657768651609,True,Inactive,0.0,0.0
1084,Nova,Winter 2016,Winter,2016.0,2016-01-01,10.499657768651609,True,Acquired,1.0,1.0
1085,Streamup,Winter 2016,Winter,2016.0,2016-01-01,10.499657768651609,True,Inactive,0.0,0.0
1086,Bonsai,Winter 2016,Winter,2016.0,2016-01-01,10.499657768651609,True,Acquired,1.0,1.0
1087,Modal,Winter 2016,Winter,2016.0,2016-01-01,10.499657768651609,True,Inactive,0.0,0.0
1088,flexEngage,Winter 2016,Winter,2016.0,2016-01-01,10.499657768651609,True,Acquired,1.0,1.0
1089,Hingeto,Winter 2016,Winter,2016.0,2016-01-01,10.499657768651609,True,Acquired,1.0,1.0
1091,GitPrime,Winter 2016,Winter,2016.0,2016-01-01,10.499657768651609,True,Acquired,1.0,1.0
1093,Astranis,Winter 2016,Winter,2016.0,2016-01-01,10.499657768651609,True,Active,,1.0
1095,PhysioHealth,Winter 2016,Winter,2016.0,2016-01-01,10.499657768651609,True,Inactive,0.0,0.0
1096,Zenysis,Winter 2016,Winter,2016.0,2016-01-01,10.499657768651609,True,Active,,1.0
1097,Lygos,Winter 2016,Winter,2016.0,2016-01-01,10.499657768651609,True,Active,,1.0
1098,DevColor,Winter 2016,Winter,2016.0,2016-01-01,10.499657768651609,True,Active,,1.0
1099,Kip Health,Winter 2016,Winter,2016.0,2016-01-01,10.499657768651609,True,Acquired,1.0,1.0
1100,Perlara,Winter 2016,Winter,2016.0,2016-01-01,10.499657768651609,True,Active,,1.0
1101,Qvin,Winter 2016,Winter,2016.0,2016-01-01,10.499657768651609,True,Active,,1.0
1103,Rappi,Winter 2016,Winter,2016.0,2016-01-01,10.499657768651609,True,Active,,1.0
1109,BillionToOne,Summer 2017,Summer,2017.0,2017-06-01,9.084188911704311,True,Public,1.0,1.0
1166,Direct Match,Winter 2015,Winter,2015.0,2015-01-01,11.498973305954825,True,Inactive,0.0,0.0
1180,Mindori,Summer 2016,Summer,2016.0,2016-06-01,10.08350444900753,True,Inactive,0.0,0.0
1181,Prime Lightworks,Summer 2016,Summer,2016.0,2016-06-01,10.08350444900753,True,Active,,1.0
1182,Seneca Systems,Summer 2016,Summer,2016.0,2016-06-01,10.08350444900753,True,Acquired,1.0,1.0
1183,NuCypher (aka Threshold Network),Summer 2016,Summer,2016.0,2016-06-01,10.08350444900753,True,Active,,1.0
1184,Vetcove,Summer 2016,Summer,2016.0,2016-06-01,10.08350444900753,True,Active,,1.0
1185,SmartSite,Summer 2016,Summer,2016.0,2016-06-01,10.08350444900753,True,Inactive,0.0,0.0
1186,Selfycart,Summer 2016,Summer,2016.0,2016-06-01,10.08350444900753,True,Inactive,0.0,0.0
1187,WorkRamp,Summer 2016,Summer,2016.0,2016-06-01,10.08350444900753,True,Acquired,1.0,1.0
1188,CareRev,Summer 2016,Summer,2016.0,2016-06-01,10.08350444900753,True,Acquired,1.0,1.0
1189,Sixa,Summer 2016,Summer,2016.0,2016-06-01,10.08350444900753,True,Inactive,0.0,0.0
1191,PatientBank,Summer 2016,Summer,2016.0,2016-06-01,10.08350444900753,True,Inactive,0.0,0.0
1200,Joy,Summer 2016,Summer,2016.0,2016-06-01,10.08350444900753,True,Active,,1.0
1201,Raptor Maps,Summer 2016,Summer,2016.0,2016-06-01,10.08350444900753,True,Active,,1.0
1202,Upgraded,Summer 2016,Summer,2016.0,2016-06-01,10.08350444900753,True,Active,,1.0
1203,Hellobill,Summer 2016,Summer,2016.0,2016-06-01,10.08350444900753,True,Inactive,0.0,0.0
1205,Vote.org,Summer 2016,Summer,2016.0,2016-06-01,10.08350444900753,True,Active,,1.0
1206,Rose Rocket,Summer 2016,Summer,2016.0,2016-06-01,10.08350444900753,True,Active,,1.0
1208,Farmstead,Summer 2016,Summer,2016.0,2016-06-01,10.08350444900753,True,Inactive,0.0,0.0
1209,RigPlenish,Summer 2016,Summer,2016.0,2016-06-01,10.08350444900753,True,Inactive,0.0,0.0
1210,Livement,Summer 2016,Summer,2016.0,2016-06-01,10.08350444900753,True,Active,,1.0
1211,SimpleCitizen,Summer 2016,Summer,2016.0,2016-06-01,10.08350444900753,True,Acquired,1.0,1.0
1213,RocketLit,Summer 2016,Summer,2016.0,2016-06-01,10.08350444900753,True,Active,,1.0
1214,AmberBox Gunshot Detection,Winter 2016,Winter,2016.0,2016-01-01,10.499657768651609,True,Active,,1.0
1218,Whyd,Summer 2016,Summer,2016.0,2016-06-01,10.08350444900753,True,Inactive,0.0,0.0
1219,Hush,Summer 2016,Summer,2016.0,2016-06-01,10.08350444900753,True,Inactive,0.0,0.0
1220,Sway Finance,Summer 2016,Summer,2016.0,2016-06-01,10.08350444900753,True,Inactive,0.0,0.0
1221,Iris Automation,Summer 2016,Summer,2016.0,2016-06-01,10.08350444900753,True,Acquired,1.0,1.0
1222,Opsolutely,Summer 2016,Summer,2016.0,2016-06-01,10.08350444900753,True,Acquired,1.0,1.0
1223,Metapacket,Summer 2016,Summer,2016.0,2016-06-01,10.08350444900753,True,Inactive,0.0,0.0
1224,Instrumentl,Summer 2016,Summer,2016.0,2016-06-01,10.08350444900753,True,Active,,1.0
1225,Nova Credit,Summer 2016,Summer,2016.0,2016-06-01,10.08350444900753,True,Active,,1.0
1226,OneChronos,Summer 2016,Summer,2016.0,2016-06-01,10.08350444900753,True,Active,,1.0
1227,Looklive,Summer 2016,Summer,2016.0,2016-06-01,10.08350444900753,True,Inactive,0.0,0.0
1228,Haywheel,Summer 2016,Summer,2016.0,2016-06-01,10.08350444900753,True,Inactive,0.0,0.0
1229,The Flex Company,Summer 2016,Summer,2016.0,2016-06-01,10.08350444900753,True,Active,,1.0
1230,Techmate,Summer 2016,Summer,2016.0,2016-06-01,10.08350444900753,True,Acquired,1.0,1.0
1231,CoinTent,Summer 2016,Summer,2016.0,2016-06-01,10.08350444900753,True,Inactive,0.0,0.0
1232,Women Who Code,Summer 2016,Summer,2016.0,2016-06-01,10.08350444900753,True,Active,,1.0
1233,Multiply Labs,Summer 2016,Summer,2016.0,2016-06-01,10.08350444900753,True,Active,,1.0
1234,Fabric,Summer 2016,Summer,2016.0,2016-06-01,10.08350444900753,True,Acquired,1.0,1.0
1235,Shield Bio,Summer 2016,Summer,2016.0,2016-06-01,10.08350444900753,True,Inactive,0.0,0.0
1236,Clip Health,Summer 2016,Summer,2016.0,2016-06-01,10.08350444900753,True,Inactive,0.0,0.0
1237,garten,Summer 2016,Summer,2016.0,2016-06-01,10.08350444900753,True,Acquired,1.0,1.0
1238,Mosaix.ai,Summer 2016,Summer,2016.0,2016-06-01,10.08350444900753,True,Inactive,0.0,0.0
1239,Burrow,Summer 2016,Summer,2016.0,2016-06-01,10.08350444900753,True,Acquired,1.0,1.0
1240,Robby Technologies,Summer 2016,Summer,2016.0,2016-06-01,10.08350444900753,True,Inactive,0.0,0.0
1241,Pursuit,Summer 2016,Summer,2016.0,2016-06-01,10.08350444900753,True,Acquired,1.0,1.0
1242,Coub,Summer 2016,Summer,2016.0,2016-06-01,10.08350444900753,True,Inactive,0.0,0.0
1243,Kenota (formerly ExVivo Labs),Summer 2016,Summer,2016.0,2016-06-01,10.08350444900753,True,Inactive,0.0,0.0
1244,Symple,Summer 2016,Summer,2016.0,2016-06-01,10.08350444900753,True,Acquired,1.0,1.0
1245,Vidcode,Summer 2016,Summer,2016.0,2016-06-01,10.08350444900753,True,Acquired,1.0,1.0
1246,New Incentives,Summer 2016,Summer,2016.0,2016-06-01,10.08350444900753,True,Active,,1.0
1247,NeoWize,Summer 2016,Summer,2016.0,2016-06-01,10.08350444900753,True,Acquired,1.0,1.0
1248,Sage Care,Summer 2016,Summer,2016.0,2016-06-01,10.08350444900753,True,Inactive,0.0,0.0
1249,Legalist,Summer 2016,Summer,2016.0,2016-06-01,10.08350444900753,True,Active,,1.0
1250,Airo Health,Summer 2016,Summer,2016.0,2016-06-01,10.08350444900753,True,Inactive,0.0,0.0
1251,Synvivia,Summer 2016,Summer,2016.0,2016-06-01,10.08350444900753,True,Active,,1.0
1252,HiOperator,Summer 2016,Summer,2016.0,2016-06-01,10.08350444900753,True,Active,,1.0
1264,GoGoGrandparent,Summer 2016,Summer,2016.0,2016-06-01,10.08350444900753,True,Active,,1.0
1265,Bulldozair,Summer 2016,Summer,2016.0,2016-06-01,10.08350444900753,True,Acquired,1.0,1.0
1266,Meesho,Summer 2016,Summer,2016.0,2016-06-01,10.08350444900753,True,Public,1.0,1.0
1267,Drivezy,Summer 2016,Summer,2016.0,2016-06-01,10.08350444900753,True,Inactive,0.0,0.0
1268,Seerslab,Summer 2016,Summer,2016.0,2016-06-01,10.08350444900753,True,Inactive,0.0,0.0
1269,Squire Technologies,Summer 2016,Summer,2016.0,2016-06-01,10.08350444900753,True,Active,,1.0
1270,The Athletic,Summer 2016,Summer,2016.0,2016-06-01,10.08350444900753,True,Acquired,1.0,1.0
1271,Miso,Summer 2016,Summer,2016.0,2016-06-01,10.08350444900753,True,Active,,1.0
1272,Athelas,Summer 2016,Summer,2016.0,2016-06-01,10.08350444900753,True,Active,,1.0
1273,Starsky Robotics,Summer 2016,Summer,2016.0,2016-06-01,10.08350444900753,True,Inactive,0.0,0.0
1274,Airfordable,Summer 2016,Summer,2016.0,2016-06-01,10.08350444900753,True,Active,,1.0
1275,Validere,Summer 2016,Summer,2016.0,2016-06-01,10.08350444900753,True,Active,,1.0
1276,Curtsy,Summer 2016,Summer,2016.0,2016-06-01,10.08350444900753,True,Active,,1.0
1277,SmartPath,Summer 2016,Summer,2016.0,2016-06-01,10.08350444900753,True,Active,,1.0
1278,Scanate/Fellow,Summer 2016,Summer,2016.0,2016-06-01,10.08350444900753,True,Inactive,0.0,0.0
1279,Xberts,Summer 2016,Summer,2016.0,2016-06-01,10.08350444900753,True,Inactive,0.0,0.0
1280,Emote,Summer 2016,Summer,2016.0,2016-06-01,10.08350444900753,True,Active,,1.0
1282,GTRACK Technologies,Summer 2016,Summer,2016.0,2016-06-01,10.08350444900753,True,Inactive,0.0,0.0
1283,Abundance Labs,Summer 2016,Summer,2016.0,2016-06-01,10.08350444900753,True,Inactive,0.0,0.0
1284,Flutterwave,Summer 2016,Summer,2016.0,2016-06-01,10.08350444900753,True,Active,,1.0
1285,CrowdAI,Summer 2016,Summer,2016.0,2016-06-01,10.08350444900753,True,Acquired,1.0,1.0
1286,Ready Education,Summer 2016,Summer,2016.0,2016-06-01,10.08350444900753,True,Active,,1.0
1287,Circa,Summer 2016,Summer,2016.0,2016-06-01,10.08350444900753,True,Active,,1.0
1288,Saleswhale,Summer 2016,Summer,2016.0,2016-06-01,10.08350444900753,True,Acquired,1.0,1.0
1289,Polymail,Summer 2016,Summer,2016.0,2016-06-01,10.08350444900753,True,Acquired,1.0,1.0
1294,Scale AI,Summer 2016,Summer,2016.0,2016-06-01,10.08350444900753,True,Active,,1.0
1297,OMG Digital,Summer 2016,Summer,2016.0,2016-06-01,10.08350444900753,True,Active,,1.0
1298,Yoshi Mobility,Summer 2016,Summer,2016.0,2016-06-01,10.08350444900753,True,Active,,1.0
1299,People.ai,Summer 2016,Summer,2016.0,2016-06-01,10.08350444900753,True,Active,,1.0
1300,ApolloShield,Summer 2016,Summer,2016.0,2016-06-01,10.08350444900753,True,Active,,1.0
1301,Ubiq,Summer 2016,Summer,2016.0,2016-06-01,10.08350444900753,True,Inactive,0.0,0.0
1303,Lendsnap,Summer 2016,Summer,2016.0,2016-06-01,10.08350444900753,True,Inactive,0.0,0.0
1304,Reebeez,Summer 2016,Summer,2016.0,2016-06-01,10.08350444900753,True,Inactive,0.0,0.0
1339,Quero Education,Summer 2016,Summer,2016.0,2016-06-01,10.08350444900753,True,Active,,1.0
1340,Jumpcut,Summer 2016,Summer,2016.0,2016-06-01,10.08350444900753,True,Active,,1.0
1341,Innov8,Summer 2016,Summer,2016.0,2016-06-01,10.08350444900753,True,Acquired,1.0,1.0
1343,Suiteness,Summer 2016,Summer,2016.0,2016-06-01,10.08350444900753,True,Active,,1.0
1344,Elemeno Health,Summer 2016,Summer,2016.0,2016-06-01,10.08350444900753,True,Active,,1.0
1347,Expo,Summer 2016,Summer,2016.0,2016-06-01,10.08350444900753,True,Active,,1.0
1352,Proxy,Summer 2016,Summer,2016.0,2016-06-01,10.08350444900753,True,Acquired,1.0,1.0
1360,ClassDojo,Summer 2012,Summer,2012.0,2012-06-01,14.08350444900753,True,Active,,1.0
1431,Starcity,Summer 2016,Summer,2016.0,2016-06-01,10.08350444900753,True,Acquired,1.0,1.0
1432,UtilityScore (formerly Pando),Summer 2016,Summer,2016.0,2016-06-01,10.08350444900753,True,Inactive,0.0,0.0
1433,Bird,Summer 2016,Summer,2016.0,2016-06-01,10.08350444900753,True,Active,,1.0
1434,DemocracyOS,Winter 2015,Winter,2015.0,2015-01-01,11.498973305954825,True,Active,,1.0
1436,RunKit,Summer 2016,Summer,2016.0,2016-06-01,10.08350444900753,True,Acquired,1.0,1.0
1437,SkyLights,Summer 2016,Summer,2016.0,2016-06-01,10.08350444900753,True,Inactive,0.0,0.0
1438,Voiceops,Winter 2017,Winter,2017.0,2017-01-01,9.49760438056126,True,Active,,1.0
1439,Trade,Winter 2017,Winter,2017.0,2017-01-01,9.49760438056126,True,Inactive,0.0,0.0
1440,boxouse,Winter 2017,Winter,2017.0,2017-01-01,9.49760438056126,True,Inactive,0.0,0.0
1441,Clear Genetics,Winter 2017,Winter,2017.0,2017-01-01,9.49760438056126,True,Acquired,1.0,1.0
1442,Tizeti,Winter 2017,Winter,2017.0,2017-01-01,9.49760438056126,True,Active,,1.0
1443,Speak,Winter 2017,Winter,2017.0,2017-01-01,9.49760438056126,True,Active,,1.0
1444,Bountiful,Winter 2017,Winter,2017.0,2017-01-01,9.49760438056126,True,Active,,1.0
1445,Cowlar,Winter 2017,Winter,2017.0,2017-01-01,9.49760438056126,True,Inactive,0.0,0.0
1446,Scribe,Winter 2017,Winter,2017.0,2017-01-01,9.49760438056126,True,Acquired,1.0,1.0
1447,Pearl,Winter 2017,Winter,2017.0,2017-01-01,9.49760438056126,True,Inactive,0.0,0.0
1448,Sinovia Technologies,Winter 2017,Winter,2017.0,2017-01-01,9.49760438056126,True,Active,,1.0
1449,Riley,Winter 2017,Winter,2017.0,2017-01-01,9.49760438056126,True,Inactive,0.0,0.0
1450,Loop Support,Winter 2017,Winter,2017.0,2017-01-01,9.49760438056126,True,Acquired,1.0,1.0
1451,Rippling,Winter 2017,Winter,2017.0,2017-01-01,9.49760438056126,True,Active,,1.0
1452,lvl5,Winter 2017,Winter,2017.0,2017-01-01,9.49760438056126,True,Acquired,1.0,1.0
1453,Pit.AI,Winter 2017,Winter,2017.0,2017-01-01,9.49760438056126,True,Inactive,0.0,0.0
1454,Arthena,Winter 2017,Winter,2017.0,2017-01-01,9.49760438056126,True,Acquired,1.0,1.0
1455,Sleep Reset,Winter 2017,Winter,2017.0,2017-01-01,9.49760438056126,True,Active,,1.0
1456,Shipamax,Winter 2017,Winter,2017.0,2017-01-01,9.49760438056126,True,Acquired,1.0,1.0
1457,Volansi,Winter 2017,Winter,2017.0,2017-01-01,9.49760438056126,True,Acquired,1.0,1.0
1458,BloomAPI,Winter 2017,Winter,2017.0,2017-01-01,9.49760438056126,True,Active,,1.0
1459,Soomgo,Winter 2017,Winter,2017.0,2017-01-01,9.49760438056126,True,Acquired,1.0,1.0
1460,LitHit,Winter 2017,Winter,2017.0,2017-01-01,9.49760438056126,True,Inactive,0.0,0.0
1461,MDalgorithms Inc.,Winter 2017,Winter,2017.0,2017-01-01,9.49760438056126,True,Active,,1.0
1462,Extern,Winter 2017,Winter,2017.0,2017-01-01,9.49760438056126,True,Active,,1.0
1463,REZI,Winter 2017,Winter,2017.0,2017-01-01,9.49760438056126,True,Active,,1.0
1464,Ledger Investing,Winter 2017,Winter,2017.0,2017-01-01,9.49760438056126,True,Active,,1.0
1465,Pulse,Winter 2017,Winter,2017.0,2017-01-01,9.49760438056126,True,Inactive,0.0,0.0
1466,Scaphold.io,Winter 2017,Winter,2017.0,2017-01-01,9.49760438056126,True,Acquired,1.0,1.0
1467,Cartcam,Winter 2017,Winter,2017.0,2017-01-01,9.49760438056126,True,Inactive,0.0,0.0
1468,Nuvola,Winter 2017,Winter,2017.0,2017-01-01,9.49760438056126,True,Active,,1.0
1471,Zinc Platform,Winter 2017,Winter,2017.0,2017-01-01,9.49760438056126,True,Inactive,0.0,0.0
1472,Beek,Winter 2017,Winter,2017.0,2017-01-01,9.49760438056126,True,Inactive,0.0,0.0
1473,Upcall,Winter 2017,Winter,2017.0,2017-01-01,9.49760438056126,True,Active,,1.0
1474,Tress,Winter 2017,Winter,2017.0,2017-01-01,9.49760438056126,True,Inactive,0.0,0.0
1475,The Essential,Winter 2017,Winter,2017.0,2017-01-01,9.49760438056126,True,Active,,1.0
1476,Sudden Coffee,Winter 2017,Winter,2017.0,2017-01-01,9.49760438056126,True,Inactive,0.0,0.0
1477,VanGo,Winter 2017,Winter,2017.0,2017-01-01,9.49760438056126,True,Inactive,0.0,0.0
1478,Fiix,Winter 2017,Winter,2017.0,2017-01-01,9.49760438056126,True,Acquired,1.0,1.0
1479,Wavy,Winter 2017,Winter,2017.0,2017-01-01,9.49760438056126,True,Acquired,1.0,1.0
1480,Clipboard,Winter 2017,Winter,2017.0,2017-01-01,9.49760438056126,True,Active,,1.0
1481,Origin,Winter 2017,Winter,2017.0,2017-01-01,9.49760438056126,True,Inactive,0.0,0.0
1482,Sandbox Banking,Winter 2017,Winter,2017.0,2017-01-01,9.49760438056126,True,Acquired,1.0,1.0
1483,Entry,Winter 2017,Winter,2017.0,2017-01-01,9.49760438056126,True,Inactive,0.0,0.0
1484,RankScience,Winter 2017,Winter,2017.0,2017-01-01,9.49760438056126,True,Active,,1.0
1485,Volt Health,Winter 2017,Winter,2017.0,2017-01-01,9.49760438056126,True,Inactive,0.0,0.0
1486,Armory,Winter 2017,Winter,2017.0,2017-01-01,9.49760438056126,True,Acquired,1.0,1.0
1487,Ambient.ai,Winter 2017,Winter,2017.0,2017-01-01,9.49760438056126,True,Active,,1.0
1488,Token Transit,Winter 2017,Winter,2017.0,2017-01-01,9.49760438056126,True,Active,,1.0
1489,Penny,Winter 2017,Winter,2017.0,2017-01-01,9.49760438056126,True,Acquired,1.0,1.0
1490,Snappr,Winter 2017,Winter,2017.0,2017-01-01,9.49760438056126,True,Active,,1.0
1491,InnaMed,Winter 2017,Winter,2017.0,2017-01-01,9.49760438056126,True,Inactive,0.0,0.0
1492,Fibo,Winter 2017,Winter,2017.0,2017-01-01,9.49760438056126,True,Inactive,0.0,0.0
1493,Sycamore,Winter 2017,Winter,2017.0,2017-01-01,9.49760438056126,True,Inactive,0.0,0.0
1495,Rally Tennis,Winter 2017,Winter,2017.0,2017-01-01,9.49760438056126,True,Inactive,0.0,0.0
1496,Mednet,Winter 2017,Winter,2017.0,2017-01-01,9.49760438056126,True,Active,,1.0
1497,Firsthand,Winter 2017,Winter,2017.0,2017-01-01,9.49760438056126,True,Inactive,0.0,0.0
1498,"Veryfi, Inc.",Winter 2017,Winter,2017.0,2017-01-01,9.49760438056126,True,Active,,1.0
1500,Wright Electric,Winter 2017,Winter,2017.0,2017-01-01,9.49760438056126,True,Active,,1.0
1502,Tolemi,Winter 2017,Winter,2017.0,2017-01-01,9.49760438056126,True,Active,,1.0
1503,Aella,Winter 2017,Winter,2017.0,2017-01-01,9.49760438056126,True,Active,,1.0
1504,Arylla,Winter 2017,Winter,2017.0,2017-01-01,9.49760438056126,True,Inactive,0.0,0.0
1505,Hivy,Winter 2017,Winter,2017.0,2017-01-01,9.49760438056126,True,Acquired,1.0,1.0
1506,Collectly,Winter 2017,Winter,2017.0,2017-01-01,9.49760438056126,True,Active,,1.0
1507,Request Network,Winter 2017,Winter,2017.0,2017-01-01,9.49760438056126,True,Active,,1.0
1508,Neema,Winter 2017,Winter,2017.0,2017-01-01,9.49760438056126,True,Inactive,0.0,0.0
1509,AlemHealth,Winter 2017,Winter,2017.0,2017-01-01,9.49760438056126,True,Active,,1.0
1510,FastJVM,Winter 2017,Winter,2017.0,2017-01-01,9.49760438056126,True,Active,,1.0
1511,Supr Daily,Winter 2017,Winter,2017.0,2017-01-01,9.49760438056126,True,Acquired,1.0,1.0
1512,Bulk MRO Industrial Supply,Winter 2017,Winter,2017.0,2017-01-01,9.49760438056126,True,Active,,1.0
1513,Solugen,Winter 2017,Winter,2017.0,2017-01-01,9.49760438056126,True,Active,,1.0
1514,WaystoCap,Winter 2017,Winter,2017.0,2017-01-01,9.49760438056126,True,Acquired,1.0,1.0
1515,Bitrise,Winter 2017,Winter,2017.0,2017-01-01,9.49760438056126,True,Active,,1.0
1516,Tetra,Winter 2017,Winter,2017.0,2017-01-01,9.49760438056126,True,Acquired,1.0,1.0
1517,Plane,Winter 2017,Winter,2017.0,2017-01-01,9.49760438056126,True,Active,,1.0
1518,FloydHub,Winter 2017,Winter,2017.0,2017-01-01,9.49760438056126,True,Inactive,0.0,0.0
1519,Hogaru,Winter 2017,Winter,2017.0,2017-01-01,9.49760438056126,True,Active,,1.0
1520,Reliance Health,Winter 2017,Winter,2017.0,2017-01-01,9.49760438056126,True,Active,,1.0
1521,Apozy,Winter 2017,Winter,2017.0,2017-01-01,9.49760438056126,True,Active,,1.0
1522,BuyPower,Winter 2017,Winter,2017.0,2017-01-01,9.49760438056126,True,Active,,1.0
1523,Smart Alto,Winter 2017,Winter,2017.0,2017-01-01,9.49760438056126,True,Inactive,0.0,0.0
1524,AON3D,Winter 2017,Winter,2017.0,2017-01-01,9.49760438056126,True,Active,,1.0
1525,Breaker,Winter 2017,Winter,2017.0,2017-01-01,9.49760438056126,True,Acquired,1.0,1.0
1526,Bulletin,Winter 2017,Winter,2017.0,2017-01-01,9.49760438056126,True,Acquired,1.0,1.0
1527,Nomba,Winter 2017,Winter,2017.0,2017-01-01,9.49760438056126,True,Active,,1.0
1528,BIOS Health,Winter 2017,Winter,2017.0,2017-01-01,9.49760438056126,True,Active,,1.0
1529,ZipX,Winter 2017,Winter,2017.0,2017-01-01,9.49760438056126,True,Acquired,1.0,1.0
1530,NanoNets,Winter 2017,Winter,2017.0,2017-01-01,9.49760438056126,True,Active,,1.0
1532,Delee,Winter 2017,Winter,2017.0,2017-01-01,9.49760438056126,True,Active,,1.0
1533,Marketfox,Winter 2017,Winter,2017.0,2017-01-01,9.49760438056126,True,Inactive,0.0,0.0
1534,Bicycle AI,Winter 2017,Winter,2017.0,2017-01-01,9.49760438056126,True,Inactive,0.0,0.0
1535,"Wifi Dabba, Inc.",Winter 2017,Winter,2017.0,2017-01-01,9.49760438056126,True,Active,,1.0
1536,Terark,Winter 2017,Winter,2017.0,2017-01-01,9.49760438056126,True,Acquired,1.0,1.0
1538,Voodoo Manufacturing,Winter 2017,Winter,2017.0,2017-01-01,9.49760438056126,True,Inactive,0.0,0.0
1539,Playment,Winter 2017,Winter,2017.0,2017-01-01,9.49760438056126,True,Acquired,1.0,1.0
1540,OneFin,Winter 2017,Winter,2017.0,2017-01-01,9.49760438056126,True,Active,,1.0
1541,UpKeep,Winter 2017,Winter,2017.0,2017-01-01,9.49760438056126,True,Acquired,1.0,1.0
1542,SourceBeacon,Winter 2017,Winter,2017.0,2017-01-01,9.49760438056126,True,Inactive,0.0,0.0
1543,Faire,Winter 2017,Winter,2017.0,2017-01-01,9.49760438056126,True,Active,,1.0
1547,Niles,Winter 2017,Winter,2017.0,2017-01-01,9.49760438056126,True,Inactive,0.0,0.0
1548,Ridecell,Winter 2012,Winter,2012.0,2012-01-01,14.499657768651609,True,Active,,1.0
1549,KidPass,Winter 2017,Winter,2017.0,2017-01-01,9.49760438056126,True,Acquired,1.0,1.0
1550,Anasen,Winter 2017,Winter,2017.0,2017-01-01,9.49760438056126,True,Inactive,0.0,0.0
1551,Indee Labs,Winter 2017,Winter,2017.0,2017-01-01,9.49760438056126,True,Active,,1.0
1552,The Centre for Effective Altruism,Winter 2017,Winter,2017.0,2017-01-01,9.49760438056126,True,Active,,1.0
1553,No Lean Season,Winter 2017,Winter,2017.0,2017-01-01,9.49760438056126,True,Inactive,0.0,0.0
1554,"Lively, Inc.",Winter 2017,Winter,2017.0,2017-01-01,9.49760438056126,True,Active,,1.0
1555,Dost Education,Winter 2017,Winter,2017.0,2017-01-01,9.49760438056126,True,Active,,1.0
1556,Brex,Winter 2017,Winter,2017.0,2017-01-01,9.49760438056126,True,Acquired,1.0,1.0
1557,Mirror AI,Winter 2017,Winter,2017.0,2017-01-01,9.49760438056126,True,Active,,1.0
1559,Peer5,Winter 2017,Winter,2017.0,2017-01-01,9.49760438056126,True,Acquired,1.0,1.0
1560,Helix Nanotechnologies,Winter 2017,Winter,2017.0,2017-01-01,9.49760438056126,True,Active,,1.0
1563,ScopeAI,Winter 2017,Winter,2017.0,2017-01-01,9.49760438056126,True,Acquired,1.0,1.0
1564,Retool,Winter 2017,Winter,2017.0,2017-01-01,9.49760438056126,True,Active,,1.0
1573,Humi,Winter 2017,Winter,2017.0,2017-01-01,9.49760438056126,True,Acquired,1.0,1.0
1575,ACLU,Winter 2017,Winter,2017.0,2017-01-01,9.49760438056126,True,Active,,1.0
1576,Jerry,Summer 2017,Summer,2017.0,2017-06-01,9.084188911704311,True,Active,,1.0
1578,Elucd,Summer 2017,Summer,2017.0,2017-06-01,9.084188911704311,True,Acquired,1.0,1.0
1579,Passerine Aircraft,Summer 2017,Summer,2017.0,2017-06-01,9.084188911704311,True,Inactive,0.0,0.0
1580,FAZZ,Summer 2017,Summer,2017.0,2017-06-01,9.084188911704311,True,Active,,1.0
1581,Sigma Genetics,Winter 2017,Winter,2017.0,2017-01-01,9.49760438056126,True,Active,,1.0
1582,Py,Summer 2017,Summer,2017.0,2017-06-01,9.084188911704311,True,Acquired,1.0,1.0
1583,Skyways,Summer 2017,Summer,2017.0,2017-06-01,9.084188911704311,True,Active,,1.0
1584,Long Term Stock Exchange,Summer 2017,Summer,2017.0,2017-06-01,9.084188911704311,True,Active,,1.0
1585,Sunfolding,Summer 2017,Summer,2017.0,2017-06-01,9.084188911704311,True,Inactive,0.0,0.0
1586,Nobell Foods,Summer 2017,Summer,2017.0,2017-06-01,9.084188911704311,True,Active,,1.0
1587,VergeSense,Summer 2017,Summer,2017.0,2017-06-01,9.084188911704311,True,Active,,1.0
1588,AutoHub,Summer 2017,Summer,2017.0,2017-06-01,9.084188911704311,True,Acquired,1.0,1.0
1589,Prism Labs,Summer 2017,Summer,2017.0,2017-06-01,9.084188911704311,True,Inactive,0.0,0.0
1591,Audm,Summer 2017,Summer,2017.0,2017-06-01,9.084188911704311,True,Acquired,1.0,1.0
1592,Feather,Summer 2017,Summer,2017.0,2017-06-01,9.084188911704311,True,Acquired,1.0,1.0
1593,Aecore,Summer 2017,Summer,2017.0,2017-06-01,9.084188911704311,True,Active,,1.0
1594,Bloom Institute of Technology,Summer 2017,Summer,2017.0,2017-06-01,9.084188911704311,True,Active,,1.0
1595,Leon & George,Summer 2017,Summer,2017.0,2017-06-01,9.084188911704311,True,Active,,1.0
1596,Releaf Earth,Summer 2017,Summer,2017.0,2017-06-01,9.084188911704311,True,Active,,1.0
1597,CarDash,Summer 2017,Summer,2017.0,2017-06-01,9.084188911704311,True,Acquired,1.0,1.0
1598,Ribbon Health,Summer 2017,Summer,2017.0,2017-06-01,9.084188911704311,True,Acquired,1.0,1.0
1599,Fam,Summer 2017,Summer,2017.0,2017-06-01,9.084188911704311,True,Inactive,0.0,0.0
1600,Helium Health,Summer 2017,Summer,2017.0,2017-06-01,9.084188911704311,True,Active,,1.0
1601,Fat Llama,Summer 2017,Summer,2017.0,2017-06-01,9.084188911704311,True,Acquired,1.0,1.0
1602,UpCodes,Summer 2017,Summer,2017.0,2017-06-01,9.084188911704311,True,Active,,1.0
1603,Standard AI,Summer 2017,Summer,2017.0,2017-06-01,9.084188911704311,True,Active,,1.0
1604,Pathrise,Summer 2017,Summer,2017.0,2017-06-01,9.084188911704311,True,Inactive,0.0,0.0
1605,Dropleaf,Summer 2017,Summer,2017.0,2017-06-01,9.084188911704311,True,Inactive,0.0,0.0
1606,Gameday,Summer 2017,Summer,2017.0,2017-06-01,9.084188911704311,True,Inactive,0.0,0.0
1608,Roofr,Summer 2017,Summer,2017.0,2017-06-01,9.084188911704311,True,Active,,1.0
1609,Nimble,Summer 2017,Summer,2017.0,2017-06-01,9.084188911704311,True,Active,,1.0
1610,Darmiyan,Summer 2017,Summer,2017.0,2017-06-01,9.084188911704311,True,Active,,1.0
1611,SafeButler,Summer 2017,Summer,2017.0,2017-06-01,9.084188911704311,True,Active,,1.0
1613,Sixty,Summer 2017,Summer,2017.0,2017-06-01,9.084188911704311,True,Inactive,0.0,0.0
1614,ThereCraft,Summer 2017,Summer,2017.0,2017-06-01,9.084188911704311,True,Active,,1.0
1615,CocuSocial,Summer 2017,Summer,2017.0,2017-06-01,9.084188911704311,True,Active,,1.0
1616,Flock Safety,Summer 2017,Summer,2017.0,2017-06-01,9.084188911704311,True,Active,,1.0
1617,Mystery.org,Summer 2017,Summer,2017.0,2017-06-01,9.084188911704311,True,Acquired,1.0,1.0
1618,Relationship Hero,Summer 2017,Summer,2017.0,2017-06-01,9.084188911704311,True,Active,,1.0
1619,Carrot Fertility,Summer 2017,Summer,2017.0,2017-06-01,9.084188911704311,True,Active,,1.0
1620,Enzyme,Summer 2017,Summer,2017.0,2017-06-01,9.084188911704311,True,Acquired,1.0,1.0
1621,Advano,Summer 2017,Summer,2017.0,2017-06-01,9.084188911704311,True,Active,,1.0
1622,Value Voting,Summer 2017,Summer,2017.0,2017-06-01,9.084188911704311,True,Inactive,0.0,0.0
1623,Greo,Summer 2017,Summer,2017.0,2017-06-01,9.084188911704311,True,Inactive,0.0,0.0
1624,Mystro,Summer 2017,Summer,2017.0,2017-06-01,9.084188911704311,True,Inactive,0.0,0.0
1625,Solve,Summer 2017,Summer,2017.0,2017-06-01,9.084188911704311,True,Acquired,1.0,1.0
1626,Escher Reality,Summer 2017,Summer,2017.0,2017-06-01,9.084188911704311,True,Acquired,1.0,1.0
1627,Semantix,Summer 2017,Summer,2017.0,2017-06-01,9.084188911704311,True,Inactive,0.0,0.0
1628,Covetly,Summer 2017,Summer,2017.0,2017-06-01,9.084188911704311,True,Inactive,0.0,0.0
1629,Prelim,Summer 2017,Summer,2017.0,2017-06-01,9.084188911704311,True,Active,,1.0
1630,Upfort,Summer 2017,Summer,2017.0,2017-06-01,9.084188911704311,True,Active,,1.0
1631,Wildfire,Summer 2017,Summer,2017.0,2017-06-01,9.084188911704311,True,Acquired,1.0,1.0
1632,Meetingbird,Summer 2017,Summer,2017.0,2017-06-01,9.084188911704311,True,Acquired,1.0,1.0
1633,Plasticity,Summer 2017,Summer,2017.0,2017-06-01,9.084188911704311,True,Acquired,1.0,1.0
1634,Caelum Health,Summer 2017,Summer,2017.0,2017-06-01,9.084188911704311,True,Inactive,0.0,0.0
1635,Truepill,Summer 2017,Summer,2017.0,2017-06-01,9.084188911704311,True,Acquired,1.0,1.0
1636,Rabbet,Summer 2017,Summer,2017.0,2017-06-01,9.084188911704311,True,Active,,1.0
1637,Slik,Summer 2017,Summer,2017.0,2017-06-01,9.084188911704311,True,Inactive,0.0,0.0
1638,Cairns Health,Summer 2017,Summer,2017.0,2017-06-01,9.084188911704311,True,Active,,1.0
1639,Pop Meals,Summer 2017,Summer,2017.0,2017-06-01,9.084188911704311,True,Active,,1.0
1640,RideAlong,Summer 2017,Summer,2017.0,2017-06-01,9.084188911704311,True,Inactive,0.0,0.0
1641,Spect,Summer 2017,Summer,2017.0,2017-06-01,9.084188911704311,True,Inactive,0.0,0.0
1642,HelpWear,Summer 2017,Summer,2017.0,2017-06-01,9.084188911704311,True,Active,,1.0
1643,Entocycle,Summer 2017,Summer,2017.0,2017-06-01,9.084188911704311,True,Active,,1.0
1644,Indivio,Summer 2017,Summer,2017.0,2017-06-01,9.084188911704311,True,Acquired,1.0,1.0
1645,Pyka,Summer 2017,Summer,2017.0,2017-06-01,9.084188911704311,True,Active,,1.0
1646,Rev Genomics,Summer 2017,Summer,2017.0,2017-06-01,9.084188911704311,True,Active,,1.0
1647,tpaga,Summer 2017,Summer,2017.0,2017-06-01,9.084188911704311,True,Active,,1.0
1648,Surematics,Summer 2017,Summer,2017.0,2017-06-01,9.084188911704311,True,Acquired,1.0,1.0
1649,Storyboard,Summer 2017,Summer,2017.0,2017-06-01,9.084188911704311,True,Inactive,0.0,0.0
1651,Airthium,Summer 2017,Summer,2017.0,2017-06-01,9.084188911704311,True,Active,,1.0
1652,Piggy,Summer 2017,Summer,2017.0,2017-06-01,9.084188911704311,True,Inactive,0.0,0.0
1653,Goosebump,Summer 2017,Summer,2017.0,2017-06-01,9.084188911704311,True,Inactive,0.0,0.0
1654,Newfront,Winter 2018,Winter,2018.0,2018-01-01,8.498288843258042,True,Acquired,1.0,1.0
1655,PreDxion Bio,Summer 2017,Summer,2017.0,2017-06-01,9.084188911704311,True,Inactive,0.0,0.0
1656,Guilded,Summer 2017,Summer,2017.0,2017-06-01,9.084188911704311,True,Acquired,1.0,1.0
1657,Honeydue,Summer 2017,Summer,2017.0,2017-06-01,9.084188911704311,True,Acquired,1.0,1.0
1658,Flowspace,Summer 2017,Summer,2017.0,2017-06-01,9.084188911704311,True,Active,,1.0
1659,Modular Science,Summer 2017,Summer,2017.0,2017-06-01,9.084188911704311,True,Inactive,0.0,0.0
1661,And Comfort,Summer 2017,Summer,2017.0,2017-06-01,9.084188911704311,True,Inactive,0.0,0.0
1662,Skyscrape,Summer 2017,Summer,2017.0,2017-06-01,9.084188911704311,True,Active,,1.0
1663,D-ID,Summer 2017,Summer,2017.0,2017-06-01,9.084188911704311,True,Active,,1.0
1664,Tesseract,Summer 2017,Summer,2017.0,2017-06-01,9.084188911704311,True,Active,,1.0
1665,Oncobox,Summer 2017,Summer,2017.0,2017-06-01,9.084188911704311,True,Active,,1.0
1666,Percept.AI,Summer 2017,Summer,2017.0,2017-06-01,9.084188911704311,True,Acquired,1.0,1.0
1667,WATERFX,Summer 2017,Summer,2017.0,2017-06-01,9.084188911704311,True,Inactive,0.0,0.0
1668,bxblue,Summer 2017,Summer,2017.0,2017-06-01,9.084188911704311,True,Acquired,1.0,1.0
1669,Sunu,Summer 2017,Summer,2017.0,2017-06-01,9.084188911704311,True,Inactive,0.0,0.0
1670,LotusPay,Summer 2017,Summer,2017.0,2017-06-01,9.084188911704311,True,Acquired,1.0,1.0
1671,Sourceress,Summer 2017,Summer,2017.0,2017-06-01,9.084188911704311,True,Active,,1.0
1672,Fastpad,Summer 2017,Summer,2017.0,2017-06-01,9.084188911704311,True,Inactive,0.0,0.0
1673,OneLocal,Summer 2017,Summer,2017.0,2017-06-01,9.084188911704311,True,Active,,1.0
1674,Eduflow,Summer 2017,Summer,2017.0,2017-06-01,9.084188911704311,True,Acquired,1.0,1.0
1675,Opearlo,Summer 2017,Summer,2017.0,2017-06-01,9.084188911704311,True,Acquired,1.0,1.0
1677,Muzz,Summer 2017,Summer,2017.0,2017-06-01,9.084188911704311,True,Active,,1.0
1678,Headstart,Summer 2017,Summer,2017.0,2017-06-01,9.084188911704311,True,Acquired,1.0,1.0
1679,Guggy,Summer 2017,Summer,2017.0,2017-06-01,9.084188911704311,True,Inactive,0.0,0.0
1680,May Mobility,Summer 2017,Summer,2017.0,2017-06-01,9.084188911704311,True,Active,,1.0
1681,Gamelynx,Summer 2017,Summer,2017.0,2017-06-01,9.084188911704311,True,Inactive,0.0,0.0
1682,Officely,Summer 2017,Summer,2017.0,2017-06-01,9.084188911704311,True,Active,,1.0
1683,Commissary Club (formerly 70 Million Jobs),Summer 2017,Summer,2017.0,2017-06-01,9.084188911704311,True,Inactive,0.0,0.0
1684,Zendar,Summer 2017,Summer,2017.0,2017-06-01,9.084188911704311,True,Active,,1.0
1685,Polly,Summer 2017,Summer,2017.0,2017-06-01,9.084188911704311,True,Inactive,0.0,0.0
1686,Cambridge Cancer Genomics,Summer 2017,Summer,2017.0,2017-06-01,9.084188911704311,True,Inactive,0.0,0.0
1687,AssemblyAI,Summer 2017,Summer,2017.0,2017-06-01,9.084188911704311,True,Active,,1.0
1688,Modern Fertility,Summer 2017,Summer,2017.0,2017-06-01,9.084188911704311,True,Acquired,1.0,1.0
1689,Lyrebird,Summer 2017,Summer,2017.0,2017-06-01,9.084188911704311,True,Acquired,1.0,1.0
1690,Goodcover,Summer 2017,Summer,2017.0,2017-06-01,9.084188911704311,True,Active,,1.0
1691,Templarbit,Summer 2017,Summer,2017.0,2017-06-01,9.084188911704311,True,Acquired,1.0,1.0
1692,Routable,Summer 2017,Summer,2017.0,2017-06-01,9.084188911704311,True,Active,,1.0
1693,Just Appraised,Summer 2017,Summer,2017.0,2017-06-01,9.084188911704311,True,Active,,1.0
1694,Gem,Summer 2017,Summer,2017.0,2017-06-01,9.084188911704311,True,Active,,1.0
1695,disclosures.io,Summer 2017,Summer,2017.0,2017-06-01,9.084188911704311,True,Acquired,1.0,1.0
1696,Forever Labs,Summer 2017,Summer,2017.0,2017-06-01,9.084188911704311,True,Active,,1.0
1697,VIDA & Co.,Summer 2017,Summer,2017.0,2017-06-01,9.084188911704311,True,Acquired,1.0,1.0
1698,Social Construct,Summer 2017,Summer,2017.0,2017-06-01,9.084188911704311,True,Inactive,0.0,0.0
1700,10 By 10,Summer 2017,Summer,2017.0,2017-06-01,9.084188911704311,True,Active,,1.0
1701,Bumpline,Summer 2017,Summer,2017.0,2017-06-01,9.084188911704311,True,Inactive,0.0,0.0
1702,Thematic,Summer 2017,Summer,2017.0,2017-06-01,9.084188911704311,True,Active,,1.0
1703,FollowUpThen,Summer 2017,Summer,2017.0,2017-06-01,9.084188911704311,True,Active,,1.0
1704,NextDrop,Summer 2017,Summer,2017.0,2017-06-01,9.084188911704311,True,Inactive,0.0,0.0
1705,Candidately,Summer 2017,Summer,2017.0,2017-06-01,9.084188911704311,True,Active,,1.0
1712,WheelStreet,Summer 2017,Summer,2017.0,2017-06-01,9.084188911704311,True,Inactive,0.0,0.0
1713,Cashfree Payments,Summer 2017,Summer,2017.0,2017-06-01,9.084188911704311,True,Active,,1.0
1714,Dharma Labs,Summer 2017,Summer,2017.0,2017-06-01,9.084188911704311,True,Acquired,1.0,1.0
1715,PullRequest,Summer 2017,Summer,2017.0,2017-06-01,9.084188911704311,True,Acquired,1.0,1.0
1719,CoderWall,Winter 2012,Winter,2012.0,2012-01-01,14.499657768651609,True,Acquired,1.0,1.0
1720,Jellyfish Art,Winter 2012,Winter,2012.0,2012-01-01,14.499657768651609,True,Inactive,0.0,0.0
1721,"Lucy Goods, Inc",Winter 2018,Winter,2018.0,2018-01-01,8.498288843258042,True,Active,,1.0
1723,Proven Group,Winter 2018,Winter,2018.0,2018-01-01,8.498288843258042,True,Active,,1.0
1724,Sketchbox,Winter 2018,Winter,2018.0,2018-01-01,8.498288843258042,True,Inactive,0.0,0.0
1725,Precious,Winter 2018,Winter,2018.0,2018-01-01,8.498288843258042,True,Active,,1.0
1726,Mayhem,Winter 2018,Winter,2018.0,2018-01-01,8.498288843258042,True,Acquired,1.0,1.0
1727,Quantstamp,Winter 2018,Winter,2018.0,2018-01-01,8.498288843258042,True,Active,,1.0
1728,Torch,Winter 2018,Winter,2018.0,2018-01-01,8.498288843258042,True,Active,,1.0
1729,Spellbrush,Winter 2018,Winter,2018.0,2018-01-01,8.498288843258042,True,Active,,1.0
1730,Beanstalk,Winter 2018,Winter,2018.0,2018-01-01,8.498288843258042,True,Active,,1.0
1731,Blueberry Pediatrics,Winter 2018,Winter,2018.0,2018-01-01,8.498288843258042,True,Active,,1.0
1732,Shogun,Winter 2018,Winter,2018.0,2018-01-01,8.498288843258042,True,Active,,1.0
1733,California Dreamin,Winter 2018,Winter,2018.0,2018-01-01,8.498288843258042,True,Inactive,0.0,0.0
1734,Jasper.ai,Winter 2018,Winter,2018.0,2018-01-01,8.498288843258042,True,Active,,1.0
1735,Ovipost,Winter 2018,Winter,2018.0,2018-01-01,8.498288843258042,True,Inactive,0.0,0.0
1736,Assembly,Winter 2018,Winter,2018.0,2018-01-01,8.498288843258042,True,Active,,1.0
1737,Rhythmm,Winter 2018,Winter,2018.0,2018-01-01,8.498288843258042,True,Inactive,0.0,0.0
1738,Necto,Winter 2018,Winter,2018.0,2018-01-01,8.498288843258042,True,Inactive,0.0,0.0
1739,Observant AI,Winter 2018,Winter,2018.0,2018-01-01,8.498288843258042,True,Active,,1.0
1741,Pulse,Winter 2018,Winter,2018.0,2018-01-01,8.498288843258042,True,Acquired,1.0,1.0
1743,Bear Flag Robotics,Winter 2018,Winter,2018.0,2018-01-01,8.498288843258042,True,Acquired,1.0,1.0
1744,Fondo,Winter 2018,Winter,2018.0,2018-01-01,8.498288843258042,True,Active,,1.0
1745,Worklytics,Winter 2018,Winter,2018.0,2018-01-01,8.498288843258042,True,Active,,1.0
1746,Sixfold Bioscience,Winter 2018,Winter,2018.0,2018-01-01,8.498288843258042,True,Active,,1.0
1747,Glowing.io,Winter 2018,Winter,2018.0,2018-01-01,8.498288843258042,True,Active,,1.0
1748,Slite,Winter 2018,Winter,2018.0,2018-01-01,8.498288843258042,True,Active,,1.0
1749,CoinTracker,Winter 2018,Winter,2018.0,2018-01-01,8.498288843258042,True,Active,,1.0
1750,Key Values,Winter 2018,Winter,2018.0,2018-01-01,8.498288843258042,True,Active,,1.0
1751,ClearBrain,Winter 2018,Winter,2018.0,2018-01-01,8.498288843258042,True,Acquired,1.0,1.0
1752,Simetrik,Winter 2018,Winter,2018.0,2018-01-01,8.498288843258042,True,Active,,1.0
1753,SRTX,Winter 2018,Winter,2018.0,2018-01-01,8.498288843258042,True,Active,,1.0
1754,Mighty Buildings,Winter 2018,Winter,2018.0,2018-01-01,8.498288843258042,True,Inactive,0.0,0.0
1756,Tipe,Winter 2018,Winter,2018.0,2018-01-01,8.498288843258042,True,Inactive,0.0,0.0
1757,Avro Life Science,Winter 2018,Winter,2018.0,2018-01-01,8.498288843258042,True,Active,,1.0
1758,Closer Sports,Winter 2018,Winter,2018.0,2018-01-01,8.498288843258042,True,Inactive,0.0,0.0
1759,Sepsis Scout,Winter 2018,Winter,2018.0,2018-01-01,8.498288843258042,True,Acquired,1.0,1.0
1760,Macromoltek,Winter 2018,Winter,2018.0,2018-01-01,8.498288843258042,True,Active,,1.0
1761,NEXGENT,Winter 2018,Winter,2018.0,2018-01-01,8.498288843258042,True,Active,,1.0
1762,onederful,Winter 2018,Winter,2018.0,2018-01-01,8.498288843258042,True,Acquired,1.0,1.0
1763,Biobot Analytics,Winter 2018,Winter,2018.0,2018-01-01,8.498288843258042,True,Active,,1.0
1764,Skip,Winter 2018,Winter,2018.0,2018-01-01,8.498288843258042,True,Inactive,0.0,0.0
1766,CodeStream,Winter 2018,Winter,2018.0,2018-01-01,8.498288843258042,True,Acquired,1.0,1.0
1767,Nectome,Winter 2018,Winter,2018.0,2018-01-01,8.498288843258042,True,Active,,1.0
1768,Tradewind BioScience,Winter 2018,Winter,2018.0,2018-01-01,8.498288843258042,True,Active,,1.0
1769,Promise,Winter 2018,Winter,2018.0,2018-01-01,8.498288843258042,True,Active,,1.0
1770,OurMenu,Winter 2018,Winter,2018.0,2018-01-01,8.498288843258042,True,Inactive,0.0,0.0
1771,Modern Health,Winter 2018,Winter,2018.0,2018-01-01,8.498288843258042,True,Active,,1.0
1772,Tingles,Winter 2018,Winter,2018.0,2018-01-01,8.498288843258042,True,Inactive,0.0,0.0
1773,Persephone Biosciences,Winter 2018,Winter,2018.0,2018-01-01,8.498288843258042,True,Active,,1.0
1774,Glimpse K12,Winter 2018,Winter,2018.0,2018-01-01,8.498288843258042,True,Acquired,1.0,1.0
1775,Reverie Labs,Winter 2018,Winter,2018.0,2018-01-01,8.498288843258042,True,Inactive,0.0,0.0
1776,Curious Fictions,Winter 2018,Winter,2018.0,2018-01-01,8.498288843258042,True,Inactive,0.0,0.0
1777,AesculaTech,Winter 2018,Winter,2018.0,2018-01-01,8.498288843258042,True,Active,,1.0
1778,Nuvocargo,Winter 2018,Winter,2018.0,2018-01-01,8.498288843258042,True,Active,,1.0
1779,Dear Brightly,Winter 2018,Winter,2018.0,2018-01-01,8.498288843258042,True,Active,,1.0
1780,Squad,Winter 2018,Winter,2018.0,2018-01-01,8.498288843258042,True,Acquired,1.0,1.0
1781,Vanta,Winter 2018,Winter,2018.0,2018-01-01,8.498288843258042,True,Active,,1.0
1782,NewCraft,Winter 2018,Winter,2018.0,2018-01-01,8.498288843258042,True,Acquired,1.0,1.0
1783,LUS Brands,Winter 2018,Winter,2018.0,2018-01-01,8.498288843258042,True,Active,,1.0
1784,Draftbit,Winter 2018,Winter,2018.0,2018-01-01,8.498288843258042,True,Active,,1.0
1785,Meitre,Winter 2018,Winter,2018.0,2018-01-01,8.498288843258042,True,Active,,1.0
1786,EnvKey,Winter 2018,Winter,2018.0,2018-01-01,8.498288843258042,True,Inactive,0.0,0.0
1787,tEQuitable,Winter 2018,Winter,2018.0,2018-01-01,8.498288843258042,True,Active,,1.0
1789,Evry Health,Winter 2018,Winter,2018.0,2018-01-01,8.498288843258042,True,Acquired,1.0,1.0
1790,BioRender,Winter 2018,Winter,2018.0,2018-01-01,8.498288843258042,True,Active,,1.0
1791,Correlia Biosystems,Winter 2018,Winter,2018.0,2018-01-01,8.498288843258042,True,Inactive,0.0,0.0
1792,Openland,Winter 2018,Winter,2018.0,2018-01-01,8.498288843258042,True,Inactive,0.0,0.0
1793,Sqreen,Winter 2018,Winter,2018.0,2018-01-01,8.498288843258042,True,Acquired,1.0,1.0
1794,Plexus,Winter 2018,Winter,2018.0,2018-01-01,8.498288843258042,True,Active,,1.0
1795,Sourcify,Winter 2018,Winter,2018.0,2018-01-01,8.498288843258042,True,Active,,1.0
1796,Aalo,Winter 2018,Winter,2018.0,2018-01-01,8.498288843258042,True,Inactive,0.0,0.0
1797,Viaopt,Winter 2018,Winter,2018.0,2018-01-01,8.498288843258042,True,Inactive,0.0,0.0
1798,Tributi,Winter 2018,Winter,2018.0,2018-01-01,8.498288843258042,True,Active,,1.0
1799,Meson,Winter 2018,Winter,2018.0,2018-01-01,8.498288843258042,True,Inactive,0.0,0.0
1800,Supermedium,Winter 2018,Winter,2018.0,2018-01-01,8.498288843258042,True,Active,,1.0
1801,Haiku,Winter 2018,Winter,2018.0,2018-01-01,8.498288843258042,True,Inactive,0.0,0.0
1802,Evolve (makers of Podcast App & Rest),Winter 2018,Winter,2018.0,2018-01-01,8.498288843258042,True,Active,,1.0
1804,miru,Winter 2018,Winter,2018.0,2018-01-01,8.498288843258042,True,Inactive,0.0,0.0
1805,Let's Do This,Winter 2018,Winter,2018.0,2018-01-01,8.498288843258042,True,Active,,1.0
1806,Flinto,Winter 2018,Winter,2018.0,2018-01-01,8.498288843258042,True,Acquired,1.0,1.0
1807,Edwin,Winter 2018,Winter,2018.0,2018-01-01,8.498288843258042,True,Acquired,1.0,1.0
1808,Universe,Winter 2018,Winter,2018.0,2018-01-01,8.498288843258042,True,Active,,1.0
1809,Acely,Winter 2018,Winter,2018.0,2018-01-01,8.498288843258042,True,Active,,1.0
1810,Treasury Prime,Winter 2018,Winter,2018.0,2018-01-01,8.498288843258042,True,Active,,1.0
1813,Storyline,Winter 2018,Winter,2018.0,2018-01-01,8.498288843258042,True,Inactive,0.0,0.0
1814,Psylaris,Winter 2018,Winter,2018.0,2018-01-01,8.498288843258042,True,Active,,1.0
1815,Players' Lounge,Winter 2018,Winter,2018.0,2018-01-01,8.498288843258042,True,Active,,1.0
1816,Lawyaw,Winter 2018,Winter,2018.0,2018-01-01,8.498288843258042,True,Acquired,1.0,1.0
1818,Cognition IP,Winter 2018,Winter,2018.0,2018-01-01,8.498288843258042,True,Active,,1.0
1819,Gainful,Winter 2018,Winter,2018.0,2018-01-01,8.498288843258042,True,Active,,1.0
1820,Nutrigene,Winter 2018,Winter,2018.0,2018-01-01,8.498288843258042,True,Inactive,0.0,0.0
1821,Hunter2,Winter 2018,Winter,2018.0,2018-01-01,8.498288843258042,True,Acquired,1.0,1.0
1822,Station,Winter 2018,Winter,2018.0,2018-01-01,8.498288843258042,True,Inactive,0.0,0.0
1823,Vathys,Winter 2018,Winter,2018.0,2018-01-01,8.498288843258042,True,Inactive,0.0,0.0
1824,Naborly,Winter 2018,Winter,2018.0,2018-01-01,8.498288843258042,True,Acquired,1.0,1.0
1825,Shone,Winter 2018,Winter,2018.0,2018-01-01,8.498288843258042,True,Inactive,0.0,0.0
1826,Weekend (fmr. Volley),Winter 2018,Winter,2018.0,2018-01-01,8.498288843258042,True,Active,,1.0
1827,SharpestMinds,Winter 2018,Winter,2018.0,2018-01-01,8.498288843258042,True,Acquired,1.0,1.0
1828,Substack,Winter 2018,Winter,2018.0,2018-01-01,8.498288843258042,True,Active,,1.0
1829,Pelago,Winter 2018,Winter,2018.0,2018-01-01,8.498288843258042,True,Active,,1.0
1830,Dataform,Winter 2018,Winter,2018.0,2018-01-01,8.498288843258042,True,Acquired,1.0,1.0
1831,Pagedraw,Winter 2018,Winter,2018.0,2018-01-01,8.498288843258042,True,Inactive,0.0,0.0
1832,Tilt (f.k.a. Delphia),Winter 2018,Winter,2018.0,2018-01-01,8.498288843258042,True,Active,,1.0
1833,SafetyWing,Winter 2018,Winter,2018.0,2018-01-01,8.498288843258042,True,Active,,1.0
1834,Aspire,Winter 2018,Winter,2018.0,2018-01-01,8.498288843258042,True,Active,,1.0
1835,Mojo,Winter 2018,Winter,2018.0,2018-01-01,8.498288843258042,True,Acquired,1.0,1.0
1836,Orangewood Labs,Winter 2018,Winter,2018.0,2018-01-01,8.498288843258042,True,Active,,1.0
1837,YouTeam,Winter 2018,Winter,2018.0,2018-01-01,8.498288843258042,True,Acquired,1.0,1.0
1838,OSIMple,Winter 2018,Winter,2018.0,2018-01-01,8.498288843258042,True,Inactive,0.0,0.0
1839,Groww,Winter 2018,Winter,2018.0,2018-01-01,8.498288843258042,True,Public,1.0,1.0
1840,Memora Health,Winter 2018,Winter,2018.0,2018-01-01,8.498288843258042,True,Acquired,1.0,1.0
1841,Zyper,Winter 2018,Winter,2018.0,2018-01-01,8.498288843258042,True,Acquired,1.0,1.0
1842,AlgoSurg Inc,Winter 2018,Winter,2018.0,2018-01-01,8.498288843258042,True,Active,,1.0
1843,Medumo,Winter 2018,Winter,2018.0,2018-01-01,8.498288843258042,True,Acquired,1.0,1.0
1844,OpenSea,Winter 2018,Winter,2018.0,2018-01-01,8.498288843258042,True,Active,,1.0
1845,Atrium,Winter 2018,Winter,2018.0,2018-01-01,8.498288843258042,True,Inactive,0.0,0.0
1847,ArchForm,Winter 2018,Winter,2018.0,2018-01-01,8.498288843258042,True,Active,,1.0
1849,ZBiotics,Winter 2018,Winter,2018.0,2018-01-01,8.498288843258042,True,Active,,1.0
1851,Voicery,Winter 2018,Winter,2018.0,2018-01-01,8.498288843258042,True,Inactive,0.0,0.0
1852,Swipehouse,Winter 2018,Winter,2018.0,2018-01-01,8.498288843258042,True,Acquired,1.0,1.0
1853,Iambiq Technologies,Winter 2018,Winter,2018.0,2018-01-01,8.498288843258042,True,Inactive,0.0,0.0
1854,Secured,Winter 2018,Winter,2018.0,2018-01-01,8.498288843258042,True,Inactive,0.0,0.0
1855,Ben,Winter 2018,Winter,2018.0,2018-01-01,8.498288843258042,True,Inactive,0.0,0.0
1856,Culture Biosciences,Winter 2018,Winter,2018.0,2018-01-01,8.498288843258042,True,Active,,1.0
1857,Point API,Winter 2018,Winter,2018.0,2018-01-01,8.498288843258042,True,Inactive,0.0,0.0
1858,Jido Maps,Winter 2018,Winter,2018.0,2018-01-01,8.498288843258042,True,Acquired,1.0,1.0
1859,Observe.AI,Winter 2018,Winter,2018.0,2018-01-01,8.498288843258042,True,Active,,1.0
1861,Tarjimly,Winter 2018,Winter,2018.0,2018-01-01,8.498288843258042,True,Active,,1.0
1863,Anjuna,Winter 2018,Winter,2018.0,2018-01-01,8.498288843258042,True,Active,,1.0
1864,Hexel,Winter 2018,Winter,2018.0,2018-01-01,8.498288843258042,True,Inactive,0.0,0.0
1865,Mind Emulation Foundation,Winter 2018,Winter,2018.0,2018-01-01,8.498288843258042,True,Active,,1.0
1866,Vena Medical,Winter 2018,Winter,2018.0,2018-01-01,8.498288843258042,True,Active,,1.0
1867,CaptivateIQ,Winter 2018,Winter,2018.0,2018-01-01,8.498288843258042,True,Active,,1.0
1868,ErudiFi,Winter 2018,Winter,2018.0,2018-01-01,8.498288843258042,True,Active,,1.0
1869,Runa,Winter 2018,Winter,2018.0,2018-01-01,8.498288843258042,True,Active,,1.0
1870,Qulture.Rocks,Winter 2018,Winter,2018.0,2018-01-01,8.498288843258042,True,Acquired,1.0,1.0
1871,Helloverify,Winter 2018,Winter,2018.0,2018-01-01,8.498288843258042,True,Active,,1.0
1872,Super,Winter 2018,Winter,2018.0,2018-01-01,8.498288843258042,True,Active,,1.0
1873,Warpdrive by Synthetic Minds,Summer 2018,Summer,2018.0,2018-06-01,8.084873374401095,True,Inactive,0.0,0.0
1874,Look After My Bills,Winter 2018,Winter,2018.0,2018-01-01,8.498288843258042,True,Acquired,1.0,1.0
1875,Aerones,Winter 2018,Winter,2018.0,2018-01-01,8.498288843258042,True,Active,,1.0
1876,Veriff,Winter 2018,Winter,2018.0,2018-01-01,8.498288843258042,True,Active,,1.0
1877,FidoCure®,Winter 2018,Winter,2018.0,2018-01-01,8.498288843258042,True,Active,,1.0
1878,Swayable,Winter 2018,Winter,2018.0,2018-01-01,8.498288843258042,True,Active,,1.0
1879,Replit,Winter 2018,Winter,2018.0,2018-01-01,8.498288843258042,True,Active,,1.0
1880,Elpha,Summer 2019,Summer,2019.0,2019-06-01,7.085557837097878,True,Inactive,0.0,0.0
1881,Lambda Tea,Winter 2018,Winter,2018.0,2018-01-01,8.498288843258042,True,Inactive,0.0,0.0
1882,Snackpass,Winter 2018,Winter,2018.0,2018-01-01,8.498288843258042,True,Active,,1.0
1883,Allotrope Medical,Summer 2018,Summer,2018.0,2018-06-01,8.084873374401095,True,Acquired,1.0,1.0
1884,Curebase,Summer 2018,Summer,2018.0,2018-06-01,8.084873374401095,True,Active,,1.0
1885,Penta Medical,Summer 2018,Summer,2018.0,2018-06-01,8.084873374401095,True,Inactive,0.0,0.0
1886,Honeylove,Summer 2018,Summer,2018.0,2018-06-01,8.084873374401095,True,Active,,1.0
1888,Phiar,Summer 2018,Summer,2018.0,2018-06-01,8.084873374401095,True,Acquired,1.0,1.0
1889,OWNY,Summer 2018,Summer,2018.0,2018-06-01,8.084873374401095,True,Active,,1.0
1890,User Hero,Summer 2018,Summer,2018.0,2018-06-01,8.084873374401095,True,Inactive,0.0,0.0
1891,Klarity,Summer 2018,Summer,2018.0,2018-06-01,8.084873374401095,True,Active,,1.0
1892,C16 Biosciences,Summer 2018,Summer,2018.0,2018-06-01,8.084873374401095,True,Active,,1.0
1893,Modern Treasury,Summer 2018,Summer,2018.0,2018-06-01,8.084873374401095,True,Active,,1.0
1894,ExceptionALLY,Summer 2018,Summer,2018.0,2018-06-01,8.084873374401095,True,Inactive,0.0,0.0
1896,Passenger AI,Summer 2018,Summer,2018.0,2018-06-01,8.084873374401095,True,Inactive,0.0,0.0
1897,"numericcal, inc.",Summer 2018,Summer,2018.0,2018-06-01,8.084873374401095,True,Inactive,0.0,0.0
1898,Searchlight,Winter 2019,Winter,2019.0,2019-01-01,7.498973305954825,True,Acquired,1.0,1.0
1899,Dinesafe,Summer 2018,Summer,2018.0,2018-06-01,8.084873374401095,True,Active,,1.0
1900,Satchel,Summer 2018,Summer,2018.0,2018-06-01,8.084873374401095,True,Inactive,0.0,0.0
1901,Verse Medical,Summer 2018,Summer,2018.0,2018-06-01,8.084873374401095,True,Active,,1.0
1902,Lowkey,Summer 2018,Summer,2018.0,2018-06-01,8.084873374401095,True,Acquired,1.0,1.0
1903,Federacy,Summer 2018,Summer,2018.0,2018-06-01,8.084873374401095,True,Active,,1.0
1904,FREY,Summer 2018,Summer,2018.0,2018-06-01,8.084873374401095,True,Inactive,0.0,0.0
1905,Xkit,Summer 2018,Summer,2018.0,2018-06-01,8.084873374401095,True,Inactive,0.0,0.0
1907,RevenueCat,Summer 2018,Summer,2018.0,2018-06-01,8.084873374401095,True,Active,,1.0
1908,OpenWrench,Summer 2018,Summer,2018.0,2018-06-01,8.084873374401095,True,Active,,1.0
1909,Demeanor.co,Summer 2018,Summer,2018.0,2018-06-01,8.084873374401095,True,Acquired,1.0,1.0
1910,Activeloop,Summer 2018,Summer,2018.0,2018-06-01,8.084873374401095,True,Active,,1.0
1911,Contrast,Summer 2018,Summer,2018.0,2018-06-01,8.084873374401095,True,Inactive,0.0,0.0
1912,Inokyo,Summer 2018,Summer,2018.0,2018-06-01,8.084873374401095,True,Inactive,0.0,0.0
1914,Titan,Summer 2018,Summer,2018.0,2018-06-01,8.084873374401095,True,Active,,1.0
1915,ShopWith,Summer 2018,Summer,2018.0,2018-06-01,8.084873374401095,True,Inactive,0.0,0.0
1916,Data Driven Bioscience,Summer 2018,Summer,2018.0,2018-06-01,8.084873374401095,True,Active,,1.0
1917,Inscribe,Summer 2018,Summer,2018.0,2018-06-01,8.084873374401095,True,Active,,1.0
1918,JITX,Summer 2018,Summer,2018.0,2018-06-01,8.084873374401095,True,Active,,1.0
1920,Mylk Guys,Summer 2018,Summer,2018.0,2018-06-01,8.084873374401095,True,Inactive,0.0,0.0
1921,INKHUNTER,Summer 2018,Summer,2018.0,2018-06-01,8.084873374401095,True,Inactive,0.0,0.0
1922,Apprentice Health,Summer 2018,Summer,2018.0,2018-06-01,8.084873374401095,True,Active,,1.0
1923,College Pulse,Summer 2018,Summer,2018.0,2018-06-01,8.084873374401095,True,Active,,1.0
1924,Quo (fka OpenPhone),Summer 2018,Summer,2018.0,2018-06-01,8.084873374401095,True,Active,,1.0
1925,Optic,Summer 2018,Summer,2018.0,2018-06-01,8.084873374401095,True,Acquired,1.0,1.0
1926,Medinas Health,Summer 2018,Summer,2018.0,2018-06-01,8.084873374401095,True,Inactive,0.0,0.0
1927,"AskMyClass, now Soundkins",Summer 2018,Summer,2018.0,2018-06-01,8.084873374401095,True,Active,,1.0
1928,Spero Foods,Summer 2018,Summer,2018.0,2018-06-01,8.084873374401095,True,Inactive,0.0,0.0
1929,Rebellyous Foods,Summer 2018,Summer,2018.0,2018-06-01,8.084873374401095,True,Active,,1.0
1930,The Good Food Institute,Summer 2018,Summer,2018.0,2018-06-01,8.084873374401095,True,Active,,1.0
1931,Hepatx,Summer 2018,Summer,2018.0,2018-06-01,8.084873374401095,True,Active,,1.0
1932,Radix Labs,Summer 2018,Summer,2018.0,2018-06-01,8.084873374401095,True,Inactive,0.0,0.0
1933,Clear Gene,Summer 2018,Summer,2018.0,2018-06-01,8.084873374401095,True,Active,,1.0
1934,Paladin,Summer 2018,Summer,2018.0,2018-06-01,8.084873374401095,True,Active,,1.0
1935,Meru Health,Summer 2018,Summer,2018.0,2018-06-01,8.084873374401095,True,Active,,1.0
1936,Vimcal,Summer 2018,Summer,2018.0,2018-06-01,8.084873374401095,True,Active,,1.0
1937,Grabb-It,Summer 2018,Summer,2018.0,2018-06-01,8.084873374401095,True,Inactive,0.0,0.0
1938,Embeddables,Summer 2018,Summer,2018.0,2018-06-01,8.084873374401095,True,Active,,1.0
1939,64x Bio,Summer 2018,Summer,2018.0,2018-06-01,8.084873374401095,True,Active,,1.0
1940,Anima App,Summer 2018,Summer,2018.0,2018-06-01,8.084873374401095,True,Active,,1.0
1941,Pocket Worlds,Summer 2018,Summer,2018.0,2018-06-01,8.084873374401095,True,Active,,1.0
1942,Tall Poppy,Summer 2018,Summer,2018.0,2018-06-01,8.084873374401095,True,Active,,1.0
1943,Ixora,Summer 2018,Summer,2018.0,2018-06-01,8.084873374401095,True,Inactive,0.0,0.0
1945,LabelFlow,Summer 2018,Summer,2018.0,2018-06-01,8.084873374401095,True,Inactive,0.0,0.0
1946,Easol,Summer 2018,Summer,2018.0,2018-06-01,8.084873374401095,True,Active,,1.0
1947,OneGraph,Summer 2018,Summer,2018.0,2018-06-01,8.084873374401095,True,Acquired,1.0,1.0
1948,Avo,Summer 2018,Summer,2018.0,2018-06-01,8.084873374401095,True,Inactive,0.0,0.0
1949,Scanwell Health,Summer 2018,Summer,2018.0,2018-06-01,8.084873374401095,True,Acquired,1.0,1.0
1950,Corvus Robotics,Summer 2018,Summer,2018.0,2018-06-01,8.084873374401095,True,Active,,1.0
1951,Berbix,Summer 2018,Summer,2018.0,2018-06-01,8.084873374401095,True,Acquired,1.0,1.0
1952,The Buttermilk Company,Summer 2018,Summer,2018.0,2018-06-01,8.084873374401095,True,Inactive,0.0,0.0
1953,Duffel,Summer 2018,Summer,2018.0,2018-06-01,8.084873374401095,True,Active,,1.0
1954,Impactive (formerly Outvote),Summer 2018,Summer,2018.0,2018-06-01,8.084873374401095,True,Acquired,1.0,1.0
1955,CSPA,Summer 2018,Summer,2018.0,2018-06-01,8.084873374401095,True,Acquired,1.0,1.0
1956,Regology,Summer 2018,Summer,2018.0,2018-06-01,8.084873374401095,True,Acquired,1.0,1.0
1957,Quickchat AI,Summer 2018,Summer,2018.0,2018-06-01,8.084873374401095,True,Active,,1.0
1958,Purple Plate,Summer 2018,Summer,2018.0,2018-06-01,8.084873374401095,True,Inactive,0.0,0.0
1959,UBITS,Summer 2018,Summer,2018.0,2018-06-01,8.084873374401095,True,Active,,1.0
1960,Ajaib,Summer 2018,Summer,2018.0,2018-06-01,8.084873374401095,True,Active,,1.0
1961,"DreamCraft Entertainment, Inc.",Summer 2018,Summer,2018.0,2018-06-01,8.084873374401095,True,Active,,1.0
1963,Rain Neuromorphics,Summer 2018,Summer,2018.0,2018-06-01,8.084873374401095,True,Acquired,1.0,1.0
1964,CB Therapeutics,Summer 2018,Summer,2018.0,2018-06-01,8.084873374401095,True,Active,,1.0
1965,Pine Park Health,Summer 2018,Summer,2018.0,2018-06-01,8.084873374401095,True,Active,,1.0
1966,HappiLabs,Summer 2018,Summer,2018.0,2018-06-01,8.084873374401095,True,Acquired,1.0,1.0
1967,Mytos,Summer 2018,Summer,2018.0,2018-06-01,8.084873374401095,True,Active,,1.0
1969,BlueCargo,Summer 2018,Summer,2018.0,2018-06-01,8.084873374401095,True,Active,,1.0
1970,Alpha Vantage,Summer 2018,Summer,2018.0,2018-06-01,8.084873374401095,True,Active,,1.0
1972,BHRD,Summer 2018,Summer,2018.0,2018-06-01,8.084873374401095,True,Inactive,0.0,0.0
1973,FameGame,Summer 2018,Summer,2018.0,2018-06-01,8.084873374401095,True,Inactive,0.0,0.0
1975,hypcloud,Summer 2018,Summer,2018.0,2018-06-01,8.084873374401095,True,Acquired,1.0,1.0
1976,HeyDoctor,Summer 2018,Summer,2018.0,2018-06-01,8.084873374401095,True,Acquired,1.0,1.0
1977,MentalHappy,Summer 2018,Summer,2018.0,2018-06-01,8.084873374401095,True,Active,,1.0
1978,Papa,Summer 2018,Summer,2018.0,2018-06-01,8.084873374401095,True,Active,,1.0
1979,Canary Technologies,Summer 2018,Summer,2018.0,2018-06-01,8.084873374401095,True,Active,,1.0
1981,Coral Genomics,Summer 2018,Summer,2018.0,2018-06-01,8.084873374401095,True,Acquired,1.0,1.0
1984,The Supplant Company,Summer 2018,Summer,2018.0,2018-06-01,8.084873374401095,True,Inactive,0.0,0.0
1988,Prodigal,Summer 2018,Summer,2018.0,2018-06-01,8.084873374401095,True,Active,,1.0
1989,Calii,Summer 2018,Summer,2018.0,2018-06-01,8.084873374401095,True,Active,,1.0
1990,TENDERD,Summer 2018,Summer,2018.0,2018-06-01,8.084873374401095,True,Active,,1.0
1991,Names & Faces,Summer 2018,Summer,2018.0,2018-06-01,8.084873374401095,True,Active,,1.0
1992,Fintual,Summer 2018,Summer,2018.0,2018-06-01,8.084873374401095,True,Active,,1.0
1993,Momentus,Summer 2018,Summer,2018.0,2018-06-01,8.084873374401095,True,Public,1.0,1.0
1994,Bot MD,Summer 2018,Summer,2018.0,2018-06-01,8.084873374401095,True,Active,,1.0
1995,ZiffyHomes,Summer 2018,Summer,2018.0,2018-06-01,8.084873374401095,True,Active,,1.0
1998,Nestor,Summer 2018,Summer,2018.0,2018-06-01,8.084873374401095,True,Active,,1.0
2001,Shelf Engine,Summer 2018,Summer,2018.0,2018-06-01,8.084873374401095,True,Acquired,1.0,1.0
2002,Nova,Summer 2018,Summer,2018.0,2018-06-01,8.084873374401095,True,Acquired,1.0,1.0
2003,Eden,Summer 2018,Summer,2018.0,2018-06-01,8.084873374401095,True,Active,,1.0
2004,SkydropX,Summer 2018,Summer,2018.0,2018-06-01,8.084873374401095,True,Active,,1.0
2005,Four Growers,Summer 2018,Summer,2018.0,2018-06-01,8.084873374401095,True,Active,,1.0
2006,BrainHi,Summer 2018,Summer,2018.0,2018-06-01,8.084873374401095,True,Active,,1.0
2007,Khatabook,Summer 2018,Summer,2018.0,2018-06-01,8.084873374401095,True,Active,,1.0
2008,Goodly,Summer 2018,Summer,2018.0,2018-06-01,8.084873374401095,True,Inactive,0.0,0.0
2009,Kobo360,Summer 2018,Summer,2018.0,2018-06-01,8.084873374401095,True,Inactive,0.0,0.0
2011,Helicarrier (prev Buycoins),Summer 2018,Summer,2018.0,2018-06-01,8.084873374401095,True,Active,,1.0
2012,Cowrywise,Summer 2018,Summer,2018.0,2018-06-01,8.084873374401095,True,Active,,1.0
2013,Grin,Summer 2018,Summer,2018.0,2018-06-01,8.084873374401095,True,Acquired,1.0,1.0
2014,Mutiny,Summer 2018,Summer,2018.0,2018-06-01,8.084873374401095,True,Active,,1.0
2015,Synkrino Biotherapeutics,Summer 2018,Summer,2018.0,2018-06-01,8.084873374401095,True,Active,,1.0
2016,dNovo,Summer 2018,Summer,2018.0,2018-06-01,8.084873374401095,True,Inactive,0.0,0.0
2017,Leena AI,Summer 2018,Summer,2018.0,2018-06-01,8.084873374401095,True,Active,,1.0
2018,AnnieCannons,Summer 2018,Summer,2018.0,2018-06-01,8.084873374401095,True,Active,,1.0
2019,JuziBot,Winter 2019,Winter,2019.0,2019-01-01,7.498973305954825,True,Active,,1.0
2020,"Mark Cuban Cost Plus Drug Company, PBC",Summer 2018,Summer,2018.0,2018-06-01,8.084873374401095,True,Active,,1.0
2021,Perception Biosystems,Summer 2018,Summer,2018.0,2018-06-01,8.084873374401095,True,Inactive,0.0,0.0
2022,Oxygen,Summer 2018,Summer,2018.0,2018-06-01,8.084873374401095,True,Active,,1.0
2023,SPATE,Summer 2018,Summer,2018.0,2018-06-01,8.084873374401095,True,Active,,1.0
2024,Enveritas,Summer 2018,Summer,2018.0,2018-06-01,8.084873374401095,True,Active,,1.0
2025,LemonBox,Summer 2018,Summer,2018.0,2018-06-01,8.084873374401095,True,Active,,1.0
2026,iLabService,Summer 2018,Summer,2018.0,2018-06-01,8.084873374401095,True,Active,,1.0
2027,Dorian Therapeutics,Summer 2018,Summer,2018.0,2018-06-01,8.084873374401095,True,Acquired,1.0,1.0
2028,Rejuvenation Technologies Inc.,Summer 2018,Summer,2018.0,2018-06-01,8.084873374401095,True,Active,,1.0
2029,Circumvent,Summer 2018,Summer,2018.0,2018-06-01,8.084873374401095,True,Active,,1.0
2030,Culdesac,Summer 2018,Summer,2018.0,2018-06-01,8.084873374401095,True,Active,,1.0
2031,Gerostate Alpha,Summer 2018,Summer,2018.0,2018-06-01,8.084873374401095,True,Inactive,0.0,0.0
2032,OkCredit,Summer 2018,Summer,2018.0,2018-06-01,8.084873374401095,True,Active,,1.0
2033,Kinside,Summer 2018,Summer,2018.0,2018-06-01,8.084873374401095,True,Acquired,1.0,1.0
2034,Aesthetic,Summer 2018,Summer,2018.0,2018-06-01,8.084873374401095,True,Active,,1.0
2037,Kunduz,Summer 2018,Summer,2018.0,2018-06-01,8.084873374401095,True,Active,,1.0
4940,Wave,Winter 2012,Winter,2012.0,2012-01-01,14.499657768651609,True,Active,,1.0
11895,Overview,Winter 2019,Winter,2019.0,2019-01-01,7.498973305954825,True,Active,,1.0
11919,Taobotics,Winter 2019,Winter,2019.0,2019-01-01,7.498973305954825,True,Active,,1.0
11921,Fuzzbuzz,Winter 2019,Winter,2019.0,2019-01-01,7.498973305954825,True,Acquired,1.0,1.0
11922,Trexo Robotics,Winter 2019,Winter,2019.0,2019-01-01,7.498973305954825,True,Active,,1.0
11923,Allo,Winter 2019,Winter,2019.0,2019-01-01,7.498973305954825,True,Inactive,0.0,0.0
11924,Flockjay,Winter 2019,Winter,2019.0,2019-01-01,7.498973305954825,True,Active,,1.0
11925,Intelline,Winter 2019,Winter,2019.0,2019-01-01,7.498973305954825,True,Active,,1.0
11926,Parker,Winter 2019,Winter,2019.0,2019-01-01,7.498973305954825,True,Active,,1.0
11927,Canopy (was Encarte),Winter 2019,Winter,2019.0,2019-01-01,7.498973305954825,True,Active,,1.0
11928,ZeroStorefront,Winter 2019,Winter,2019.0,2019-01-01,7.498973305954825,True,Acquired,1.0,1.0
11929,Pippin / Rent the Backyard,Summer 2019,Summer,2019.0,2019-06-01,7.085557837097878,True,Inactive,0.0,0.0
11930,Brick Health,Winter 2019,Winter,2019.0,2019-01-01,7.498973305954825,True,Inactive,0.0,0.0
11931,Geosite,Winter 2019,Winter,2019.0,2019-01-01,7.498973305954825,True,Acquired,1.0,1.0
11932,The Juggernaut,Winter 2019,Winter,2019.0,2019-01-01,7.498973305954825,True,Active,,1.0
11933,Volk Wireless,Winter 2019,Winter,2019.0,2019-01-01,7.498973305954825,True,Inactive,0.0,0.0
11934,Positive,Winter 2019,Winter,2019.0,2019-01-01,7.498973305954825,True,Active,,1.0
11935,AllSome Fulfillment,Winter 2019,Winter,2019.0,2019-01-01,7.498973305954825,True,Active,,1.0
11936,Pachama,Winter 2019,Winter,2019.0,2019-01-01,7.498973305954825,True,Acquired,1.0,1.0
11937,Insight,Winter 2019,Winter,2019.0,2019-01-01,7.498973305954825,True,Acquired,1.0,1.0
11938,InterPrime,Winter 2019,Winter,2019.0,2019-01-01,7.498973305954825,True,Acquired,1.0,1.0
11939,Vectordash,Winter 2019,Winter,2019.0,2019-01-01,7.498973305954825,True,Inactive,0.0,0.0
11940,Keeper,Winter 2019,Winter,2019.0,2019-01-01,7.498973305954825,True,Active,,1.0
11941,Kopa,Winter 2019,Winter,2019.0,2019-01-01,7.498973305954825,True,Inactive,0.0,0.0
11942,Pengram,Winter 2019,Winter,2019.0,2019-01-01,7.498973305954825,True,Inactive,0.0,0.0
11943,Kalshi,Winter 2019,Winter,2019.0,2019-01-01,7.498973305954825,True,Active,,1.0
11944,Bottomless,Winter 2019,Winter,2019.0,2019-01-01,7.498973305954825,True,Active,,1.0
11946,Ultralight,Winter 2019,Winter,2019.0,2019-01-01,7.498973305954825,True,Active,,1.0
11947,Fit to Form,Summer 2019,Summer,2019.0,2019-06-01,7.085557837097878,True,Inactive,0.0,0.0
11948,Centaur,Winter 2019,Winter,2019.0,2019-01-01,7.498973305954825,True,Active,,1.0
11949,SpaceRyde,Winter 2019,Winter,2019.0,2019-01-01,7.498973305954825,True,Inactive,0.0,0.0
11954,Comradery,Winter 2019,Winter,2019.0,2019-01-01,7.498973305954825,True,Inactive,0.0,0.0
11955,DevFlight,Winter 2019,Winter,2019.0,2019-01-01,7.498973305954825,True,Inactive,0.0,0.0
11956,Spire Law,Winter 2019,Winter,2019.0,2019-01-01,7.498973305954825,True,Active,,1.0
11957,Green Energy Exchange,Winter 2019,Winter,2019.0,2019-01-01,7.498973305954825,True,Inactive,0.0,0.0
11959,Sunsama,Winter 2019,Winter,2019.0,2019-01-01,7.498973305954825,True,Active,,1.0
11960,Convictional,Winter 2019,Winter,2019.0,2019-01-01,7.498973305954825,True,Active,,1.0
11961,Sorting Robotics,Winter 2019,Winter,2019.0,2019-01-01,7.498973305954825,True,Active,,1.0
11962,Dyneti Technologies,Winter 2019,Winter,2019.0,2019-01-01,7.498973305954825,True,Active,,1.0
11963,SciTok,Winter 2019,Winter,2019.0,2019-01-01,7.498973305954825,True,Active,,1.0
11964,Chaser,Winter 2019,Winter,2019.0,2019-01-01,7.498973305954825,True,Inactive,0.0,0.0
11965,Preflight,Winter 2019,Winter,2019.0,2019-01-01,7.498973305954825,True,Acquired,1.0,1.0
11966,Windsor,Winter 2019,Winter,2019.0,2019-01-01,7.498973305954825,True,Acquired,1.0,1.0
11967,Ascen,Winter 2019,Winter,2019.0,2019-01-01,7.498973305954825,True,Acquired,1.0,1.0
11968,Nebullam (DBA Clayton Farms),Winter 2019,Winter,2019.0,2019-01-01,7.498973305954825,True,Active,,1.0
11969,Postscript,Winter 2019,Winter,2019.0,2019-01-01,7.498973305954825,True,Active,,1.0
11971,Portal Entryways,Winter 2019,Winter,2019.0,2019-01-01,7.498973305954825,True,Inactive,0.0,0.0
11972,Convex,Winter 2019,Winter,2019.0,2019-01-01,7.498973305954825,True,Acquired,1.0,1.0
11974,FLOWER CO.,Winter 2019,Winter,2019.0,2019-01-01,7.498973305954825,True,Active,,1.0
11975,Hatch,Winter 2019,Winter,2019.0,2019-01-01,7.498973305954825,True,Acquired,1.0,1.0
11976,BrainKey,Winter 2019,Winter,2019.0,2019-01-01,7.498973305954825,True,Active,,1.0
11977,MedCrypt,Winter 2019,Winter,2019.0,2019-01-01,7.498973305954825,True,Active,,1.0
11978,Avalanche,Winter 2019,Winter,2019.0,2019-01-01,7.498973305954825,True,Inactive,0.0,0.0
11979,LEAH Labs,Winter 2019,Winter,2019.0,2019-01-01,7.498973305954825,True,Active,,1.0
11981,Windwalk,Winter 2019,Winter,2019.0,2019-01-01,7.498973305954825,True,Active,,1.0
11982,Herald,Winter 2019,Winter,2019.0,2019-01-01,7.498973305954825,True,Inactive,0.0,0.0
11983,Middesk,Winter 2019,Winter,2019.0,2019-01-01,7.498973305954825,True,Active,,1.0
11984,GoLinks,Winter 2019,Winter,2019.0,2019-01-01,7.498973305954825,True,Active,,1.0
11985,Coursedog,Winter 2019,Winter,2019.0,2019-01-01,7.498973305954825,True,Acquired,1.0,1.0
11986,Tailornova/Couturme,Winter 2019,Winter,2019.0,2019-01-01,7.498973305954825,True,Active,,1.0
11987,Hutsy,Summer 2019,Summer,2019.0,2019-06-01,7.085557837097878,True,Inactive,0.0,0.0
11988,Thrive Agric,Winter 2019,Winter,2019.0,2019-01-01,7.498973305954825,True,Active,,1.0
11990,Adventurous Co,Winter 2019,Winter,2019.0,2019-01-01,7.498973305954825,True,Inactive,0.0,0.0
11991,Community Phone Company,Winter 2019,Winter,2019.0,2019-01-01,7.498973305954825,True,Active,,1.0
11992,Basilica,Winter 2019,Winter,2019.0,2019-01-01,7.498973305954825,True,Inactive,0.0,0.0
11993,WeatherCheck,Winter 2019,Winter,2019.0,2019-01-01,7.498973305954825,True,Active,,1.0
11994,Sapling.ai,Winter 2019,Winter,2019.0,2019-01-01,7.498973305954825,True,Active,,1.0
11995,Nabis,Winter 2019,Winter,2019.0,2019-01-01,7.498973305954825,True,Active,,1.0
12002,Forage,Winter 2019,Winter,2019.0,2019-01-01,7.498973305954825,True,Acquired,1.0,1.0
12003,Avo,Winter 2019,Winter,2019.0,2019-01-01,7.498973305954825,True,Active,,1.0
12004,Simmer,Winter 2019,Winter,2019.0,2019-01-01,7.498973305954825,True,Inactive,0.0,0.0
12005,Demodesk,Winter 2019,Winter,2019.0,2019-01-01,7.498973305954825,True,Active,,1.0
12006,AI Insurance,Winter 2019,Winter,2019.0,2019-01-01,7.498973305954825,True,Active,,1.0
12008,Swadesh,Summer 2019,Summer,2019.0,2019-06-01,7.085557837097878,True,Active,,1.0
12009,Visly,Winter 2019,Winter,2019.0,2019-01-01,7.498973305954825,True,Acquired,1.0,1.0
12010,Switchboard,Winter 2019,Winter,2019.0,2019-01-01,7.498973305954825,True,Active,,1.0
12011,ResistanceBio,Winter 2019,Winter,2019.0,2019-01-01,7.498973305954825,True,Inactive,0.0,0.0
12012,Atomic Alchemy,Winter 2019,Winter,2019.0,2019-01-01,7.498973305954825,True,Acquired,1.0,1.0
12013,Evo.Do,Winter 2019,Winter,2019.0,2019-01-01,7.498973305954825,True,Inactive,0.0,0.0
12014,Docbot,Winter 2019,Winter,2019.0,2019-01-01,7.498973305954825,True,Acquired,1.0,1.0
12015,Docucharm,Winter 2019,Winter,2019.0,2019-01-01,7.498973305954825,True,Inactive,0.0,0.0
12020,Bensen,Winter 2019,Winter,2019.0,2019-01-01,7.498973305954825,True,Active,,1.0
12031,Elph,Winter 2019,Winter,2019.0,2019-01-01,7.498973305954825,True,Acquired,1.0,1.0
12032,Okteto,Winter 2019,Winter,2019.0,2019-01-01,7.498973305954825,True,Active,,1.0
12033,PerShop,Winter 2019,Winter,2019.0,2019-01-01,7.498973305954825,True,Inactive,0.0,0.0
12034,Askdata,Winter 2019,Winter,2019.0,2019-01-01,7.498973305954825,True,Acquired,1.0,1.0
12035,Ashby,Winter 2019,Winter,2019.0,2019-01-01,7.498973305954825,True,Active,,1.0
12036,Probably Genetic,Winter 2019,Winter,2019.0,2019-01-01,7.498973305954825,True,Active,,1.0
12037,Supernova,Winter 2019,Winter,2019.0,2019-01-01,7.498973305954825,True,Active,,1.0
12038,Doorport,Winter 2019,Winter,2019.0,2019-01-01,7.498973305954825,True,Acquired,1.0,1.0
12039,Termius,Winter 2019,Winter,2019.0,2019-01-01,7.498973305954825,True,Active,,1.0
12040,Superorder,Summer 2019,Summer,2019.0,2019-06-01,7.085557837097878,True,Active,,1.0
12041,Maitian.ai,Winter 2019,Winter,2019.0,2019-01-01,7.498973305954825,True,Inactive,0.0,0.0
12042,Bunkerhill Health,Winter 2019,Winter,2019.0,2019-01-01,7.498973305954825,True,Active,,1.0
12043,Handle.com,Winter 2019,Winter,2019.0,2019-01-01,7.498973305954825,True,Active,,1.0
12045,BlitzIQ,Winter 2019,Winter,2019.0,2019-01-01,7.498973305954825,True,Inactive,0.0,0.0
12046,Excepgen,Winter 2019,Winter,2019.0,2019-01-01,7.498973305954825,True,Active,,1.0
12047,AuroraQ,Winter 2019,Winter,2019.0,2019-01-01,7.498973305954825,True,Inactive,0.0,0.0
12053,Mobot,Winter 2019,Winter,2019.0,2019-01-01,7.498973305954825,True,Active,,1.0
12056,Intact Therapeutics,Winter 2019,Winter,2019.0,2019-01-01,7.498973305954825,True,Active,,1.0
12057,Landed,Winter 2019,Winter,2019.0,2019-01-01,7.498973305954825,True,Active,,1.0
12062,Autodial prev Qwest,Winter 2019,Winter,2019.0,2019-01-01,7.498973305954825,True,Active,,1.0
12063,Pyxai,Winter 2019,Winter,2019.0,2019-01-01,7.498973305954825,True,Active,,1.0
12064,Deel,Winter 2019,Winter,2019.0,2019-01-01,7.498973305954825,True,Active,,1.0
12065,Axel Travel,Winter 2019,Winter,2019.0,2019-01-01,7.498973305954825,True,Active,,1.0
12067,PNOĒ,Winter 2019,Winter,2019.0,2019-01-01,7.498973305954825,True,Active,,1.0
12068,Cherry,Winter 2019,Winter,2019.0,2019-01-01,7.498973305954825,True,Inactive,0.0,0.0
12070,Doppler,Winter 2019,Winter,2019.0,2019-01-01,7.498973305954825,True,Active,,1.0
12071,Ravn,Winter 2019,Winter,2019.0,2019-01-01,7.498973305954825,True,Active,,1.0
12072,CareerTu,Winter 2019,Winter,2019.0,2019-01-01,7.498973305954825,True,Inactive,0.0,0.0
12073,Fuse,Winter 2019,Winter,2019.0,2019-01-01,7.498973305954825,True,Inactive,0.0,0.0
12074,Caribou,Winter 2019,Winter,2019.0,2019-01-01,7.498973305954825,True,Active,,1.0
12076,Wren,Summer 2019,Summer,2019.0,2019-06-01,7.085557837097878,True,Active,,1.0
12077,Instapath Inc.,Winter 2019,Winter,2019.0,2019-01-01,7.498973305954825,True,Active,,1.0
12078,Cocoon,Winter 2019,Winter,2019.0,2019-01-01,7.498973305954825,True,Acquired,1.0,1.0
12079,DailyDoctor,Winter 2019,Winter,2019.0,2019-01-01,7.498973305954825,True,Inactive,0.0,0.0
12080,Aura Vision,Winter 2019,Winter,2019.0,2019-01-01,7.498973305954825,True,Active,,1.0
12082,Wanderlog,Winter 2019,Winter,2019.0,2019-01-01,7.498973305954825,True,Active,,1.0
12083,Valo,Winter 2019,Winter,2019.0,2019-01-01,7.498973305954825,True,Active,,1.0
12084,JetPack Aviation,Winter 2019,Winter,2019.0,2019-01-01,7.498973305954825,True,Active,,1.0
12085,"Volta Labs, Inc.",Winter 2019,Winter,2019.0,2019-01-01,7.498973305954825,True,Active,,1.0
12088,Reelables,Winter 2019,Winter,2019.0,2019-01-01,7.498973305954825,True,Active,,1.0
12089,Heart Aerospace,Winter 2019,Winter,2019.0,2019-01-01,7.498973305954825,True,Active,,1.0
12090,Hypnos,Winter 2019,Winter,2019.0,2019-01-01,7.498973305954825,True,Inactive,0.0,0.0
12091,Superb AI,Winter 2019,Winter,2019.0,2019-01-01,7.498973305954825,True,Active,,1.0
12092,Traverse Technologies,Winter 2019,Winter,2019.0,2019-01-01,7.498973305954825,True,Inactive,0.0,0.0
12093,Dagger,Winter 2019,Winter,2019.0,2019-01-01,7.498973305954825,True,Active,,1.0
12094,Our World in Data,Winter 2019,Winter,2019.0,2019-01-01,7.498973305954825,True,Active,,1.0
12095,Upsolve,Winter 2019,Winter,2019.0,2019-01-01,7.498973305954825,True,Active,,1.0
12096,Maple Materials,Winter 2019,Winter,2019.0,2019-01-01,7.498973305954825,True,Active,,1.0
12119,Alpaca,Winter 2019,Winter,2019.0,2019-01-01,7.498973305954825,True,Active,,1.0
12124,XGenomes,Winter 2019,Winter,2019.0,2019-01-01,7.498973305954825,True,Active,,1.0
12129,Dover,Summer 2019,Summer,2019.0,2019-06-01,7.085557837097878,True,Active,,1.0
12136,AmpUp,Winter 2019,Winter,2019.0,2019-01-01,7.498973305954825,True,Active,,1.0
12175,Capture,Winter 2019,Winter,2019.0,2019-01-01,7.498973305954825,True,Inactive,0.0,0.0
12210,Endpoint Health,Winter 2019,Winter,2019.0,2019-01-01,7.498973305954825,True,Inactive,0.0,0.0
12234,Skill-lync,Winter 2019,Winter,2019.0,2019-01-01,7.498973305954825,True,Active,,1.0
12235,Mudrex,Winter 2019,Winter,2019.0,2019-01-01,7.498973305954825,True,Active,,1.0
12236,NALA,Winter 2019,Winter,2019.0,2019-01-01,7.498973305954825,True,Active,,1.0
12237,Nowports,Winter 2019,Winter,2019.0,2019-01-01,7.498973305954825,True,Active,,1.0
12238,Seawise Capital,Winter 2019,Winter,2019.0,2019-01-01,7.498973305954825,True,Acquired,1.0,1.0
12239,Slapdash,Winter 2019,Winter,2019.0,2019-01-01,7.498973305954825,True,Acquired,1.0,1.0
12240,Zippi,Summer 2019,Summer,2019.0,2019-06-01,7.085557837097878,True,Active,,1.0
12241,Shiok Meats,Winter 2019,Winter,2019.0,2019-01-01,7.498973305954825,True,Acquired,1.0,1.0
12242,AccioJob,Winter 2019,Winter,2019.0,2019-01-01,7.498973305954825,True,Active,,1.0
12243,Beacons,Summer 2019,Summer,2019.0,2019-06-01,7.085557837097878,True,Active,,1.0
12244,Kovi,Winter 2019,Winter,2019.0,2019-01-01,7.498973305954825,True,Acquired,1.0,1.0
12245,Edyst,Winter 2019,Winter,2019.0,2019-01-01,7.498973305954825,True,Active,,1.0
12246,Keynua,Winter 2019,Winter,2019.0,2019-01-01,7.498973305954825,True,Active,,1.0
12247,Exly,Winter 2019,Winter,2019.0,2019-01-01,7.498973305954825,True,Active,,1.0
12248,CredPal,Winter 2019,Winter,2019.0,2019-01-01,7.498973305954825,True,Active,,1.0
12249,Spring in Africa,Winter 2019,Winter,2019.0,2019-01-01,7.498973305954825,True,Active,,1.0
12250,Bentocart,Winter 2019,Winter,2019.0,2019-01-01,7.498973305954825,True,Active,,1.0
12251,Emi Labs,Winter 2019,Winter,2019.0,2019-01-01,7.498973305954825,True,Active,,1.0
12252,54Gene,Winter 2019,Winter,2019.0,2019-01-01,7.498973305954825,True,Inactive,0.0,0.0
12255,Lezzoo,Winter 2019,Winter,2019.0,2019-01-01,7.498973305954825,True,Active,,1.0
12256,Glide,Winter 2019,Winter,2019.0,2019-01-01,7.498973305954825,True,Active,,1.0
12257,Cityfurnish,Winter 2019,Winter,2019.0,2019-01-01,7.498973305954825,True,Active,,1.0
12258,Datamode,Winter 2019,Winter,2019.0,2019-01-01,7.498973305954825,True,Inactive,0.0,0.0
12259,Pulse Active Stations Network,Winter 2019,Winter,2019.0,2019-01-01,7.498973305954825,True,Active,,1.0
12260,AXDRAFT,Winter 2019,Winter,2019.0,2019-01-01,7.498973305954825,True,Acquired,1.0,1.0
12261,Pronto,Winter 2019,Winter,2019.0,2019-01-01,7.498973305954825,True,Active,,1.0
12262,Cuanto,Winter 2019,Winter,2019.0,2019-01-01,7.498973305954825,True,Active,,1.0
12263,Rune,Winter 2019,Winter,2019.0,2019-01-01,7.498973305954825,True,Active,,1.0
12264,Frubana Inc,Winter 2019,Winter,2019.0,2019-01-01,7.498973305954825,True,Inactive,0.0,0.0
12265,Sublime Black,Winter 2019,Winter,2019.0,2019-01-01,7.498973305954825,True,Inactive,0.0,0.0
12266,Dockup,Winter 2019,Winter,2019.0,2019-01-01,7.498973305954825,True,Active,,1.0
12267,Mars Auto,Winter 2019,Winter,2019.0,2019-01-01,7.498973305954825,True,Active,,1.0
12271,Allure Systems,Winter 2019,Winter,2019.0,2019-01-01,7.498973305954825,True,Acquired,1.0,1.0
12272,VotingWorks,Winter 2019,Winter,2019.0,2019-01-01,7.498973305954825,True,Active,,1.0
12273,Globe,Winter 2019,Winter,2019.0,2019-01-01,7.498973305954825,True,Active,,1.0
12274,Inito,Winter 2019,Winter,2019.0,2019-01-01,7.498973305954825,True,Active,,1.0
12275,WorkClout,Winter 2019,Winter,2019.0,2019-01-01,7.498973305954825,True,Acquired,1.0,1.0
12276,Latchel,Winter 2019,Winter,2019.0,2019-01-01,7.498973305954825,True,Active,,1.0
12277,Tailor-ED,Winter 2019,Winter,2019.0,2019-01-01,7.498973305954825,True,Inactive,0.0,0.0
12278,Verto,Winter 2019,Winter,2019.0,2019-01-01,7.498973305954825,True,Active,,1.0
12279,FIRST,Winter 2019,Winter,2019.0,2019-01-01,7.498973305954825,True,Active,,1.0
12280,Cosmic,Winter 2019,Winter,2019.0,2019-01-01,7.498973305954825,True,Active,,1.0
12281,Pools (fka Withfriends),Winter 2019,Winter,2019.0,2019-01-01,7.498973305954825,True,Active,,1.0
12282,Truora,Winter 2019,Winter,2019.0,2019-01-01,7.498973305954825,True,Active,,1.0
12283,"OutRival, Inc.",Winter 2019,Winter,2019.0,2019-01-01,7.498973305954825,True,Active,,1.0
12284,Basement,Winter 2019,Winter,2019.0,2019-01-01,7.498973305954825,True,Inactive,0.0,0.0
12286,1910,Winter 2019,Winter,2019.0,2019-01-01,7.498973305954825,True,Active,,1.0
12287,Prometheus,Winter 2019,Winter,2019.0,2019-01-01,7.498973305954825,True,Active,,1.0
12297,Numero,Winter 2019,Winter,2019.0,2019-01-01,7.498973305954825,True,Active,,1.0
12299,rct AI,Winter 2019,Winter,2019.0,2019-01-01,7.498973305954825,True,Active,,1.0
12300,Atlas,Winter 2019,Winter,2019.0,2019-01-01,7.498973305954825,True,Active,,1.0
12325,NaturAll Club,Winter 2019,Winter,2019.0,2019-01-01,7.498973305954825,True,Active,,1.0
12344,Accept.inc (formerly BoardRE),Winter 2019,Winter,2019.0,2019-01-01,7.498973305954825,True,Acquired,1.0,1.0
12352,Taali Inc,Winter 2019,Winter,2019.0,2019-01-01,7.498973305954825,True,Active,,1.0
12355,YourChoice Therapeutics,Winter 2019,Winter,2019.0,2019-01-01,7.498973305954825,True,Active,,1.0
12356,Memfault,Winter 2019,Winter,2019.0,2019-01-01,7.498973305954825,True,Acquired,1.0,1.0
12358,Eclipse Foods,Winter 2019,Winter,2019.0,2019-01-01,7.498973305954825,True,Active,,1.0
12362,Mage,Winter 2019,Winter,2019.0,2019-01-01,7.498973305954825,True,Inactive,0.0,0.0
12366,Catch,Winter 2019,Winter,2019.0,2019-01-01,7.498973305954825,True,Acquired,1.0,1.0
12371,Buy Me a Coffee,Winter 2019,Winter,2019.0,2019-01-01,7.498973305954825,True,Active,,1.0
12372,Balto,Winter 2019,Winter,2019.0,2019-01-01,7.498973305954825,True,Acquired,1.0,1.0
12373,Shipper,Winter 2019,Winter,2019.0,2019-01-01,7.498973305954825,True,Active,,1.0
12374,Schoolable,Winter 2019,Winter,2019.0,2019-01-01,7.498973305954825,True,Active,,1.0
12387,Union Apartment,Winter 2019,Winter,2019.0,2019-01-01,7.498973305954825,True,Inactive,0.0,0.0
12391,ZeroDown,Winter 2019,Winter,2019.0,2019-01-01,7.498973305954825,True,Acquired,1.0,1.0
12393,Shef,Winter 2019,Winter,2019.0,2019-01-01,7.498973305954825,True,Active,,1.0
12415,Spiral Genetics,Winter 2019,Winter,2019.0,2019-01-01,7.498973305954825,True,Inactive,0.0,0.0
12425,Together Software,Summer 2019,Summer,2019.0,2019-06-01,7.085557837097878,True,Acquired,1.0,1.0
12452,Vizy,Summer 2019,Summer,2019.0,2019-06-01,7.085557837097878,True,Inactive,0.0,0.0
12453,Path,Summer 2019,Summer,2019.0,2019-06-01,7.085557837097878,True,Inactive,0.0,0.0
12454,Prenda,Summer 2019,Summer,2019.0,2019-06-01,7.085557837097878,True,Active,,1.0
12461,Safely Finance,Summer 2019,Summer,2019.0,2019-06-01,7.085557837097878,True,Inactive,0.0,0.0
12502,Bun,Summer 2019,Summer,2019.0,2019-06-01,7.085557837097878,True,Acquired,1.0,1.0
12504,Vouch,Summer 2019,Summer,2019.0,2019-06-01,7.085557837097878,True,Active,,1.0
12507,Playground,Summer 2019,Summer,2019.0,2019-06-01,7.085557837097878,True,Inactive,0.0,0.0
12509,PopSQL,Summer 2019,Summer,2019.0,2019-06-01,7.085557837097878,True,Acquired,1.0,1.0
12525,Dex,Summer 2019,Summer,2019.0,2019-06-01,7.085557837097878,True,Active,,1.0
12526,MoFE,Summer 2019,Summer,2019.0,2019-06-01,7.085557837097878,True,Inactive,0.0,0.0
12527,matagora,Summer 2019,Summer,2019.0,2019-06-01,7.085557837097878,True,Active,,1.0
12530,Cuboh,Summer 2019,Summer,2019.0,2019-06-01,7.085557837097878,True,Acquired,1.0,1.0
12531,Shiru,Summer 2019,Summer,2019.0,2019-06-01,7.085557837097878,True,Active,,1.0
12532,Apero Health,Summer 2019,Summer,2019.0,2019-06-01,7.085557837097878,True,Active,,1.0
12533,Lofty,Summer 2019,Summer,2019.0,2019-06-01,7.085557837097878,True,Active,,1.0
12534,Courier,Summer 2019,Summer,2019.0,2019-06-01,7.085557837097878,True,Active,,1.0
12536,Plotdrive,Summer 2019,Summer,2019.0,2019-06-01,7.085557837097878,True,Active,,1.0
12539,Hey Healthcare,Summer 2019,Summer,2019.0,2019-06-01,7.085557837097878,True,Inactive,0.0,0.0
12541,ReverCare,Summer 2019,Summer,2019.0,2019-06-01,7.085557837097878,True,Inactive,0.0,0.0
12542,Palifer,Summer 2019,Summer,2019.0,2019-06-01,7.085557837097878,True,Acquired,1.0,1.0
12544,Souffle Club,Summer 2019,Summer,2019.0,2019-06-01,7.085557837097878,True,Inactive,0.0,0.0
12545,Method Financial,Summer 2019,Summer,2019.0,2019-06-01,7.085557837097878,True,Active,,1.0
12546,Gamebytes,Summer 2019,Summer,2019.0,2019-06-01,7.085557837097878,True,Active,,1.0
12547,BuildStream,Summer 2019,Summer,2019.0,2019-06-01,7.085557837097878,True,Inactive,0.0,0.0
12548,Pillar,Summer 2019,Summer,2019.0,2019-06-01,7.085557837097878,True,Active,,1.0
12549,Symplex,Summer 2019,Summer,2019.0,2019-06-01,7.085557837097878,True,Acquired,1.0,1.0
12550,Kraftful,Summer 2019,Summer,2019.0,2019-06-01,7.085557837097878,True,Acquired,1.0,1.0
12553,Well Principled,Summer 2019,Summer,2019.0,2019-06-01,7.085557837097878,True,Active,,1.0
12554,Legacy,Summer 2019,Summer,2019.0,2019-06-01,7.085557837097878,True,Active,,1.0
12555,Mighty Health,Summer 2019,Summer,2019.0,2019-06-01,7.085557837097878,True,Inactive,0.0,0.0
12560,Shift Health,Summer 2019,Summer,2019.0,2019-06-01,7.085557837097878,True,Active,,1.0
12564,Juno College of Technology,Summer 2019,Summer,2019.0,2019-06-01,7.085557837097878,True,Active,,1.0
12565,Odeko,Summer 2019,Summer,2019.0,2019-06-01,7.085557837097878,True,Active,,1.0
12570,Prompt,Summer 2019,Summer,2019.0,2019-06-01,7.085557837097878,True,Inactive,0.0,0.0
12571,Preclusio,Summer 2019,Summer,2019.0,2019-06-01,7.085557837097878,True,Inactive,0.0,0.0
12572,Short Story,Summer 2019,Summer,2019.0,2019-06-01,7.085557837097878,True,Active,,1.0
12573,Bayes,Summer 2019,Summer,2019.0,2019-06-01,7.085557837097878,True,Acquired,1.0,1.0
12574,Jupiter,Summer 2019,Summer,2019.0,2019-06-01,7.085557837097878,True,Active,,1.0
12575,Zeal,Summer 2019,Summer,2019.0,2019-06-01,7.085557837097878,True,Active,,1.0
12578,Hype and Vice,Summer 2019,Summer,2019.0,2019-06-01,7.085557837097878,True,Active,,1.0
12579,Encepheal Therapeutics,Summer 2019,Summer,2019.0,2019-06-01,7.085557837097878,True,Inactive,0.0,0.0
12580,Voyage Biomedical,Summer 2019,Summer,2019.0,2019-06-01,7.085557837097878,True,Acquired,1.0,1.0
12581,Genecis Bio,Winter 2020,Winter,2020.0,2020-01-01,6.499657768651608,True,Active,,1.0
12582,Pair Team,Summer 2019,Summer,2019.0,2019-06-01,7.085557837097878,True,Active,,1.0
12583,Muddy,Summer 2019,Summer,2019.0,2019-06-01,7.085557837097878,True,Inactive,0.0,0.0
12584,Intersect Labs,Summer 2019,Summer,2019.0,2019-06-01,7.085557837097878,True,Acquired,1.0,1.0
12585,Ever Loved,Summer 2019,Summer,2019.0,2019-06-01,7.085557837097878,True,Active,,1.0
12591,Actiondesk,Summer 2019,Summer,2019.0,2019-06-01,7.085557837097878,True,Acquired,1.0,1.0
12597,Lucid Bots,Summer 2019,Summer,2019.0,2019-06-01,7.085557837097878,True,Active,,1.0
12598,Narrator,Summer 2019,Summer,2019.0,2019-06-01,7.085557837097878,True,Inactive,0.0,0.0
12599,Sable,Summer 2019,Summer,2019.0,2019-06-01,7.085557837097878,True,Acquired,1.0,1.0
12600,Obie,Summer 2019,Summer,2019.0,2019-06-01,7.085557837097878,True,Acquired,1.0,1.0
12608,TRM Labs,Summer 2019,Summer,2019.0,2019-06-01,7.085557837097878,True,Active,,1.0
12609,Soteris,Summer 2019,Summer,2019.0,2019-06-01,7.085557837097878,True,Active,,1.0
12610,Lantern,Summer 2019,Summer,2019.0,2019-06-01,7.085557837097878,True,Inactive,0.0,0.0
12611,AudioFocus,Summer 2019,Summer,2019.0,2019-06-01,7.085557837097878,True,Active,,1.0
12612,Prolific,Summer 2019,Summer,2019.0,2019-06-01,7.085557837097878,True,Active,,1.0
12613,Dashblock,Summer 2019,Summer,2019.0,2019-06-01,7.085557837097878,True,Inactive,0.0,0.0
12614,GEn1E Lifesciences,Summer 2019,Summer,2019.0,2019-06-01,7.085557837097878,True,Active,,1.0
12615,LunaSec,Summer 2019,Summer,2019.0,2019-06-01,7.085557837097878,True,Inactive,0.0,0.0
12618,Embrace,Summer 2019,Summer,2019.0,2019-06-01,7.085557837097878,True,Active,,1.0
12619,Mindset Health,Summer 2019,Summer,2019.0,2019-06-01,7.085557837097878,True,Active,,1.0
12621,Kitekraft,Summer 2019,Summer,2019.0,2019-06-01,7.085557837097878,True,Active,,1.0
12622,Yummy Future,Summer 2019,Summer,2019.0,2019-06-01,7.085557837097878,True,Active,,1.0
12623,Lumineye,Summer 2019,Summer,2019.0,2019-06-01,7.085557837097878,True,Inactive,0.0,0.0
12624,Revel,Summer 2019,Summer,2019.0,2019-06-01,7.085557837097878,True,Inactive,0.0,0.0
12625,UpEquity,Summer 2019,Summer,2019.0,2019-06-01,7.085557837097878,True,Active,,1.0
12626,Localyze,Summer 2019,Summer,2019.0,2019-06-01,7.085557837097878,True,Acquired,1.0,1.0
12627,TaxProper,Summer 2019,Summer,2019.0,2019-06-01,7.085557837097878,True,Acquired,1.0,1.0
12628,FeaturePeek,Summer 2019,Summer,2019.0,2019-06-01,7.085557837097878,True,Acquired,1.0,1.0
12629,Nonu,Summer 2019,Summer,2019.0,2019-06-01,7.085557837097878,True,Inactive,0.0,0.0
12630,Tandem,Summer 2019,Summer,2019.0,2019-06-01,7.085557837097878,True,Inactive,0.0,0.0
12631,Fynn,Summer 2019,Summer,2019.0,2019-06-01,7.085557837097878,True,Active,,1.0
12632,ZETA SURGICAL,Summer 2019,Summer,2019.0,2019-06-01,7.085557837097878,True,Active,,1.0
12637,OpenReplay,Summer 2019,Summer,2019.0,2019-06-01,7.085557837097878,True,Active,,1.0
12638,Milo,Winter 2020,Winter,2020.0,2020-01-01,6.499657768651608,True,Inactive,0.0,0.0
12639,Banner,Summer 2019,Summer,2019.0,2019-06-01,7.085557837097878,True,Active,,1.0
12640,KubeSail,Summer 2019,Summer,2019.0,2019-06-01,7.085557837097878,True,Active,,1.0
12641,Green Canopy NODE,Summer 2019,Summer,2019.0,2019-06-01,7.085557837097878,True,Active,,1.0
12642,Canix,Summer 2019,Summer,2019.0,2019-06-01,7.085557837097878,True,Active,,1.0
12643,Outtalent,Summer 2019,Summer,2019.0,2019-06-01,7.085557837097878,True,Active,,1.0
12645,Brave Care,Summer 2019,Summer,2019.0,2019-06-01,7.085557837097878,True,Inactive,0.0,0.0
12646,Downtobid,Summer 2019,Summer,2019.0,2019-06-01,7.085557837097878,True,Acquired,1.0,1.0
12647,Rainbow,Summer 2019,Summer,2019.0,2019-06-01,7.085557837097878,True,Active,,1.0
12648,Flo,Summer 2019,Summer,2019.0,2019-06-01,7.085557837097878,True,Active,,1.0
12650,Lightwell,Summer 2019,Summer,2019.0,2019-06-01,7.085557837097878,True,Inactive,0.0,0.0
12653,Million Marker,Summer 2019,Summer,2019.0,2019-06-01,7.085557837097878,True,Active,,1.0
12654,Bouncer,Summer 2019,Summer,2019.0,2019-06-01,7.085557837097878,True,Acquired,1.0,1.0
12655,Compound,Summer 2019,Summer,2019.0,2019-06-01,7.085557837097878,True,Acquired,1.0,1.0
12656,Adla,Summer 2019,Summer,2019.0,2019-06-01,7.085557837097878,True,Inactive,0.0,0.0
12657,Zergo,Summer 2019,Summer,2019.0,2019-06-01,7.085557837097878,True,Inactive,0.0,0.0
12658,Blair,Summer 2019,Summer,2019.0,2019-06-01,7.085557837097878,True,Inactive,0.0,0.0
12659,Hatchways,Summer 2019,Summer,2019.0,2019-06-01,7.085557837097878,True,Active,,1.0
12660,Rosebud AI,Summer 2019,Summer,2019.0,2019-06-01,7.085557837097878,True,Active,,1.0
12661,Rutter,Summer 2019,Summer,2019.0,2019-06-01,7.085557837097878,True,Active,,1.0
12662,DirectShifts,Summer 2019,Summer,2019.0,2019-06-01,7.085557837097878,True,Active,,1.0
12663,Arpeggio Bio,Summer 2019,Summer,2019.0,2019-06-01,7.085557837097878,True,Active,,1.0
12664,Kern Systems,Summer 2019,Summer,2019.0,2019-06-01,7.085557837097878,True,Active,,1.0
12665,PlayAbly,Summer 2019,Summer,2019.0,2019-06-01,7.085557837097878,True,Inactive,0.0,0.0
12666,spotLESS Materials,Summer 2019,Summer,2019.0,2019-06-01,7.085557837097878,True,Active,,1.0
12669,Data Mechanics,Summer 2019,Summer,2019.0,2019-06-01,7.085557837097878,True,Acquired,1.0,1.0
12674,Microverse,Summer 2019,Summer,2019.0,2019-06-01,7.085557837097878,True,Active,,1.0
12675,Wasmer,Summer 2019,Summer,2019.0,2019-06-01,7.085557837097878,True,Active,,1.0
12676,Flow,Summer 2019,Summer,2019.0,2019-06-01,7.085557837097878,True,Inactive,0.0,0.0
12677,EARTH AI,Summer 2019,Summer,2019.0,2019-06-01,7.085557837097878,True,Active,,1.0
12682,CoLab,Summer 2019,Summer,2019.0,2019-06-01,7.085557837097878,True,Active,,1.0
12700,LineLeap,Summer 2019,Summer,2019.0,2019-06-01,7.085557837097878,True,Active,,1.0
12705,Gaiascope,Summer 2019,Summer,2019.0,2019-06-01,7.085557837097878,True,Acquired,1.0,1.0
12710,Wingman,Summer 2019,Summer,2019.0,2019-06-01,7.085557837097878,True,Acquired,1.0,1.0
12711,Binks,Summer 2019,Summer,2019.0,2019-06-01,7.085557837097878,True,Active,,1.0
12723,Lokal,Summer 2019,Summer,2019.0,2019-06-01,7.085557837097878,True,Active,,1.0
12724,Chaos Genius,Winter 2020,Winter,2020.0,2020-01-01,6.499657768651608,True,Acquired,1.0,1.0
12725,DocVita,Winter 2020,Winter,2020.0,2020-01-01,6.499657768651608,True,Active,,1.0
12726,HelpNow,Winter 2020,Winter,2020.0,2020-01-01,6.499657768651608,True,Inactive,0.0,0.0
12727,Proof Trading,Summer 2019,Summer,2019.0,2019-06-01,7.085557837097878,True,Active,,1.0
12728,MyPetrolPump,Summer 2019,Summer,2019.0,2019-06-01,7.085557837097878,True,Acquired,1.0,1.0
12736,Boost Biomes,Summer 2019,Summer,2019.0,2019-06-01,7.085557837097878,True,Inactive,0.0,0.0
12737,Tensil,Summer 2019,Summer,2019.0,2019-06-01,7.085557837097878,True,Inactive,0.0,0.0
12738,Vahan,Summer 2019,Summer,2019.0,2019-06-01,7.085557837097878,True,Active,,1.0
12739,Digi-Prex,Summer 2019,Summer,2019.0,2019-06-01,7.085557837097878,True,Active,,1.0
12740,Khabri,Summer 2019,Summer,2019.0,2019-06-01,7.085557837097878,True,Inactive,0.0,0.0
12741,Namaste Business,Summer 2019,Summer,2019.0,2019-06-01,7.085557837097878,True,Inactive,0.0,0.0
12742,Finlens,Winter 2020,Winter,2020.0,2020-01-01,6.499657768651608,True,Active,,1.0
12743,Loop Health,Winter 2020,Winter,2020.0,2020-01-01,6.499657768651608,True,Active,,1.0
12760,FamPay,Summer 2019,Summer,2019.0,2019-06-01,7.085557837097878,True,Active,,1.0
12768,Ramen VR,Summer 2019,Summer,2019.0,2019-06-01,7.085557837097878,True,Active,,1.0
12769,Demand Curve,Summer 2019,Summer,2019.0,2019-06-01,7.085557837097878,True,Active,,1.0
12797,Spice Data,Summer 2019,Summer,2019.0,2019-06-01,7.085557837097878,True,Active,,1.0
12821,Hightouch,Summer 2019,Summer,2019.0,2019-06-01,7.085557837097878,True,Active,,1.0
12824,Midnox,Winter 2012,Winter,2012.0,2012-01-01,14.499657768651609,True,Acquired,1.0,1.0
12829,Gotrade,Summer 2019,Summer,2019.0,2019-06-01,7.085557837097878,True,Active,,1.0
12830,Eden Farm,Summer 2019,Summer,2019.0,2019-06-01,7.085557837097878,True,Active,,1.0
12831,Facio,Winter 2020,Winter,2020.0,2020-01-01,6.499657768651608,True,Active,,1.0
12832,PredictLeads,Summer 2019,Summer,2019.0,2019-06-01,7.085557837097878,True,Active,,1.0
12833,stoic.,Summer 2019,Summer,2019.0,2019-06-01,7.085557837097878,True,Active,,1.0
12834,Flux,Summer 2019,Summer,2019.0,2019-06-01,7.085557837097878,True,Active,,1.0
12835,Multis,Summer 2019,Summer,2019.0,2019-06-01,7.085557837097878,True,Inactive,0.0,0.0
12836,Trella,Summer 2019,Summer,2019.0,2019-06-01,7.085557837097878,True,Active,,1.0
12837,Recidiviz,Summer 2019,Summer,2019.0,2019-06-01,7.085557837097878,True,Active,,1.0
12838,Holy Grail,Summer 2019,Summer,2019.0,2019-06-01,7.085557837097878,True,Active,,1.0
12839,Tranqui Finanzas,Summer 2019,Summer,2019.0,2019-06-01,7.085557837097878,True,Active,,1.0
12841,Heru,Summer 2019,Summer,2019.0,2019-06-01,7.085557837097878,True,Active,,1.0
12842,InEvent,Summer 2019,Summer,2019.0,2019-06-01,7.085557837097878,True,Active,,1.0
12843,PayMongo,Summer 2019,Summer,2019.0,2019-06-01,7.085557837097878,True,Active,,1.0
12844,Alana,Summer 2019,Summer,2019.0,2019-06-01,7.085557837097878,True,Inactive,0.0,0.0
12845,Freshpaint,Summer 2019,Summer,2019.0,2019-06-01,7.085557837097878,True,Active,,1.0
12846,Traces,Summer 2019,Summer,2019.0,2019-06-01,7.085557837097878,True,Active,,1.0
12847,Mudafy,Summer 2019,Summer,2019.0,2019-06-01,7.085557837097878,True,Active,,1.0
12848,zeroheight,Summer 2019,Summer,2019.0,2019-06-01,7.085557837097878,True,Active,,1.0
12849,Mipos.dev,Summer 2019,Summer,2019.0,2019-06-01,7.085557837097878,True,Inactive,0.0,0.0
12850,Curri,Summer 2019,Summer,2019.0,2019-06-01,7.085557837097878,True,Active,,1.0
12851,Flowbot,Summer 2019,Summer,2019.0,2019-06-01,7.085557837097878,True,Active,,1.0
12853,Valiu,Summer 2019,Summer,2019.0,2019-06-01,7.085557837097878,True,Inactive,0.0,0.0
12854,Vitau,Summer 2019,Summer,2019.0,2019-06-01,7.085557837097878,True,Active,,1.0
12855,treble.ai,Summer 2019,Summer,2019.0,2019-06-01,7.085557837097878,True,Active,,1.0
12856,Coco Wallet,Summer 2019,Summer,2019.0,2019-06-01,7.085557837097878,True,Active,,1.0
12857,Aspect,Summer 2019,Summer,2019.0,2019-06-01,7.085557837097878,True,Active,,1.0
12860,Deepnote,Summer 2019,Summer,2019.0,2019-06-01,7.085557837097878,True,Active,,1.0
12861,Asher Bio,Summer 2019,Summer,2019.0,2019-06-01,7.085557837097878,True,Active,,1.0
12862,Meridian Industries,Summer 2019,Summer,2019.0,2019-06-01,7.085557837097878,True,Active,,1.0
12863,Taskade,Summer 2019,Summer,2019.0,2019-06-01,7.085557837097878,True,Active,,1.0
12865,Blockstamp,Summer 2019,Summer,2019.0,2019-06-01,7.085557837097878,True,Inactive,0.0,0.0
12867,Vorticity,Summer 2019,Summer,2019.0,2019-06-01,7.085557837097878,True,Active,,1.0
12868,Covela,Summer 2019,Summer,2019.0,2019-06-01,7.085557837097878,True,Inactive,0.0,0.0
12871,Motion,Winter 2020,Winter,2020.0,2020-01-01,6.499657768651608,True,Active,,1.0
12875,LAIKA,Summer 2019,Summer,2019.0,2019-06-01,7.085557837097878,True,Active,,1.0
12876,GitStart,Summer 2019,Summer,2019.0,2019-06-01,7.085557837097878,True,Active,,1.0
12877,EPIC AEROSPACE,Summer 2019,Summer,2019.0,2019-06-01,7.085557837097878,True,Active,,1.0
12878,Vendr,Summer 2019,Summer,2019.0,2019-06-01,7.085557837097878,True,Acquired,1.0,1.0
12890,Unflow,Summer 2019,Summer,2019.0,2019-06-01,7.085557837097878,True,Inactive,0.0,0.0
12897,Apurata,Summer 2019,Summer,2019.0,2019-06-01,7.085557837097878,True,Active,,1.0
12903,Breadfast,Summer 2019,Summer,2019.0,2019-06-01,7.085557837097878,True,Active,,1.0
12911,Odin,Summer 2019,Summer,2019.0,2019-06-01,7.085557837097878,True,Inactive,0.0,0.0
12941,Sequence Bio,Summer 2019,Summer,2019.0,2019-06-01,7.085557837097878,True,Active,,1.0
12950,Karat Financial,Winter 2020,Winter,2020.0,2020-01-01,6.499657768651608,True,Active,,1.0
12974,Flowglad,Winter 2020,Winter,2020.0,2020-01-01,6.499657768651608,True,Active,,1.0
13050,Kaiten,Winter 2020,Winter,2020.0,2020-01-01,6.499657768651608,True,Active,,1.0
13052,Zaraz,Winter 2020,Winter,2020.0,2020-01-01,6.499657768651608,True,Acquired,1.0,1.0
13053,Datree,Winter 2020,Winter,2020.0,2020-01-01,6.499657768651608,True,Inactive,0.0,0.0
13058,Accord,Winter 2020,Winter,2020.0,2020-01-01,6.499657768651608,True,Active,,1.0
13061,Hideout,Winter 2020,Winter,2020.0,2020-01-01,6.499657768651608,True,Inactive,0.0,0.0
13067,Paragon,Winter 2020,Winter,2020.0,2020-01-01,6.499657768651608,True,Active,,1.0
13072,Breezeful,Winter 2020,Winter,2020.0,2020-01-01,6.499657768651608,True,Active,,1.0
13073,Laguna,Winter 2020,Winter,2020.0,2020-01-01,6.499657768651608,True,Inactive,0.0,0.0
13074,Phonic,Winter 2020,Winter,2020.0,2020-01-01,6.499657768651608,True,Acquired,1.0,1.0
13075,Okay,Winter 2020,Winter,2020.0,2020-01-01,6.499657768651608,True,Acquired,1.0,1.0
13076,Nugget,Winter 2020,Winter,2020.0,2020-01-01,6.499657768651608,True,Inactive,0.0,0.0
13079,Volumetric,Winter 2020,Winter,2020.0,2020-01-01,6.499657768651608,True,Acquired,1.0,1.0
13081,Abalone Bio,Winter 2020,Winter,2020.0,2020-01-01,6.499657768651608,True,Active,,1.0
13083,Alude,Winter 2020,Winter,2020.0,2020-01-01,6.499657768651608,True,Active,,1.0
13084,StratumAI,Winter 2020,Winter,2020.0,2020-01-01,6.499657768651608,True,Active,,1.0
13085,Teleo,Winter 2020,Winter,2020.0,2020-01-01,6.499657768651608,True,Acquired,1.0,1.0
13086,Lilia,Winter 2020,Winter,2020.0,2020-01-01,6.499657768651608,True,Inactive,0.0,0.0
13087,RoboTire,Winter 2020,Winter,2020.0,2020-01-01,6.499657768651608,True,Inactive,0.0,0.0
13088,Polytomic,Winter 2020,Winter,2020.0,2020-01-01,6.499657768651608,True,Active,,1.0
13089,Unfaze AI,Summer 2020,Summer,2020.0,2020-06-01,6.083504449007529,True,Inactive,0.0,0.0
13090,Ladder,Summer 2020,Summer,2020.0,2020-06-01,6.083504449007529,True,Acquired,1.0,1.0
13091,Porter,Summer 2020,Summer,2020.0,2020-06-01,6.083504449007529,True,Active,,1.0
13095,Hoss,Winter 2020,Winter,2020.0,2020-01-01,6.499657768651608,True,Acquired,1.0,1.0
13096,Enveloop,Winter 2020,Winter,2020.0,2020-01-01,6.499657768651608,True,Inactive,0.0,0.0
13097,Pulley,Winter 2020,Winter,2020.0,2020-01-01,6.499657768651608,True,Active,,1.0
13098,MindsDB,Winter 2020,Winter,2020.0,2020-01-01,6.499657768651608,True,Active,,1.0
13099,Ophelia,Winter 2020,Winter,2020.0,2020-01-01,6.499657768651608,True,Active,,1.0
13100,FitnessAI,Winter 2020,Winter,2020.0,2020-01-01,6.499657768651608,True,Acquired,1.0,1.0
13101,Segmed,Winter 2020,Winter,2020.0,2020-01-01,6.499657768651608,True,Active,,1.0
13102,Explo,Winter 2020,Winter,2020.0,2020-01-01,6.499657768651608,True,Active,,1.0
13103,Paneau,Winter 2020,Winter,2020.0,2020-01-01,6.499657768651608,True,Inactive,0.0,0.0
13104,Letterdrop,Winter 2020,Winter,2020.0,2020-01-01,6.499657768651608,True,Active,,1.0
13105,Factored Quality,Winter 2020,Winter,2020.0,2020-01-01,6.499657768651608,True,Acquired,1.0,1.0
13106,Carbon-12 Labs,Winter 2020,Winter,2020.0,2020-01-01,6.499657768651608,True,Inactive,0.0,0.0
13107,Quickcard,Winter 2020,Winter,2020.0,2020-01-01,6.499657768651608,True,Inactive,0.0,0.0
13108,yearend,Winter 2020,Winter,2020.0,2020-01-01,6.499657768651608,True,Active,,1.0
13109,Taiv,Winter 2020,Winter,2020.0,2020-01-01,6.499657768651608,True,Active,,1.0
13110,Flowdash,Winter 2020,Winter,2020.0,2020-01-01,6.499657768651608,True,Acquired,1.0,1.0
13111,Pantheon,Winter 2020,Winter,2020.0,2020-01-01,6.499657768651608,True,Inactive,0.0,0.0
13112,Orbiter,Winter 2020,Winter,2020.0,2020-01-01,6.499657768651608,True,Inactive,0.0,0.0
13113,Glisten AI,Winter 2020,Winter,2020.0,2020-01-01,6.499657768651608,True,Inactive,0.0,0.0
13114,Ardis AI,Winter 2020,Winter,2020.0,2020-01-01,6.499657768651608,True,Inactive,0.0,0.0
13115,OpenUnit,Winter 2020,Winter,2020.0,2020-01-01,6.499657768651608,True,Active,,1.0
13116,Tough Commerce,Winter 2020,Winter,2020.0,2020-01-01,6.499657768651608,True,Active,,1.0
13117,Jamiphy,Winter 2020,Winter,2020.0,2020-01-01,6.499657768651608,True,Inactive,0.0,0.0
13118,Perceptive Technologies,Winter 2020,Winter,2020.0,2020-01-01,6.499657768651608,True,Active,,1.0
13119,Ditto,Winter 2020,Winter,2020.0,2020-01-01,6.499657768651608,True,Active,,1.0
13120,Deep Meditate,Winter 2020,Winter,2020.0,2020-01-01,6.499657768651608,True,Active,,1.0
13121,Handoff,Winter 2020,Winter,2020.0,2020-01-01,6.499657768651608,True,Active,,1.0
13122,Nextmv,Winter 2020,Winter,2020.0,2020-01-01,6.499657768651608,True,Acquired,1.0,1.0
13133,H1,Winter 2020,Winter,2020.0,2020-01-01,6.499657768651608,True,Active,,1.0
13140,"Exosonic, Inc.",Winter 2020,Winter,2020.0,2020-01-01,6.499657768651608,True,Inactive,0.0,0.0
13141,Aden,Winter 2020,Winter,2020.0,2020-01-01,6.499657768651608,True,Active,,1.0
13143,Flik,Winter 2020,Winter,2020.0,2020-01-01,6.499657768651608,True,Active,,1.0
13144,Datasaur,Winter 2020,Winter,2020.0,2020-01-01,6.499657768651608,True,Active,,1.0
13145,Dashworks,Winter 2020,Winter,2020.0,2020-01-01,6.499657768651608,True,Acquired,1.0,1.0
13146,Eternal,Winter 2020,Winter,2020.0,2020-01-01,6.499657768651608,True,Acquired,1.0,1.0
13147,Replicate,Winter 2020,Winter,2020.0,2020-01-01,6.499657768651608,True,Acquired,1.0,1.0
13148,Cadence,Winter 2020,Winter,2020.0,2020-01-01,6.499657768651608,True,Inactive,0.0,0.0
13149,Haven,Winter 2020,Winter,2020.0,2020-01-01,6.499657768651608,True,Active,,1.0
13150,Basedash,Summer 2020,Summer,2020.0,2020-06-01,6.083504449007529,True,Active,,1.0
13151,SINAI,Winter 2020,Winter,2020.0,2020-01-01,6.499657768651608,True,Active,,1.0
13156,Glimpse,Winter 2020,Winter,2020.0,2020-01-01,6.499657768651608,True,Acquired,1.0,1.0
13157,Weav,Winter 2020,Winter,2020.0,2020-01-01,6.499657768651608,True,Acquired,1.0,1.0
13158,Protobase,Winter 2020,Winter,2020.0,2020-01-01,6.499657768651608,True,Inactive,0.0,0.0
13159,Openbase,Summer 2020,Summer,2020.0,2020-06-01,6.083504449007529,True,Inactive,0.0,0.0
13160,Terusama,Winter 2020,Winter,2020.0,2020-01-01,6.499657768651608,True,Acquired,1.0,1.0
13161,Clayboard,Winter 2020,Winter,2020.0,2020-01-01,6.499657768651608,True,Inactive,0.0,0.0
13163,Fig,Summer 2020,Summer,2020.0,2020-06-01,6.083504449007529,True,Acquired,1.0,1.0
13164,Edlyft,Winter 2020,Winter,2020.0,2020-01-01,6.499657768651608,True,Inactive,0.0,0.0
13165,Peg (formerly Paymobil),Winter 2020,Winter,2020.0,2020-01-01,6.499657768651608,True,Inactive,0.0,0.0
13166,Homestead,Winter 2020,Winter,2020.0,2020-01-01,6.499657768651608,True,Inactive,0.0,0.0
13167,Farcast,Winter 2020,Winter,2020.0,2020-01-01,6.499657768651608,True,Active,,1.0
13168,Infield,Winter 2020,Winter,2020.0,2020-01-01,6.499657768651608,True,Active,,1.0
13169,Eze,Winter 2020,Winter,2020.0,2020-01-01,6.499657768651608,True,Active,,1.0
13170,Benepass,Winter 2020,Winter,2020.0,2020-01-01,6.499657768651608,True,Active,,1.0
13171,The Mercer Club,Winter 2020,Winter,2020.0,2020-01-01,6.499657768651608,True,Inactive,0.0,0.0
13172,StartPlaying.Games,Winter 2020,Winter,2020.0,2020-01-01,6.499657768651608,True,Active,,1.0
13173,Racer,Summer 2020,Summer,2020.0,2020-06-01,6.083504449007529,True,Inactive,0.0,0.0
13174,Grain,Winter 2020,Winter,2020.0,2020-01-01,6.499657768651608,True,Active,,1.0
13175,Fly.io,Winter 2020,Winter,2020.0,2020-01-01,6.499657768651608,True,Active,,1.0
13176,TrueNorth,Winter 2020,Winter,2020.0,2020-01-01,6.499657768651608,True,Active,,1.0
13177,Visual One,Winter 2020,Winter,2020.0,2020-01-01,6.499657768651608,True,Inactive,0.0,0.0
13178,Felix Biotechnology,Winter 2020,Winter,2020.0,2020-01-01,6.499657768651608,True,Inactive,0.0,0.0
13179,Signadot,Winter 2020,Winter,2020.0,2020-01-01,6.499657768651608,True,Active,,1.0
13185,Operator.io,Winter 2020,Winter,2020.0,2020-01-01,6.499657768651608,True,Active,,1.0
13195,Zaam,Winter 2020,Winter,2020.0,2020-01-01,6.499657768651608,True,Inactive,0.0,0.0
13198,Talyn Air,Winter 2020,Winter,2020.0,2020-01-01,6.499657768651608,True,Acquired,1.0,1.0
13199,Riya Collective,Winter 2020,Winter,2020.0,2020-01-01,6.499657768651608,True,Inactive,0.0,0.0
13200,Blok,Winter 2020,Winter,2020.0,2020-01-01,6.499657768651608,True,Inactive,0.0,0.0
13204,Duffl,Winter 2020,Winter,2020.0,2020-01-01,6.499657768651608,True,Inactive,0.0,0.0
13205,Logarithm Labs,Winter 2020,Winter,2020.0,2020-01-01,6.499657768651608,True,Active,,1.0
13206,Global Belly,Winter 2020,Winter,2020.0,2020-01-01,6.499657768651608,True,Inactive,0.0,0.0
13207,Tienda Crypto,Winter 2020,Winter,2020.0,2020-01-01,6.499657768651608,True,Active,,1.0
13208,Whatnot,Winter 2020,Winter,2020.0,2020-01-01,6.499657768651608,True,Active,,1.0
13209,Scout,Winter 2020,Winter,2020.0,2020-01-01,6.499657768651608,True,Inactive,0.0,0.0
13211,Metaplane,Winter 2020,Winter,2020.0,2020-01-01,6.499657768651608,True,Acquired,1.0,1.0
13213,Plura (formerly Bloom Community),Winter 2020,Winter,2020.0,2020-01-01,6.499657768651608,True,Active,,1.0
13214,Pashi,Winter 2020,Winter,2020.0,2020-01-01,6.499657768651608,True,Inactive,0.0,0.0
13215,Medicare Vox (fka Fair Square),Winter 2020,Winter,2020.0,2020-01-01,6.499657768651608,True,Active,,1.0
13216,General Proximity,Winter 2020,Winter,2020.0,2020-01-01,6.499657768651608,True,Active,,1.0
13217,Altay Therapeutics,Winter 2020,Winter,2020.0,2020-01-01,6.499657768651608,True,Active,,1.0
13218,Turing Labs Inc.,Winter 2020,Winter,2020.0,2020-01-01,6.499657768651608,True,Active,,1.0
13219,Dropprint Genomics,Winter 2020,Winter,2020.0,2020-01-01,6.499657768651608,True,Acquired,1.0,1.0
13220,Simple Strips,Winter 2020,Winter,2020.0,2020-01-01,6.499657768651608,True,Inactive,0.0,0.0
13223,Multiverse,Winter 2020,Winter,2020.0,2020-01-01,6.499657768651608,True,Inactive,0.0,0.0
13224,Ello,Winter 2020,Winter,2020.0,2020-01-01,6.499657768651608,True,Active,,1.0
13227,Welcome,Winter 2020,Winter,2020.0,2020-01-01,6.499657768651608,True,Inactive,0.0,0.0
13230,Salesform,Summer 2020,Summer,2020.0,2020-06-01,6.083504449007529,True,Active,,1.0
13231,QueryPie AI,Winter 2020,Winter,2020.0,2020-01-01,6.499657768651608,True,Active,,1.0
13233,Cortex,Winter 2020,Winter,2020.0,2020-01-01,6.499657768651608,True,Active,,1.0
13234,Release,Winter 2020,Winter,2020.0,2020-01-01,6.499657768651608,True,Active,,1.0
13235,Response,Summer 2020,Summer,2020.0,2020-06-01,6.083504449007529,True,Active,,1.0
13236,Savvy,Winter 2020,Winter,2020.0,2020-01-01,6.499657768651608,True,Acquired,1.0,1.0
13238,Typedream,Winter 2020,Winter,2020.0,2020-01-01,6.499657768651608,True,Acquired,1.0,1.0
13239,BuildBuddy,Winter 2020,Winter,2020.0,2020-01-01,6.499657768651608,True,Active,,1.0
13240,Vori,Winter 2020,Winter,2020.0,2020-01-01,6.499657768651608,True,Active,,1.0
13241,Mini Exhibitions,Winter 2020,Winter,2020.0,2020-01-01,6.499657768651608,True,Inactive,0.0,0.0
13242,Quill,Winter 2020,Winter,2020.0,2020-01-01,6.499657768651608,True,Active,,1.0
13265,Kinter,Winter 2020,Winter,2020.0,2020-01-01,6.499657768651608,True,Active,,1.0
13273,Dropbase,Winter 2020,Winter,2020.0,2020-01-01,6.499657768651608,True,Inactive,0.0,0.0
13290,Candid Health,Winter 2020,Winter,2020.0,2020-01-01,6.499657768651608,True,Active,,1.0
13302,Nimbus,Winter 2020,Winter,2020.0,2020-01-01,6.499657768651608,True,Inactive,0.0,0.0
13303,ToDesktop,Winter 2020,Winter,2020.0,2020-01-01,6.499657768651608,True,Active,,1.0
13305,Revenir,Winter 2020,Winter,2020.0,2020-01-01,6.499657768651608,True,Active,,1.0
13306,Trident Bioscience,Summer 2020,Summer,2020.0,2020-06-01,6.083504449007529,True,Inactive,0.0,0.0
13307,Photoroom,Summer 2020,Summer,2020.0,2020-06-01,6.083504449007529,True,Active,,1.0
13309,Modernbanc,Winter 2020,Winter,2020.0,2020-01-01,6.499657768651608,True,Active,,1.0
13310,onetool,Winter 2020,Winter,2020.0,2020-01-01,6.499657768651608,True,Inactive,0.0,0.0
13311,Riot,Winter 2020,Winter,2020.0,2020-01-01,6.499657768651608,True,Active,,1.0
13312,PostHog,Winter 2020,Winter,2020.0,2020-01-01,6.499657768651608,True,Active,,1.0
13315,Cron,Winter 2020,Winter,2020.0,2020-01-01,6.499657768651608,True,Acquired,1.0,1.0
13316,AIOS,Winter 2020,Winter,2020.0,2020-01-01,6.499657768651608,True,Active,,1.0
13319,Jitter,Winter 2020,Winter,2020.0,2020-01-01,6.499657768651608,True,Active,,1.0
13320,Laserfocus,Winter 2020,Winter,2020.0,2020-01-01,6.499657768651608,True,Inactive,0.0,0.0
13321,Junction,Winter 2020,Winter,2020.0,2020-01-01,6.499657768651608,True,Active,,1.0
13322,Skypher,Winter 2020,Winter,2020.0,2020-01-01,6.499657768651608,True,Active,,1.0
13323,Snapboard,Winter 2020,Winter,2020.0,2020-01-01,6.499657768651608,True,Inactive,0.0,0.0
13330,Recurrency,Summer 2020,Summer,2020.0,2020-06-01,6.083504449007529,True,Active,,1.0
13332,PostEra,Winter 2020,Winter,2020.0,2020-01-01,6.499657768651608,True,Active,,1.0
13333,Upflow,Winter 2020,Winter,2020.0,2020-01-01,6.499657768651608,True,Active,,1.0
13334,DeepSource,Winter 2020,Winter,2020.0,2020-01-01,6.499657768651608,True,Active,,1.0
13335,Kosh,Winter 2020,Winter,2020.0,2020-01-01,6.499657768651608,True,Active,,1.0
13337,goDutch,Winter 2020,Winter,2020.0,2020-01-01,6.499657768651608,True,Inactive,0.0,0.0
13338,twoplus fertility,Summer 2020,Summer,2020.0,2020-06-01,6.083504449007529,True,Active,,1.0
13340,Able,Winter 2020,Winter,2020.0,2020-01-01,6.499657768651608,True,Acquired,1.0,1.0
13341,Pay Swifter,Winter 2020,Winter,2020.0,2020-01-01,6.499657768651608,True,Acquired,1.0,1.0
13343,StayQrious,Winter 2020,Winter,2020.0,2020-01-01,6.499657768651608,True,Active,,1.0
13344,Chutney Inc,Winter 2020,Winter,2020.0,2020-01-01,6.499657768651608,True,Inactive,0.0,0.0
13346,UrbanKisaan,Winter 2020,Winter,2020.0,2020-01-01,6.499657768651608,True,Active,,1.0
13347,farmtheory,Winter 2020,Winter,2020.0,2020-01-01,6.499657768651608,True,Active,,1.0
13348,PillarPlus,Winter 2020,Winter,2020.0,2020-01-01,6.499657768651608,True,Inactive,0.0,0.0
13349,SprintAI,Winter 2020,Winter,2020.0,2020-01-01,6.499657768651608,True,Inactive,0.0,0.0
13350,TagMango,Winter 2020,Winter,2020.0,2020-01-01,6.499657768651608,True,Active,,1.0
13351,Morphle Labs,Winter 2020,Winter,2020.0,2020-01-01,6.499657768651608,True,Active,,1.0
13352,Zeo Route Planner,Winter 2020,Winter,2020.0,2020-01-01,6.499657768651608,True,Active,,1.0
13353,Hiration,Winter 2020,Winter,2020.0,2020-01-01,6.499657768651608,True,Active,,1.0
13354,yBANQ,Winter 2020,Winter,2020.0,2020-01-01,6.499657768651608,True,Acquired,1.0,1.0
13362,Thunderpod,Winter 2020,Winter,2020.0,2020-01-01,6.499657768651608,True,Inactive,0.0,0.0
13372,Bikry,Winter 2020,Winter,2020.0,2020-01-01,6.499657768651608,True,Active,,1.0
13389,EduRev,Winter 2020,Winter,2020.0,2020-01-01,6.499657768651608,True,Active,,1.0
13391,Spenny,Winter 2020,Winter,2020.0,2020-01-01,6.499657768651608,True,Active,,1.0
13400,HireSweet,Winter 2020,Winter,2020.0,2020-01-01,6.499657768651608,True,Active,,1.0
13405,Zumo Labs,Winter 2020,Winter,2020.0,2020-01-01,6.499657768651608,True,Inactive,0.0,0.0
13406,Synapsica Healthcare,Winter 2020,Winter,2020.0,2020-01-01,6.499657768651608,True,Inactive,0.0,0.0
13408,Pahamify,Winter 2020,Winter,2020.0,2020-01-01,6.499657768651608,True,Active,,1.0
13412,Easyplan,Winter 2020,Winter,2020.0,2020-01-01,6.499657768651608,True,Inactive,0.0,0.0
13413,adyn,Summer 2020,Summer,2020.0,2020-06-01,6.083504449007529,True,Active,,1.0
13414,Raycast,Winter 2020,Winter,2020.0,2020-01-01,6.499657768651608,True,Active,,1.0
13415,Angle Health,Winter 2020,Winter,2020.0,2020-01-01,6.499657768651608,True,Active,,1.0
13430,Breathe Well-being,Winter 2020,Winter,2020.0,2020-01-01,6.499657768651608,True,Inactive,0.0,0.0
13434,OpenBiome,Winter 2020,Winter,2020.0,2020-01-01,6.499657768651608,True,Active,,1.0
13435,Overfit,Summer 2020,Summer,2020.0,2020-06-01,6.083504449007529,True,Inactive,0.0,0.0
13442,Isabl,Winter 2020,Winter,2020.0,2020-01-01,6.499657768651608,True,Active,,1.0
13471,Nexu,Winter 2020,Winter,2020.0,2020-01-01,6.499657768651608,True,Active,,1.0
13472,Oda,Winter 2020,Winter,2020.0,2020-01-01,6.499657768651608,True,Active,,1.0
13473,Viya,Winter 2020,Winter,2020.0,2020-01-01,6.499657768651608,True,Inactive,0.0,0.0
13475,delt.ai,Winter 2020,Winter,2020.0,2020-01-01,6.499657768651608,True,Acquired,1.0,1.0
13476,Daedalus,Winter 2020,Winter,2020.0,2020-01-01,6.499657768651608,True,Active,,1.0
13477,Avion,Winter 2020,Winter,2020.0,2020-01-01,6.499657768651608,True,Active,,1.0
13479,SOMATIC,Winter 2020,Winter,2020.0,2020-01-01,6.499657768651608,True,Active,,1.0
13480,Orchata,Winter 2020,Winter,2020.0,2020-01-01,6.499657768651608,True,Inactive,0.0,0.0
13481,Thndr,Summer 2020,Summer,2020.0,2020-06-01,6.083504449007529,True,Active,,1.0
13482,Swipe Technologies,Winter 2020,Winter,2020.0,2020-01-01,6.499657768651608,True,Active,,1.0
13483,ElectroNeek,Winter 2020,Winter,2020.0,2020-01-01,6.499657768651608,True,Active,,1.0
13484,Hent,Winter 2020,Winter,2020.0,2020-01-01,6.499657768651608,True,Acquired,1.0,1.0
13485,Bamboo,Winter 2020,Winter,2020.0,2020-01-01,6.499657768651608,True,Active,,1.0
13486,Valienta,Winter 2020,Winter,2020.0,2020-01-01,6.499657768651608,True,Inactive,0.0,0.0
13488,FUTURA,Winter 2020,Winter,2020.0,2020-01-01,6.499657768651608,True,Active,,1.0
13494,Tajir,Winter 2020,Winter,2020.0,2020-01-01,6.499657768651608,True,Active,,1.0
13495,Fondeadora,Winter 2020,Winter,2020.0,2020-01-01,6.499657768651608,True,Active,,1.0
13496,Apartio,Winter 2020,Winter,2020.0,2020-01-01,6.499657768651608,True,Inactive,0.0,0.0
13497,Linkana,Winter 2020,Winter,2020.0,2020-01-01,6.499657768651608,True,Active,,1.0
13498,BeGo,Winter 2020,Winter,2020.0,2020-01-01,6.499657768651608,True,Active,,1.0
13499,Termii,Winter 2020,Winter,2020.0,2020-01-01,6.499657768651608,True,Active,,1.0
13500,STARK BANK,Winter 2020,Winter,2020.0,2020-01-01,6.499657768651608,True,Active,,1.0
13501,Sayana,Winter 2020,Winter,2020.0,2020-01-01,6.499657768651608,True,Acquired,1.0,1.0
13502,Zynq,Winter 2020,Winter,2020.0,2020-01-01,6.499657768651608,True,Acquired,1.0,1.0
13503,Checkars,Winter 2020,Winter,2020.0,2020-01-01,6.499657768651608,True,Acquired,1.0,1.0
13504,Handl,Winter 2020,Winter,2020.0,2020-01-01,6.499657768651608,True,Active,,1.0
13505,Ramani,Winter 2020,Winter,2020.0,2020-01-01,6.499657768651608,True,Active,,1.0
13506,Nomic Bio,Winter 2020,Winter,2020.0,2020-01-01,6.499657768651608,True,Active,,1.0
13507,CrowdForce,Winter 2020,Winter,2020.0,2020-01-01,6.499657768651608,True,Acquired,1.0,1.0
13508,GuruHotel,Winter 2020,Winter,2020.0,2020-01-01,6.499657768651608,True,Active,,1.0
13509,GiveAway,Winter 2020,Winter,2020.0,2020-01-01,6.499657768651608,True,Active,,1.0
13511,Sakneen,Winter 2020,Winter,2020.0,2020-01-01,6.499657768651608,True,Active,,1.0
13512,Stable,Winter 2020,Winter,2020.0,2020-01-01,6.499657768651608,True,Active,,1.0
13516,Healthlane,Winter 2020,Winter,2020.0,2020-01-01,6.499657768651608,True,Active,,1.0
13519,Recall.ai,Winter 2020,Winter,2020.0,2020-01-01,6.499657768651608,True,Active,,1.0
13520,borong,Winter 2020,Winter,2020.0,2020-01-01,6.499657768651608,True,Active,,1.0
13522,Atmo,Winter 2020,Winter,2020.0,2020-01-01,6.499657768651608,True,Active,,1.0
13523,99minutos,Winter 2020,Winter,2020.0,2020-01-01,6.499657768651608,True,Active,,1.0
13524,SEND,Winter 2020,Winter,2020.0,2020-01-01,6.499657768651608,True,Active,,1.0
13525,PowerX,Winter 2020,Winter,2020.0,2020-01-01,6.499657768651608,True,Acquired,1.0,1.0
13532,Living Carbon,Winter 2020,Winter,2020.0,2020-01-01,6.499657768651608,True,Active,,1.0
13536,Syncro,Winter 2020,Winter,2020.0,2020-01-01,6.499657768651608,True,Inactive,0.0,0.0
13548,Tambua Health,Winter 2020,Winter,2020.0,2020-01-01,6.499657768651608,True,Active,,1.0
13549,Airbyte,Winter 2020,Winter,2020.0,2020-01-01,6.499657768651608,True,Active,,1.0
13557,Workpay,Winter 2020,Winter,2020.0,2020-01-01,6.499657768651608,True,Active,,1.0
13570,Prelay,Winter 2020,Winter,2020.0,2020-01-01,6.499657768651608,True,Inactive,0.0,0.0
13572,Humanly,Winter 2020,Winter,2020.0,2020-01-01,6.499657768651608,True,Active,,1.0
13573,Gas Pos,Winter 2020,Winter,2020.0,2020-01-01,6.499657768651608,True,Active,,1.0
13579,Tasker AI,Winter 2020,Winter,2020.0,2020-01-01,6.499657768651608,True,Active,,1.0
13601,Equator Therapeutics,Winter 2020,Winter,2020.0,2020-01-01,6.499657768651608,True,Active,,1.0
13610,Belvo,Winter 2020,Winter,2020.0,2020-01-01,6.499657768651608,True,Active,,1.0
13616,Menten AI,Winter 2020,Winter,2020.0,2020-01-01,6.499657768651608,True,Active,,1.0
13620,Legionfarm,Winter 2020,Winter,2020.0,2020-01-01,6.499657768651608,True,Active,,1.0
13627,Jenfi,Winter 2020,Winter,2020.0,2020-01-01,6.499657768651608,True,Active,,1.0
13642,Yassir,Winter 2020,Winter,2020.0,2020-01-01,6.499657768651608,True,Active,,1.0
13671,Ansa Biotechnologies,Winter 2020,Winter,2020.0,2020-01-01,6.499657768651608,True,Active,,1.0
13672,Ochre Bio,Winter 2020,Winter,2020.0,2020-01-01,6.499657768651608,True,Active,,1.0
13673,Jet Admin,Winter 2020,Winter,2020.0,2020-01-01,6.499657768651608,True,Active,,1.0
13674,CARUPI,Winter 2020,Winter,2020.0,2020-01-01,6.499657768651608,True,Inactive,0.0,0.0
13705,Algen Biotechnologies,Winter 2020,Winter,2020.0,2020-01-01,6.499657768651608,True,Active,,1.0
13732,Reploy,Summer 2020,Summer,2020.0,2020-06-01,6.083504449007529,True,Inactive,0.0,0.0
19888,Altro,Summer 2020,Summer,2020.0,2020-06-01,6.083504449007529,True,Acquired,1.0,1.0
19890,Ukama,Summer 2020,Summer,2020.0,2020-06-01,6.083504449007529,True,Active,,1.0
19925,Jemi,Summer 2020,Summer,2020.0,2020-06-01,6.083504449007529,True,Acquired,1.0,1.0
19932,Jitsu,Summer 2020,Summer,2020.0,2020-06-01,6.083504449007529,True,Acquired,1.0,1.0
21720,Zip,Summer 2020,Summer,2020.0,2020-06-01,6.083504449007529,True,Active,,1.0
21727,Increase,Summer 2020,Summer,2020.0,2020-06-01,6.083504449007529,True,Active,,1.0
21733,Metamanagement,Summer 2020,Summer,2020.0,2020-06-01,6.083504449007529,True,Inactive,0.0,0.0
21737,LSK Technologies,Summer 2020,Summer,2020.0,2020-06-01,6.083504449007529,True,Acquired,1.0,1.0
21766,Luminai,Summer 2020,Summer,2020.0,2020-06-01,6.083504449007529,True,Active,,1.0
21767,Command AI,Summer 2020,Summer,2020.0,2020-06-01,6.083504449007529,True,Acquired,1.0,1.0
21768,Jeeves,Summer 2020,Summer,2020.0,2020-06-01,6.083504449007529,True,Active,,1.0
21769,Roboflow,Summer 2020,Summer,2020.0,2020-06-01,6.083504449007529,True,Active,,1.0
21770,SuperTokens,Summer 2020,Summer,2020.0,2020-06-01,6.083504449007529,True,Active,,1.0
21771,Bandit ML,Summer 2020,Summer,2020.0,2020-06-01,6.083504449007529,True,Acquired,1.0,1.0
21772,inFeedo AI,Summer 2020,Summer,2020.0,2020-06-01,6.083504449007529,True,Active,,1.0
21777,Depict,Summer 2020,Summer,2020.0,2020-06-01,6.083504449007529,True,Active,,1.0
21781,Datafold,Summer 2020,Summer,2020.0,2020-06-01,6.083504449007529,True,Active,,1.0
21782,Lightdash,Summer 2020,Summer,2020.0,2020-06-01,6.083504449007529,True,Active,,1.0
21784,Blue Onion,Summer 2020,Summer,2020.0,2020-06-01,6.083504449007529,True,Active,,1.0
21787,Momence,Summer 2020,Summer,2020.0,2020-06-01,6.083504449007529,True,Acquired,1.0,1.0
21788,"Zitara Technologies, Inc.",Summer 2020,Summer,2020.0,2020-06-01,6.083504449007529,True,Active,,1.0
21789,Gather,Summer 2020,Summer,2020.0,2020-06-01,6.083504449007529,True,Acquired,1.0,1.0
21790,Dripos,Summer 2020,Summer,2020.0,2020-06-01,6.083504449007529,True,Active,,1.0
21791,AtoB,Summer 2020,Summer,2020.0,2020-06-01,6.083504449007529,True,Active,,1.0
21793,Finmark,Summer 2020,Summer,2020.0,2020-06-01,6.083504449007529,True,Acquired,1.0,1.0
21794,Shuttle,Summer 2020,Summer,2020.0,2020-06-01,6.083504449007529,True,Active,,1.0
21795,QuestDB,Summer 2020,Summer,2020.0,2020-06-01,6.083504449007529,True,Active,,1.0
21799,Conta Simples,Summer 2020,Summer,2020.0,2020-06-01,6.083504449007529,True,Active,,1.0
21800,Seam,Summer 2020,Summer,2020.0,2020-06-01,6.083504449007529,True,Active,,1.0
21802,Rume,Summer 2020,Summer,2020.0,2020-06-01,6.083504449007529,True,Inactive,0.0,0.0
21805,Bento,Summer 2020,Summer,2020.0,2020-06-01,6.083504449007529,True,Inactive,0.0,0.0
21810,RTCanary,Summer 2020,Summer,2020.0,2020-06-01,6.083504449007529,True,Inactive,0.0,0.0
21811,Hypermile,Summer 2020,Summer,2020.0,2020-06-01,6.083504449007529,True,Acquired,1.0,1.0
21812,Safepay,Summer 2020,Summer,2020.0,2020-06-01,6.083504449007529,True,Active,,1.0
21813,Nototo,Summer 2020,Summer,2020.0,2020-06-01,6.083504449007529,True,Inactive,0.0,0.0
21814,Queue,Summer 2020,Summer,2020.0,2020-06-01,6.083504449007529,True,Inactive,0.0,0.0
21815,Jeevam Health,Summer 2020,Summer,2020.0,2020-06-01,6.083504449007529,True,Inactive,0.0,0.0
21816,VenoStent,Summer 2020,Summer,2020.0,2020-06-01,6.083504449007529,True,Active,,1.0
21817,Volopay,Summer 2020,Summer,2020.0,2020-06-01,6.083504449007529,True,Active,,1.0
21827,Strive School,Summer 2020,Summer,2020.0,2020-06-01,6.083504449007529,True,Acquired,1.0,1.0
21828,Explorex,Summer 2020,Summer,2020.0,2020-06-01,6.083504449007529,True,Active,,1.0
21829,Novel,Summer 2020,Summer,2020.0,2020-06-01,6.083504449007529,True,Active,,1.0
21831,Pave,Summer 2020,Summer,2020.0,2020-06-01,6.083504449007529,True,Active,,1.0
21839,Current Foods,Summer 2020,Summer,2020.0,2020-06-01,6.083504449007529,True,Acquired,1.0,1.0
21847,PowerUs,Summer 2020,Summer,2020.0,2020-06-01,6.083504449007529,True,Active,,1.0
21848,Duckly,Summer 2020,Summer,2020.0,2020-06-01,6.083504449007529,True,Inactive,0.0,0.0
21852,Known Medicine,Summer 2020,Summer,2020.0,2020-06-01,6.083504449007529,True,Acquired,1.0,1.0
21855,Atomized,Summer 2020,Summer,2020.0,2020-06-01,6.083504449007529,True,Inactive,0.0,0.0
21856,Charityvest,Summer 2020,Summer,2020.0,2020-06-01,6.083504449007529,True,Acquired,1.0,1.0
21857,Hypotenuse AI,Summer 2020,Summer,2020.0,2020-06-01,6.083504449007529,True,Active,,1.0
21858,Monosi,Summer 2020,Summer,2020.0,2020-06-01,6.083504449007529,True,Inactive,0.0,0.0
21860,Synapticure,Summer 2020,Summer,2020.0,2020-06-01,6.083504449007529,True,Active,,1.0
21862,Dialect,Summer 2020,Summer,2020.0,2020-06-01,6.083504449007529,True,Acquired,1.0,1.0
21863,BukuWarung,Summer 2020,Summer,2020.0,2020-06-01,6.083504449007529,True,Active,,1.0
21864,Farmako Healthcare,Summer 2020,Summer,2020.0,2020-06-01,6.083504449007529,True,Active,,1.0
21881,Kernal Biologics,Summer 2020,Summer,2020.0,2020-06-01,6.083504449007529,True,Active,,1.0
21882,CoreCare,Summer 2020,Summer,2020.0,2020-06-01,6.083504449007529,True,Active,,1.0
21883,Speedscale,Summer 2020,Summer,2020.0,2020-06-01,6.083504449007529,True,Active,,1.0
21885,Swif.ai,Summer 2020,Summer,2020.0,2020-06-01,6.083504449007529,True,Active,,1.0
21894,Humanloop,Summer 2020,Summer,2020.0,2020-06-01,6.083504449007529,True,Acquired,1.0,1.0
21895,Foreword,Summer 2020,Summer,2020.0,2020-06-01,6.083504449007529,True,Inactive,0.0,0.0
21896,TANGObuilder,Summer 2020,Summer,2020.0,2020-06-01,6.083504449007529,True,Inactive,0.0,0.0
21897,Arist,Summer 2020,Summer,2020.0,2020-06-01,6.083504449007529,True,Active,,1.0
21898,Cradle,Summer 2020,Summer,2020.0,2020-06-01,6.083504449007529,True,Active,,1.0
21899,ClearMix,Summer 2020,Summer,2020.0,2020-06-01,6.083504449007529,True,Inactive,0.0,0.0
21900,Omni,Summer 2020,Summer,2020.0,2020-06-01,6.083504449007529,True,Acquired,1.0,1.0
21901,Workbase,Summer 2020,Summer,2020.0,2020-06-01,6.083504449007529,True,Acquired,1.0,1.0
21902,Blissway,Summer 2020,Summer,2020.0,2020-06-01,6.083504449007529,True,Active,,1.0
21903,doola,Summer 2020,Summer,2020.0,2020-06-01,6.083504449007529,True,Active,,1.0
21906,webapp.io,Summer 2020,Summer,2020.0,2020-06-01,6.083504449007529,True,Acquired,1.0,1.0
21909,Seal,Summer 2020,Summer,2020.0,2020-06-01,6.083504449007529,True,Active,,1.0
21914,Bits,Summer 2020,Summer,2020.0,2020-06-01,6.083504449007529,True,Active,,1.0
21915,Atomic,Summer 2020,Summer,2020.0,2020-06-01,6.083504449007529,True,Active,,1.0
21916,MarketForce,Summer 2020,Summer,2020.0,2020-06-01,6.083504449007529,True,Active,,1.0
21917,Vectrix,Summer 2020,Summer,2020.0,2020-06-01,6.083504449007529,True,Acquired,1.0,1.0
21930,Osmind,Summer 2020,Summer,2020.0,2020-06-01,6.083504449007529,True,Active,,1.0
21932,Biocogniv,Summer 2020,Summer,2020.0,2020-06-01,6.083504449007529,True,Acquired,1.0,1.0
21947,Daybreak Health,Summer 2020,Summer,2020.0,2020-06-01,6.083504449007529,True,Active,,1.0
21949,Mesh,Summer 2020,Summer,2020.0,2020-06-01,6.083504449007529,True,Active,,1.0
21950,Yotta,Summer 2020,Summer,2020.0,2020-06-01,6.083504449007529,True,Active,,1.0
21956,buildspace,Summer 2020,Summer,2020.0,2020-06-01,6.083504449007529,True,Inactive,0.0,0.0
21957,KeyDB,Summer 2020,Summer,2020.0,2020-06-01,6.083504449007529,True,Acquired,1.0,1.0
21958,Tappity,Summer 2020,Summer,2020.0,2020-06-01,6.083504449007529,True,Active,,1.0
21959,Stacker,Summer 2020,Summer,2020.0,2020-06-01,6.083504449007529,True,Active,,1.0
21962,Hellometer,Summer 2020,Summer,2020.0,2020-06-01,6.083504449007529,True,Active,,1.0
21963,Justo,Summer 2020,Summer,2020.0,2020-06-01,6.083504449007529,True,Active,,1.0
21969,Nextera Robotics,Summer 2020,Summer,2020.0,2020-06-01,6.083504449007529,True,Active,,1.0
21979,Statiq.,Summer 2020,Summer,2020.0,2020-06-01,6.083504449007529,True,Active,,1.0
21984,Oico,Summer 2020,Summer,2020.0,2020-06-01,6.083504449007529,True,Inactive,0.0,0.0
21985,Streamdal,Summer 2020,Summer,2020.0,2020-06-01,6.083504449007529,True,Inactive,0.0,0.0
21986,Vitable Health,Summer 2020,Summer,2020.0,2020-06-01,6.083504449007529,True,Active,,1.0
21988,Balance,Summer 2020,Summer,2020.0,2020-06-01,6.083504449007529,True,Active,,1.0
21992,Nabla Bio,Summer 2020,Summer,2020.0,2020-06-01,6.083504449007529,True,Active,,1.0
21993,Hyper Online,Summer 2020,Summer,2020.0,2020-06-01,6.083504449007529,True,Inactive,0.0,0.0
21996,Plerk,Summer 2020,Summer,2020.0,2020-06-01,6.083504449007529,True,Acquired,1.0,1.0
21997,Clew,Summer 2020,Summer,2020.0,2020-06-01,6.083504449007529,True,Acquired,1.0,1.0
21998,WareIQ,Summer 2020,Summer,2020.0,2020-06-01,6.083504449007529,True,Active,,1.0
21999,In Stock,Summer 2020,Summer,2020.0,2020-06-01,6.083504449007529,True,Inactive,0.0,0.0
22001,Tydo,Summer 2020,Summer,2020.0,2020-06-01,6.083504449007529,True,Inactive,0.0,0.0
22002,BIK,Summer 2020,Summer,2020.0,2020-06-01,6.083504449007529,True,Active,,1.0
22003,Decentro,Summer 2020,Summer,2020.0,2020-06-01,6.083504449007529,True,Active,,1.0
22004,Notabene,Summer 2020,Summer,2020.0,2020-06-01,6.083504449007529,True,Active,,1.0
22007,Jam.gg (formerly Piepacker),Summer 2020,Summer,2020.0,2020-06-01,6.083504449007529,True,Inactive,0.0,0.0
22008,Aquarium Learning,Summer 2020,Summer,2020.0,2020-06-01,6.083504449007529,True,Acquired,1.0,1.0
22021,Mailwarm,Summer 2020,Summer,2020.0,2020-06-01,6.083504449007529,True,Active,,1.0
22022,Memberstack,Summer 2020,Summer,2020.0,2020-06-01,6.083504449007529,True,Active,,1.0
22026,Mozper,Summer 2020,Summer,2020.0,2020-06-01,6.083504449007529,True,Active,,1.0
22032,Intelligent,Summer 2020,Summer,2020.0,2020-06-01,6.083504449007529,True,Inactive,0.0,0.0
22033,Memo,Summer 2020,Summer,2020.0,2020-06-01,6.083504449007529,True,Inactive,0.0,0.0
22037,Tella,Summer 2020,Summer,2020.0,2020-06-01,6.083504449007529,True,Active,,1.0
22042,Sameplan,Summer 2020,Summer,2020.0,2020-06-01,6.083504449007529,True,Acquired,1.0,1.0
22043,Kingdom,Summer 2020,Summer,2020.0,2020-06-01,6.083504449007529,True,Active,,1.0
22044,Liyfe,Summer 2020,Summer,2020.0,2020-06-01,6.083504449007529,True,Active,,1.0
22045,Nephrogen,Summer 2020,Summer,2020.0,2020-06-01,6.083504449007529,True,Active,,1.0
22046,Flint,Summer 2020,Summer,2020.0,2020-06-01,6.083504449007529,True,Active,,1.0
22047,TyltGO,Summer 2020,Summer,2020.0,2020-06-01,6.083504449007529,True,Active,,1.0
22048,Scrimba,Summer 2020,Summer,2020.0,2020-06-01,6.083504449007529,True,Active,,1.0
22049,Virtually,Summer 2020,Summer,2020.0,2020-06-01,6.083504449007529,True,Inactive,0.0,0.0
22050,Skio,Summer 2020,Summer,2020.0,2020-06-01,6.083504449007529,True,Acquired,1.0,1.0
22052,OneKey,Summer 2020,Summer,2020.0,2020-06-01,6.083504449007529,True,Inactive,0.0,0.0
22053,Hotplate,Summer 2020,Summer,2020.0,2020-06-01,6.083504449007529,True,Active,,1.0
22054,Farel,Summer 2020,Summer,2020.0,2020-06-01,6.083504449007529,True,Active,,1.0
22055,Drapr,Summer 2020,Summer,2020.0,2020-06-01,6.083504449007529,True,Acquired,1.0,1.0
22062,Minimum,Summer 2020,Summer,2020.0,2020-06-01,6.083504449007529,True,Active,,1.0
22063,Cohere,Summer 2020,Summer,2020.0,2020-06-01,6.083504449007529,True,Acquired,1.0,1.0
22075,PANADATA,Summer 2020,Summer,2020.0,2020-06-01,6.083504449007529,True,Active,,1.0
22076,Dataland,Summer 2020,Summer,2020.0,2020-06-01,6.083504449007529,True,Active,,1.0
22077,Akiflow,Summer 2020,Summer,2020.0,2020-06-01,6.083504449007529,True,Active,,1.0
22078,Awtomic,Summer 2020,Summer,2020.0,2020-06-01,6.083504449007529,True,Active,,1.0
22079,Formal,Summer 2020,Summer,2020.0,2020-06-01,6.083504449007529,True,Active,,1.0
22080,Orange Health Labs,Summer 2020,Summer,2020.0,2020-06-01,6.083504449007529,True,Active,,1.0
22082,Laylo,Summer 2020,Summer,2020.0,2020-06-01,6.083504449007529,True,Active,,1.0
22083,HENRY,Summer 2020,Summer,2020.0,2020-06-01,6.083504449007529,True,Active,,1.0
22084,Arketa,Summer 2020,Summer,2020.0,2020-06-01,6.083504449007529,True,Active,,1.0
22088,CarbonChain,Summer 2020,Summer,2020.0,2020-06-01,6.083504449007529,True,Active,,1.0
22091,Supabase,Summer 2020,Summer,2020.0,2020-06-01,6.083504449007529,True,Active,,1.0
22092,SockSoho,Summer 2020,Summer,2020.0,2020-06-01,6.083504449007529,True,Active,,1.0
22101,Together Video Chat,Summer 2020,Summer,2020.0,2020-06-01,6.083504449007529,True,Acquired,1.0,1.0
22106,Letter,Summer 2020,Summer,2020.0,2020-06-01,6.083504449007529,True,Inactive,0.0,0.0
22108,Ready,Summer 2020,Summer,2020.0,2020-06-01,6.083504449007529,True,Active,,1.0
22111,Pardes Biosciences,Summer 2020,Summer,2020.0,2020-06-01,6.083504449007529,True,Public,1.0,1.0
22124,Taktile,Summer 2020,Summer,2020.0,2020-06-01,6.083504449007529,True,Active,,1.0
22126,Mito,Summer 2020,Summer,2020.0,2020-06-01,6.083504449007529,True,Active,,1.0
22131,Draftwise,Summer 2020,Summer,2020.0,2020-06-01,6.083504449007529,True,Active,,1.0
22141,SafeBase,Summer 2020,Summer,2020.0,2020-06-01,6.083504449007529,True,Acquired,1.0,1.0
22148,Spenmo,Summer 2020,Summer,2020.0,2020-06-01,6.083504449007529,True,Active,,1.0
22151,AI.Fashion,Summer 2020,Summer,2020.0,2020-06-01,6.083504449007529,True,Inactive,0.0,0.0
22152,Afriex,Summer 2020,Summer,2020.0,2020-06-01,6.083504449007529,True,Active,,1.0
22174,Lendtable,Summer 2020,Summer,2020.0,2020-06-01,6.083504449007529,True,Active,,1.0
22184,Dumps,Summer 2020,Summer,2020.0,2020-06-01,6.083504449007529,True,Active,,1.0
22195,Lume,Summer 2020,Summer,2020.0,2020-06-01,6.083504449007529,True,Inactive,0.0,0.0
22196,"MedPiper Technologies, Inc",Summer 2020,Summer,2020.0,2020-06-01,6.083504449007529,True,Active,,1.0
22205,MilkRun,Summer 2020,Summer,2020.0,2020-06-01,6.083504449007529,True,Inactive,0.0,0.0
22206,Vena Vitals,Summer 2020,Summer,2020.0,2020-06-01,6.083504449007529,True,Active,,1.0
22207,inSoma Bio,Summer 2020,Summer,2020.0,2020-06-01,6.083504449007529,True,Active,,1.0
22217,Mobius Materials,Summer 2020,Summer,2020.0,2020-06-01,6.083504449007529,True,Active,,1.0
22218,Glimpse,Summer 2020,Summer,2020.0,2020-06-01,6.083504449007529,True,Active,,1.0
22228,Fancy,Summer 2020,Summer,2020.0,2020-06-01,6.083504449007529,True,Acquired,1.0,1.0
22238,Nestybox,Summer 2020,Summer,2020.0,2020-06-01,6.083504449007529,True,Acquired,1.0,1.0
22241,"Warmly,",Summer 2020,Summer,2020.0,2020-06-01,6.083504449007529,True,Active,,1.0
22246,Byte,Summer 2020,Summer,2020.0,2020-06-01,6.083504449007529,True,Inactive,0.0,0.0
22247,Rally,Summer 2020,Summer,2020.0,2020-06-01,6.083504449007529,True,Active,,1.0
22248,Mozart Data,Summer 2020,Summer,2020.0,2020-06-01,6.083504449007529,True,Active,,1.0
22249,Artifact,Summer 2020,Summer,2020.0,2020-06-01,6.083504449007529,True,Inactive,0.0,0.0
22250,Riogrande,Summer 2020,Summer,2020.0,2020-06-01,6.083504449007529,True,Acquired,1.0,1.0
22251,Nextstore,Summer 2020,Summer,2020.0,2020-06-01,6.083504449007529,True,Inactive,0.0,0.0
22252,Reflect,Summer 2020,Summer,2020.0,2020-06-01,6.083504449007529,True,Acquired,1.0,1.0
22256,Sonar,Summer 2020,Summer,2020.0,2020-06-01,6.083504449007529,True,Inactive,0.0,0.0
22257,Inspectify,Summer 2020,Summer,2020.0,2020-06-01,6.083504449007529,True,Active,,1.0
22260,Clover,Summer 2020,Summer,2020.0,2020-06-01,6.083504449007529,True,Acquired,1.0,1.0
22266,Zuddl,Summer 2020,Summer,2020.0,2020-06-01,6.083504449007529,True,Active,,1.0
22267,Parrot Software 🦜,Summer 2020,Summer,2020.0,2020-06-01,6.083504449007529,True,Active,,1.0
22268,Parade,Summer 2020,Summer,2020.0,2020-06-01,6.083504449007529,True,Inactive,0.0,0.0
22269,Hellosaurus,Summer 2020,Summer,2020.0,2020-06-01,6.083504449007529,True,Acquired,1.0,1.0
22272,Finch,Summer 2020,Summer,2020.0,2020-06-01,6.083504449007529,True,Active,,1.0
22273,Fieldguide,Summer 2020,Summer,2020.0,2020-06-01,6.083504449007529,True,Active,,1.0
22277,Heron Data,Summer 2020,Summer,2020.0,2020-06-01,6.083504449007529,True,Active,,1.0
22278,Hubla,Summer 2020,Summer,2020.0,2020-06-01,6.083504449007529,True,Active,,1.0
22294,Clau,Summer 2020,Summer,2020.0,2020-06-01,6.083504449007529,True,Active,,1.0
22301,Quell,Summer 2020,Summer,2020.0,2020-06-01,6.083504449007529,True,Inactive,0.0,0.0
22303,Todos Comemos,Summer 2020,Summer,2020.0,2020-06-01,6.083504449007529,True,Active,,1.0
22305,Future Fields,Summer 2020,Summer,2020.0,2020-06-01,6.083504449007529,True,Active,,1.0
22306,Rarebird,Summer 2020,Summer,2020.0,2020-06-01,6.083504449007529,True,Active,,1.0
22307,Atmos,Summer 2020,Summer,2020.0,2020-06-01,6.083504449007529,True,Inactive,0.0,0.0
22319,SiPhox Health,Summer 2020,Summer,2020.0,2020-06-01,6.083504449007529,True,Active,,1.0
22321,Verifiable,Summer 2020,Summer,2020.0,2020-06-01,6.083504449007529,True,Active,,1.0
22322,Payflow,Summer 2020,Summer,2020.0,2020-06-01,6.083504449007529,True,Inactive,0.0,0.0
22323,CapWay,Summer 2020,Summer,2020.0,2020-06-01,6.083504449007529,True,Inactive,0.0,0.0
22327,Matter,Summer 2020,Summer,2020.0,2020-06-01,6.083504449007529,True,Active,,1.0
22334,Gilgamesh Pharmaceuticals,Summer 2020,Summer,2020.0,2020-06-01,6.083504449007529,True,Active,,1.0
22353,Brevy,Summer 2020,Summer,2020.0,2020-06-01,6.083504449007529,True,Acquired,1.0,1.0
22470,Degrees of Freedom,Winter 2021,Winter,2021.0,2021-01-01,5.49760438056126,True,Inactive,0.0,0.0
22533,Webiny,Winter 2021,Winter,2021.0,2021-01-01,5.49760438056126,True,Active,,1.0
22565,Gonddo,Winter 2021,Winter,2021.0,2021-01-01,5.49760438056126,True,Inactive,0.0,0.0
22566,Lovd,Winter 2021,Winter,2021.0,2021-01-01,5.49760438056126,True,Inactive,0.0,0.0
22571,Gather,Summer 2019,Summer,2019.0,2019-06-01,7.085557837097878,True,Active,,1.0
22579,Abacum,Winter 2021,Winter,2021.0,2021-01-01,5.49760438056126,True,Active,,1.0
22581,Atrato,Winter 2021,Winter,2021.0,2021-01-01,5.49760438056126,True,Active,,1.0
22591,Runway,Winter 2021,Winter,2021.0,2021-01-01,5.49760438056126,True,Active,,1.0
22600,Neverland,Winter 2021,Winter,2021.0,2021-01-01,5.49760438056126,True,Inactive,0.0,0.0
22608,cloud humans,Winter 2021,Winter,2021.0,2021-01-01,5.49760438056126,True,Active,,1.0
22612,Bristle,Winter 2021,Winter,2021.0,2021-01-01,5.49760438056126,True,Active,,1.0
22617,Serna Bio,Winter 2021,Winter,2021.0,2021-01-01,5.49760438056126,True,Active,,1.0
22618,Trestle Biotherapeutics,Winter 2021,Winter,2021.0,2021-01-01,5.49760438056126,True,Active,,1.0
22624,The Third Place,Winter 2021,Winter,2021.0,2021-01-01,5.49760438056126,True,Active,,1.0
22625,gaiia,Winter 2021,Winter,2021.0,2021-01-01,5.49760438056126,True,Active,,1.0
22627,Atomic Industries,Winter 2021,Winter,2021.0,2021-01-01,5.49760438056126,True,Active,,1.0
22630,Alba Orbital,Winter 2021,Winter,2021.0,2021-01-01,5.49760438056126,True,Active,,1.0
22632,authzed,Winter 2021,Winter,2021.0,2021-01-01,5.49760438056126,True,Active,,1.0
22638,Humaans,Winter 2021,Winter,2021.0,2021-01-01,5.49760438056126,True,Active,,1.0
22640,Albedo,Winter 2021,Winter,2021.0,2021-01-01,5.49760438056126,True,Active,,1.0
22652,Playmaker,Winter 2021,Winter,2021.0,2021-01-01,5.49760438056126,True,Inactive,0.0,0.0
22656,DreamWorld,Winter 2021,Winter,2021.0,2021-01-01,5.49760438056126,True,Active,,1.0
22658,Howdy.com,Winter 2021,Winter,2021.0,2021-01-01,5.49760438056126,True,Active,,1.0
22659,Lygg,Winter 2021,Winter,2021.0,2021-01-01,5.49760438056126,True,Active,,1.0
22660,RocketSDR,Winter 2021,Winter,2021.0,2021-01-01,5.49760438056126,True,Active,,1.0
22661,Quadrant Eye,Winter 2021,Winter,2021.0,2021-01-01,5.49760438056126,True,Inactive,0.0,0.0
22662,Taloflow,Winter 2021,Winter,2021.0,2021-01-01,5.49760438056126,True,Active,,1.0
22663,MedMe Health,Winter 2021,Winter,2021.0,2021-01-01,5.49760438056126,True,Active,,1.0
22664,SBX Robotics,Winter 2021,Winter,2021.0,2021-01-01,5.49760438056126,True,Inactive,0.0,0.0
22665,Waypoint,Winter 2021,Winter,2021.0,2021-01-01,5.49760438056126,True,Active,,1.0
22666,Spokn,Winter 2021,Winter,2021.0,2021-01-01,5.49760438056126,True,Active,,1.0
22667,Finley,Winter 2021,Winter,2021.0,2021-01-01,5.49760438056126,True,Acquired,1.0,1.0
22668,Hapi,Winter 2021,Winter,2021.0,2021-01-01,5.49760438056126,True,Active,,1.0
22669,Stacksi,Winter 2021,Winter,2021.0,2021-01-01,5.49760438056126,True,Acquired,1.0,1.0
22670,PowerRouter,Winter 2021,Winter,2021.0,2021-01-01,5.49760438056126,True,Active,,1.0
22671,SigNoz,Winter 2021,Winter,2021.0,2021-01-01,5.49760438056126,True,Active,,1.0
22672,Pensil,Winter 2021,Winter,2021.0,2021-01-01,5.49760438056126,True,Inactive,0.0,0.0
22673,Gigs Live,Winter 2021,Winter,2021.0,2021-01-01,5.49760438056126,True,Inactive,0.0,0.0
22674,arnata,Winter 2021,Winter,2021.0,2021-01-01,5.49760438056126,True,Active,,1.0
22675,Unfurl,Winter 2021,Winter,2021.0,2021-01-01,5.49760438056126,True,Inactive,0.0,0.0
22676,ModernLoop,Winter 2021,Winter,2021.0,2021-01-01,5.49760438056126,True,Active,,1.0
22677,GroMo,Winter 2021,Winter,2021.0,2021-01-01,5.49760438056126,True,Active,,1.0
22681,Pibit.ai,Winter 2021,Winter,2021.0,2021-01-01,5.49760438056126,True,Active,,1.0
22693,Lion Pose,Winter 2021,Winter,2021.0,2021-01-01,5.49760438056126,True,Active,,1.0
22694,Vogent,Summer 2021,Summer,2021.0,2021-06-01,5.084188911704312,True,Acquired,1.0,1.0
22695,Furmacy,Winter 2021,Winter,2021.0,2021-01-01,5.49760438056126,True,Acquired,1.0,1.0
22696,SlashAuth,Winter 2021,Winter,2021.0,2021-01-01,5.49760438056126,True,Inactive,0.0,0.0
22698,Observa,Winter 2021,Winter,2021.0,2021-01-01,5.49760438056126,True,Inactive,0.0,0.0
22699,Nourish,Winter 2021,Winter,2021.0,2021-01-01,5.49760438056126,True,Active,,1.0
22700,Moichor,Winter 2021,Winter,2021.0,2021-01-01,5.49760438056126,True,Active,,1.0
22701,Queenly,Winter 2021,Winter,2021.0,2021-01-01,5.49760438056126,True,Inactive,0.0,0.0
22702,"Gerald Technologies, Inc",Winter 2021,Winter,2021.0,2021-01-01,5.49760438056126,True,Active,,1.0
22703,Bluelight,Winter 2021,Winter,2021.0,2021-01-01,5.49760438056126,True,Active,,1.0
22704,Triplit,Winter 2021,Winter,2021.0,2021-01-01,5.49760438056126,True,Inactive,0.0,0.0
22705,JoinSub,Winter 2021,Winter,2021.0,2021-01-01,5.49760438056126,True,Inactive,0.0,0.0
22706,Curvenote,Winter 2021,Winter,2021.0,2021-01-01,5.49760438056126,True,Active,,1.0
22707,Wyndly,Winter 2021,Winter,2021.0,2021-01-01,5.49760438056126,True,Active,,1.0
22708,Flux Auto,Winter 2021,Winter,2021.0,2021-01-01,5.49760438056126,True,Active,,1.0
22709,Krab,Winter 2021,Winter,2021.0,2021-01-01,5.49760438056126,True,Inactive,0.0,0.0
22710,CoVerified,Winter 2021,Winter,2021.0,2021-01-01,5.49760438056126,True,Inactive,0.0,0.0
22711,Clay,Winter 2021,Winter,2021.0,2021-01-01,5.49760438056126,True,Inactive,0.0,0.0
22712,GoBuild (fka Brick),Winter 2021,Winter,2021.0,2021-01-01,5.49760438056126,True,Inactive,0.0,0.0
22713,SpruceID,Winter 2021,Winter,2021.0,2021-01-01,5.49760438056126,True,Active,,1.0
22714,Fountain9,Winter 2021,Winter,2021.0,2021-01-01,5.49760438056126,True,Acquired,1.0,1.0
22715,Tupelo,Winter 2021,Winter,2021.0,2021-01-01,5.49760438056126,True,Active,,1.0
22717,Avocado,Winter 2021,Winter,2021.0,2021-01-01,5.49760438056126,True,Active,,1.0
22718,BeWell Digital,Winter 2021,Winter,2021.0,2021-01-01,5.49760438056126,True,Inactive,0.0,0.0
22719,Weekday,Winter 2021,Winter,2021.0,2021-01-01,5.49760438056126,True,Active,,1.0
22720,Smartcuts,Winter 2021,Winter,2021.0,2021-01-01,5.49760438056126,True,Active,,1.0
22721,Zepto,Winter 2021,Winter,2021.0,2021-01-01,5.49760438056126,True,Active,,1.0
22722,Pesto,Winter 2021,Winter,2021.0,2021-01-01,5.49760438056126,True,Active,,1.0
22738,Pragmatic Leaders (Ankai Inc),Winter 2021,Winter,2021.0,2021-01-01,5.49760438056126,True,Active,,1.0
22741,Laudspeaker,Winter 2021,Winter,2021.0,2021-01-01,5.49760438056126,True,Acquired,1.0,1.0
22742,Axiom.ai,Winter 2021,Winter,2021.0,2021-01-01,5.49760438056126,True,Active,,1.0
22743,Segments.ai,Winter 2021,Winter,2021.0,2021-01-01,5.49760438056126,True,Acquired,1.0,1.0
22744,Encord,Winter 2021,Winter,2021.0,2021-01-01,5.49760438056126,True,Active,,1.0
22745,CashBook,Winter 2021,Winter,2021.0,2021-01-01,5.49760438056126,True,Active,,1.0
22750,PingPong,Winter 2021,Winter,2021.0,2021-01-01,5.49760438056126,True,Acquired,1.0,1.0
22751,Fractional,Winter 2021,Winter,2021.0,2021-01-01,5.49760438056126,True,Active,,1.0
22752,ClipDrop,Winter 2021,Winter,2021.0,2021-01-01,5.49760438056126,True,Acquired,1.0,1.0
22755,Finary,Winter 2021,Winter,2021.0,2021-01-01,5.49760438056126,True,Inactive,0.0,0.0
22763,Hyper,Summer 2021,Summer,2021.0,2021-06-01,5.084188911704312,True,Acquired,1.0,1.0
22764,Valink Therapeutics,Winter 2021,Winter,2021.0,2021-01-01,5.49760438056126,True,Active,,1.0
22771,Avenue,Winter 2021,Winter,2021.0,2021-01-01,5.49760438056126,True,Acquired,1.0,1.0
22772,Prequel,Winter 2021,Winter,2021.0,2021-01-01,5.49760438056126,True,Active,,1.0
22773,noHQ,Winter 2021,Winter,2021.0,2021-01-01,5.49760438056126,True,Inactive,0.0,0.0
22774,Flok,Winter 2021,Winter,2021.0,2021-01-01,5.49760438056126,True,Acquired,1.0,1.0
22775,Charge Running,Winter 2021,Winter,2021.0,2021-01-01,5.49760438056126,True,Inactive,0.0,0.0
22776,Sivo,Winter 2021,Winter,2021.0,2021-01-01,5.49760438056126,True,Active,,1.0
22777,Gradia Health,Winter 2021,Winter,2021.0,2021-01-01,5.49760438056126,True,Active,,1.0
22778,HyperGlue,Winter 2021,Winter,2021.0,2021-01-01,5.49760438056126,True,Acquired,1.0,1.0
22779,Axle Health,Winter 2021,Winter,2021.0,2021-01-01,5.49760438056126,True,Active,,1.0
22780,Noya,Winter 2021,Winter,2021.0,2021-01-01,5.49760438056126,True,Inactive,0.0,0.0
22781,Cyble,Winter 2021,Winter,2021.0,2021-01-01,5.49760438056126,True,Active,,1.0
22782,Terapify,Winter 2021,Winter,2021.0,2021-01-01,5.49760438056126,True,Active,,1.0
22783,YourQuote,Winter 2021,Winter,2021.0,2021-01-01,5.49760438056126,True,Inactive,0.0,0.0
22784,Huddlefire,Winter 2021,Winter,2021.0,2021-01-01,5.49760438056126,True,Inactive,0.0,0.0
22785,Supadock,Winter 2021,Winter,2021.0,2021-01-01,5.49760438056126,True,Active,,1.0
22786,Faction,Winter 2021,Winter,2021.0,2021-01-01,5.49760438056126,True,Inactive,0.0,0.0
22787,Expent Inc,Winter 2021,Winter,2021.0,2021-01-01,5.49760438056126,True,Active,,1.0
22788,FunctionUp (FanPlay),Winter 2021,Winter,2021.0,2021-01-01,5.49760438056126,True,Acquired,1.0,1.0
22789,Gridware,Winter 2021,Winter,2021.0,2021-01-01,5.49760438056126,True,Active,,1.0
22790,Version Story,Winter 2021,Winter,2021.0,2021-01-01,5.49760438056126,True,Active,,1.0
22791,Bueno Finance,Winter 2021,Winter,2021.0,2021-01-01,5.49760438056126,True,Acquired,1.0,1.0
22792,Bimaplan,Winter 2021,Winter,2021.0,2021-01-01,5.49760438056126,True,Active,,1.0
22796,Firstbase.io,Winter 2021,Winter,2021.0,2021-01-01,5.49760438056126,True,Active,,1.0
22797,OctiFi,Winter 2021,Winter,2021.0,2021-01-01,5.49760438056126,True,Acquired,1.0,1.0
22806,Per Diem,Winter 2021,Winter,2021.0,2021-01-01,5.49760438056126,True,Active,,1.0
22823,June,Winter 2021,Winter,2021.0,2021-01-01,5.49760438056126,True,Inactive,0.0,0.0
22826,FifthTry,Winter 2021,Winter,2021.0,2021-01-01,5.49760438056126,True,Active,,1.0
22827,Promoted.ai,Winter 2021,Winter,2021.0,2021-01-01,5.49760438056126,True,Acquired,1.0,1.0
22828,Aviron Interactive,Winter 2021,Winter,2021.0,2021-01-01,5.49760438056126,True,Active,,1.0
22829,Camber,Winter 2021,Winter,2021.0,2021-01-01,5.49760438056126,True,Active,,1.0
22830,Pry Financials,Winter 2021,Winter,2021.0,2021-01-01,5.49760438056126,True,Acquired,1.0,1.0
22831,Emerge Tools,Winter 2021,Winter,2021.0,2021-01-01,5.49760438056126,True,Acquired,1.0,1.0
22832,Parsagon,Winter 2021,Winter,2021.0,2021-01-01,5.49760438056126,True,Active,,1.0
22833,Lendflow,Winter 2021,Winter,2021.0,2021-01-01,5.49760438056126,True,Active,,1.0
22834,Alinea,Winter 2021,Winter,2021.0,2021-01-01,5.49760438056126,True,Active,,1.0
22835,Vapi,Winter 2021,Winter,2021.0,2021-01-01,5.49760438056126,True,Active,,1.0
22836,Fintoc,Winter 2021,Winter,2021.0,2021-01-01,5.49760438056126,True,Active,,1.0
22840,Nirva,Winter 2021,Winter,2021.0,2021-01-01,5.49760438056126,True,Active,,1.0
22841,ControlHub,Winter 2021,Winter,2021.0,2021-01-01,5.49760438056126,True,Inactive,0.0,0.0
22842,Dashlabs.ai,Winter 2021,Winter,2021.0,2021-01-01,5.49760438056126,True,Active,,1.0
22843,Orbillion Bio,Winter 2021,Winter,2021.0,2021-01-01,5.49760438056126,True,Acquired,1.0,1.0
22844,Kodo,Winter 2021,Winter,2021.0,2021-01-01,5.49760438056126,True,Active,,1.0
22846,Lalabox,Winter 2021,Winter,2021.0,2021-01-01,5.49760438056126,True,Inactive,0.0,0.0
22850,Quadrant Health,Winter 2021,Winter,2021.0,2021-01-01,5.49760438056126,True,Active,,1.0
22853,Udhaar App,Winter 2021,Winter,2021.0,2021-01-01,5.49760438056126,True,Active,,1.0
22854,Topkey,Winter 2021,Winter,2021.0,2021-01-01,5.49760438056126,True,Active,,1.0
22855,Mindee,Winter 2021,Winter,2021.0,2021-01-01,5.49760438056126,True,Active,,1.0
22856,weweb.io,Winter 2021,Winter,2021.0,2021-01-01,5.49760438056126,True,Active,,1.0
22857,Kredi,Winter 2021,Winter,2021.0,2021-01-01,5.49760438056126,True,Active,,1.0
22861,Pangea.app,Winter 2021,Winter,2021.0,2021-01-01,5.49760438056126,True,Active,,1.0
22866,Anima,Winter 2021,Winter,2021.0,2021-01-01,5.49760438056126,True,Active,,1.0
22867,Procoto,Winter 2021,Winter,2021.0,2021-01-01,5.49760438056126,True,Acquired,1.0,1.0
22869,Logica,Winter 2021,Winter,2021.0,2021-01-01,5.49760438056126,True,Active,,1.0
22870,Care Weather,Winter 2021,Winter,2021.0,2021-01-01,5.49760438056126,True,Active,,1.0
22875,Roin Technologies,Winter 2021,Winter,2021.0,2021-01-01,5.49760438056126,True,Acquired,1.0,1.0
22876,Hermes Robotics,Winter 2021,Winter,2021.0,2021-01-01,5.49760438056126,True,Active,,1.0
22878,Popl,Winter 2021,Winter,2021.0,2021-01-01,5.49760438056126,True,Active,,1.0
22879,Fathom,Winter 2021,Winter,2021.0,2021-01-01,5.49760438056126,True,Active,,1.0
22880,Outpaint.com,Winter 2021,Winter,2021.0,2021-01-01,5.49760438056126,True,Active,,1.0
22881,BrioHR,Winter 2021,Winter,2021.0,2021-01-01,5.49760438056126,True,Active,,1.0
22882,FirstSupport.ai,Winter 2021,Winter,2021.0,2021-01-01,5.49760438056126,True,Active,,1.0
22883,Purpose Finance,Winter 2021,Winter,2021.0,2021-01-01,5.49760438056126,True,Inactive,0.0,0.0
22884,Rinsed,Winter 2021,Winter,2021.0,2021-01-01,5.49760438056126,True,Active,,1.0
22885,Measured,Winter 2021,Winter,2021.0,2021-01-01,5.49760438056126,True,Active,,1.0
22887,R2,Winter 2021,Winter,2021.0,2021-01-01,5.49760438056126,True,Acquired,1.0,1.0
22888,GimBooks,Winter 2021,Winter,2021.0,2021-01-01,5.49760438056126,True,Active,,1.0
22889,Greywing,Winter 2021,Winter,2021.0,2021-01-01,5.49760438056126,True,Active,,1.0
22890,zingbus,Winter 2021,Winter,2021.0,2021-01-01,5.49760438056126,True,Active,,1.0
22902,Verak,Winter 2021,Winter,2021.0,2021-01-01,5.49760438056126,True,Acquired,1.0,1.0
22903,Finary.com,Winter 2021,Winter,2021.0,2021-01-01,5.49760438056126,True,Active,,1.0
22905,Remora,Winter 2021,Winter,2021.0,2021-01-01,5.49760438056126,True,Active,,1.0
22906,LiveFlow,Winter 2021,Winter,2021.0,2021-01-01,5.49760438056126,True,Active,,1.0
22934,Auricle,Winter 2021,Winter,2021.0,2021-01-01,5.49760438056126,True,Active,,1.0
22935,Aurabeat,Winter 2021,Winter,2021.0,2021-01-01,5.49760438056126,True,Active,,1.0
22942,Hudu,Winter 2021,Winter,2021.0,2021-01-01,5.49760438056126,True,Active,,1.0
22944,Invoid,Winter 2021,Winter,2021.0,2021-01-01,5.49760438056126,True,Inactive,0.0,0.0
22947,Great Question,Winter 2021,Winter,2021.0,2021-01-01,5.49760438056126,True,Active,,1.0
22948,MarcoPolo,Winter 2021,Winter,2021.0,2021-01-01,5.49760438056126,True,Inactive,0.0,0.0
22951,Datrics,Winter 2021,Winter,2021.0,2021-01-01,5.49760438056126,True,Active,,1.0
22952,Trela,Winter 2021,Winter,2021.0,2021-01-01,5.49760438056126,True,Active,,1.0
22953,Enode,Winter 2021,Winter,2021.0,2021-01-01,5.49760438056126,True,Active,,1.0
22955,Coderhouse,Winter 2021,Winter,2021.0,2021-01-01,5.49760438056126,True,Active,,1.0
22957,Sendbox,Winter 2021,Winter,2021.0,2021-01-01,5.49760438056126,True,Active,,1.0
22958,Text Blaze,Winter 2021,Winter,2021.0,2021-01-01,5.49760438056126,True,Active,,1.0
22968,Trendpop,Winter 2021,Winter,2021.0,2021-01-01,5.49760438056126,True,Acquired,1.0,1.0
22969,LightTwist,Winter 2021,Winter,2021.0,2021-01-01,5.49760438056126,True,Active,,1.0
22970,Veera Health,Winter 2021,Winter,2021.0,2021-01-01,5.49760438056126,True,Active,,1.0
22974,LogisticsOS,Winter 2021,Winter,2021.0,2021-01-01,5.49760438056126,True,Active,,1.0
22975,Noble,Winter 2021,Winter,2021.0,2021-01-01,5.49760438056126,True,Inactive,0.0,0.0
22983,Homebase,Winter 2021,Winter,2021.0,2021-01-01,5.49760438056126,True,Active,,1.0
22985,Partnered,Winter 2021,Winter,2021.0,2021-01-01,5.49760438056126,True,Acquired,1.0,1.0
22986,SST,Winter 2021,Winter,2021.0,2021-01-01,5.49760438056126,True,Active,,1.0
22987,Darrow,Winter 2021,Winter,2021.0,2021-01-01,5.49760438056126,True,Active,,1.0
22989,Flextock,Winter 2021,Winter,2021.0,2021-01-01,5.49760438056126,True,Active,,1.0
22990,QuotaBook,Winter 2021,Winter,2021.0,2021-01-01,5.49760438056126,True,Active,,1.0
22991,Topline Pro,Winter 2021,Winter,2021.0,2021-01-01,5.49760438056126,True,Active,,1.0
22995,Quicknode,Winter 2021,Winter,2021.0,2021-01-01,5.49760438056126,True,Active,,1.0
22996,Resquared,Winter 2021,Winter,2021.0,2021-01-01,5.49760438056126,True,Active,,1.0
22997,Codingal,Winter 2021,Winter,2021.0,2021-01-01,5.49760438056126,True,Active,,1.0
23000,Nimbus,Winter 2021,Winter,2021.0,2021-01-01,5.49760438056126,True,Inactive,0.0,0.0
23008,TechBiz,Winter 2021,Winter,2021.0,2021-01-01,5.49760438056126,True,Acquired,1.0,1.0
23017,Tractian,Winter 2021,Winter,2021.0,2021-01-01,5.49760438056126,True,Active,,1.0
23036,Solo,Winter 2021,Winter,2021.0,2021-01-01,5.49760438056126,True,Active,,1.0
23037,Enable Us,Winter 2021,Winter,2021.0,2021-01-01,5.49760438056126,True,Acquired,1.0,1.0
23038,Dyte,Winter 2021,Winter,2021.0,2021-01-01,5.49760438056126,True,Acquired,1.0,1.0
23041,Platypus,Winter 2021,Winter,2021.0,2021-01-01,5.49760438056126,True,Inactive,0.0,0.0
23042,clicOH,Winter 2021,Winter,2021.0,2021-01-01,5.49760438056126,True,Active,,1.0
23048,Stoke Space,Winter 2021,Winter,2021.0,2021-01-01,5.49760438056126,True,Active,,1.0
23050,Milk Video,Winter 2021,Winter,2021.0,2021-01-01,5.49760438056126,True,Inactive,0.0,0.0
23052,Juicy Marbles,Winter 2021,Winter,2021.0,2021-01-01,5.49760438056126,True,Active,,1.0
23053,Tilt,Winter 2021,Winter,2021.0,2021-01-01,5.49760438056126,True,Active,,1.0
23054,Unschool,Winter 2021,Winter,2021.0,2021-01-01,5.49760438056126,True,Active,,1.0
23056,Simplify,Winter 2021,Winter,2021.0,2021-01-01,5.49760438056126,True,Active,,1.0
23062,InpharmD,Winter 2021,Winter,2021.0,2021-01-01,5.49760438056126,True,Active,,1.0
23063,Striga,Winter 2021,Winter,2021.0,2021-01-01,5.49760438056126,True,Acquired,1.0,1.0
23064,Tint,Winter 2021,Winter,2021.0,2021-01-01,5.49760438056126,True,Active,,1.0
23065,Finantier,Winter 2021,Winter,2021.0,2021-01-01,5.49760438056126,True,Inactive,0.0,0.0
23073,unSurvey,Winter 2021,Winter,2021.0,2021-01-01,5.49760438056126,True,Acquired,1.0,1.0
23074,ZOKO,Winter 2021,Winter,2021.0,2021-01-01,5.49760438056126,True,Active,,1.0
23075,TaoFi,Winter 2021,Winter,2021.0,2021-01-01,5.49760438056126,True,Acquired,1.0,1.0
23084,Taste,Winter 2021,Winter,2021.0,2021-01-01,5.49760438056126,True,Inactive,0.0,0.0
23085,Launcher Labs,Winter 2021,Winter,2021.0,2021-01-01,5.49760438056126,True,Inactive,0.0,0.0
23096,Aerotime,Winter 2021,Winter,2021.0,2021-01-01,5.49760438056126,True,Inactive,0.0,0.0
23105,Reclaim Protocol,Winter 2021,Winter,2021.0,2021-01-01,5.49760438056126,True,Active,,1.0
23120,Slash,Summer 2021,Summer,2021.0,2021-06-01,5.084188911704312,True,Active,,1.0
23121,BotBuilt,Winter 2021,Winter,2021.0,2021-01-01,5.49760438056126,True,Active,,1.0
23127,Rulebricks,Winter 2021,Winter,2021.0,2021-01-01,5.49760438056126,True,Active,,1.0
23128,FitHub,Winter 2021,Winter,2021.0,2021-01-01,5.49760438056126,True,Active,,1.0
23139,Seer,Winter 2021,Winter,2021.0,2021-01-01,5.49760438056126,True,Active,,1.0
23146,Redcliffe Lifetech,Winter 2021,Winter,2021.0,2021-01-01,5.49760438056126,True,Active,,1.0
23156,ROGER,Winter 2021,Winter,2021.0,2021-01-01,5.49760438056126,True,Active,,1.0
23162,Phoenix,Winter 2021,Winter,2021.0,2021-01-01,5.49760438056126,True,Active,,1.0
23167,Worksphere,Winter 2021,Winter,2021.0,2021-01-01,5.49760438056126,True,Acquired,1.0,1.0
23174,Feroot Security,Winter 2021,Winter,2021.0,2021-01-01,5.49760438056126,True,Active,,1.0
23175,Betterhalf,Winter 2021,Winter,2021.0,2021-01-01,5.49760438056126,True,Active,,1.0
23185,Mythia,Winter 2021,Winter,2021.0,2021-01-01,5.49760438056126,True,Inactive,0.0,0.0
23186,Camp,Winter 2021,Winter,2021.0,2021-01-01,5.49760438056126,True,Active,,1.0
23189,Fable,Winter 2021,Winter,2021.0,2021-01-01,5.49760438056126,True,Inactive,0.0,0.0
23190,Biodock,Winter 2021,Winter,2021.0,2021-01-01,5.49760438056126,True,Active,,1.0
23191,Venu AI,Winter 2021,Winter,2021.0,2021-01-01,5.49760438056126,True,Active,,1.0
23193,Manara,Winter 2021,Winter,2021.0,2021-01-01,5.49760438056126,True,Active,,1.0
23200,Compose.ai,Winter 2021,Winter,2021.0,2021-01-01,5.49760438056126,True,Active,,1.0
23202,Moxion Power Co.,Winter 2021,Winter,2021.0,2021-01-01,5.49760438056126,True,Inactive,0.0,0.0
23220,Lamar Health,Winter 2021,Winter,2021.0,2021-01-01,5.49760438056126,True,Active,,1.0
23226,Soraban,Winter 2021,Winter,2021.0,2021-01-01,5.49760438056126,True,Active,,1.0
23229,Pyroscope,Winter 2021,Winter,2021.0,2021-01-01,5.49760438056126,True,Acquired,1.0,1.0
23236,Stayflexi,Winter 2021,Winter,2021.0,2021-01-01,5.49760438056126,True,Active,,1.0
23238,Ontop,Winter 2021,Winter,2021.0,2021-01-01,5.49760438056126,True,Active,,1.0
23239,Preki,Winter 2021,Winter,2021.0,2021-01-01,5.49760438056126,True,Acquired,1.0,1.0
23240,Mendel,Winter 2021,Winter,2021.0,2021-01-01,5.49760438056126,True,Active,,1.0
23242,HomeBreeze,Winter 2021,Winter,2021.0,2021-01-01,5.49760438056126,True,Inactive,0.0,0.0
23259,Haystack,Winter 2021,Winter,2021.0,2021-01-01,5.49760438056126,True,Active,,1.0
23260,Z1,Winter 2021,Winter,2021.0,2021-01-01,5.49760438056126,True,Active,,1.0
23261,Morada Uno,Winter 2021,Winter,2021.0,2021-01-01,5.49760438056126,True,Active,,1.0
23263,Entelexo Biotherapeutics,Winter 2021,Winter,2021.0,2021-01-01,5.49760438056126,True,Active,,1.0
23264,Eat Blueprint,Winter 2021,Winter,2021.0,2021-01-01,5.49760438056126,True,Inactive,0.0,0.0
23265,Mono,Winter 2021,Winter,2021.0,2021-01-01,5.49760438056126,True,Acquired,1.0,1.0
23266,Houm,Winter 2021,Winter,2021.0,2021-01-01,5.49760438056126,True,Active,,1.0
23268,Zealth,Winter 2021,Winter,2021.0,2021-01-01,5.49760438056126,True,Active,,1.0
23269,Lunatic,Winter 2021,Winter,2021.0,2021-01-01,5.49760438056126,True,Inactive,0.0,0.0
23270,Alokai,Winter 2021,Winter,2021.0,2021-01-01,5.49760438056126,True,Active,,1.0
23271,Ziina,Winter 2021,Winter,2021.0,2021-01-01,5.49760438056126,True,Active,,1.0
23276,Codeball,Winter 2021,Winter,2021.0,2021-01-01,5.49760438056126,True,Inactive,0.0,0.0
23277,Pagaloop,Winter 2021,Winter,2021.0,2021-01-01,5.49760438056126,True,Active,,1.0
23278,Prendea,Winter 2021,Winter,2021.0,2021-01-01,5.49760438056126,True,Inactive,0.0,0.0
23279,Chatwoot,Winter 2021,Winter,2021.0,2021-01-01,5.49760438056126,True,Active,,1.0
23280,Infracost,Winter 2021,Winter,2021.0,2021-01-01,5.49760438056126,True,Active,,1.0
23290,Kitemaker,Winter 2021,Winter,2021.0,2021-01-01,5.49760438056126,True,Acquired,1.0,1.0
23292,AgendaPro,Winter 2021,Winter,2021.0,2021-01-01,5.49760438056126,True,Active,,1.0
23301,FlutterFlow,Winter 2021,Winter,2021.0,2021-01-01,5.49760438056126,True,Active,,1.0
23302,Kidato,Winter 2021,Winter,2021.0,2021-01-01,5.49760438056126,True,Active,,1.0
23303,Dataherald,Winter 2021,Winter,2021.0,2021-01-01,5.49760438056126,True,Inactive,0.0,0.0
23304,Moonshot Brands,Winter 2021,Winter,2021.0,2021-01-01,5.49760438056126,True,Inactive,0.0,0.0
23305,Galaxy,Winter 2021,Winter,2021.0,2021-01-01,5.49760438056126,True,Inactive,0.0,0.0
23306,GreaseBoss,Winter 2021,Winter,2021.0,2021-01-01,5.49760438056126,True,Active,,1.0
23315,Alpas,Winter 2021,Winter,2021.0,2021-01-01,5.49760438056126,True,Active,,1.0
23316,FlowEQ,Winter 2021,Winter,2021.0,2021-01-01,5.49760438056126,True,Active,,1.0
23317,Rejoy Health,Winter 2021,Winter,2021.0,2021-01-01,5.49760438056126,True,Active,,1.0
23318,inBalance,Winter 2021,Winter,2021.0,2021-01-01,5.49760438056126,True,Acquired,1.0,1.0
23324,Swadesi Way,Winter 2021,Winter,2021.0,2021-01-01,5.49760438056126,True,Active,,1.0
23327,Machine26,Winter 2021,Winter,2021.0,2021-01-01,5.49760438056126,True,Active,,1.0
23328,Foster,Winter 2021,Winter,2021.0,2021-01-01,5.49760438056126,True,Active,,1.0
23355,Svix,Winter 2021,Winter,2021.0,2021-01-01,5.49760438056126,True,Active,,1.0
23357,Treinta,Winter 2021,Winter,2021.0,2021-01-01,5.49760438056126,True,Active,,1.0
23366,OlaClick,Winter 2021,Winter,2021.0,2021-01-01,5.49760438056126,True,Active,,1.0
23368,Spline,Winter 2021,Winter,2021.0,2021-01-01,5.49760438056126,True,Active,,1.0
23369,REGENT,Winter 2021,Winter,2021.0,2021-01-01,5.49760438056126,True,Active,,1.0
23370,Uiflow,Winter 2021,Winter,2021.0,2021-01-01,5.49760438056126,True,Acquired,1.0,1.0
23371,BusinessOnBot,Winter 2021,Winter,2021.0,2021-01-01,5.49760438056126,True,Active,,1.0
23389,Gigs,Winter 2021,Winter,2021.0,2021-01-01,5.49760438056126,True,Active,,1.0
23397,Jetdocs,Winter 2021,Winter,2021.0,2021-01-01,5.49760438056126,True,Active,,1.0
23398,Prospa,Winter 2021,Winter,2021.0,2021-01-01,5.49760438056126,True,Active,,1.0
23399,Rethoric,Winter 2021,Winter,2021.0,2021-01-01,5.49760438056126,True,Active,,1.0
23400,Dressd,Winter 2021,Winter,2021.0,2021-01-01,5.49760438056126,True,Inactive,0.0,0.0
23405,Dayra,Winter 2021,Winter,2021.0,2021-01-01,5.49760438056126,True,Active,,1.0
23412,Axolo,Winter 2021,Winter,2021.0,2021-01-01,5.49760438056126,True,Active,,1.0
23413,peopleCQ,Winter 2021,Winter,2021.0,2021-01-01,5.49760438056126,True,Active,,1.0
23414,Poliglota,Winter 2021,Winter,2021.0,2021-01-01,5.49760438056126,True,Active,,1.0
23415,Friz,Winter 2021,Winter,2021.0,2021-01-01,5.49760438056126,True,Acquired,1.0,1.0
23416,Voosh,Winter 2021,Winter,2021.0,2021-01-01,5.49760438056126,True,Active,,1.0
23421,Somos,Winter 2021,Winter,2021.0,2021-01-01,5.49760438056126,True,Active,,1.0
23423,Awari,Winter 2021,Winter,2021.0,2021-01-01,5.49760438056126,True,Acquired,1.0,1.0
23429,UPchieve,Winter 2021,Winter,2021.0,2021-01-01,5.49760438056126,True,Active,,1.0
23430,Mystic,Winter 2021,Winter,2021.0,2021-01-01,5.49760438056126,True,Active,,1.0
23431,Navattic,Winter 2021,Winter,2021.0,2021-01-01,5.49760438056126,True,Active,,1.0
23432,Recover,Winter 2021,Winter,2021.0,2021-01-01,5.49760438056126,True,Active,,1.0
23433,Estoca,Winter 2021,Winter,2021.0,2021-01-01,5.49760438056126,True,Active,,1.0
23434,Broad,Winter 2021,Winter,2021.0,2021-01-01,5.49760438056126,True,Active,,1.0
23435,Cheqout,Winter 2021,Winter,2021.0,2021-01-01,5.49760438056126,True,Inactive,0.0,0.0
23437,Mezli,Winter 2021,Winter,2021.0,2021-01-01,5.49760438056126,True,Inactive,0.0,0.0
23440,Jiga,Winter 2021,Winter,2021.0,2021-01-01,5.49760438056126,True,Active,,1.0
23443,Vendease,Winter 2021,Winter,2021.0,2021-01-01,5.49760438056126,True,Active,,1.0
23445,Blink,Winter 2021,Winter,2021.0,2021-01-01,5.49760438056126,True,Inactive,0.0,0.0
23451,MarqVision,Summer 2021,Summer,2021.0,2021-06-01,5.084188911704312,True,Active,,1.0
23452,Wasp,Winter 2021,Winter,2021.0,2021-01-01,5.49760438056126,True,Active,,1.0
23453,HUBUC,Winter 2021,Winter,2021.0,2021-01-01,5.49760438056126,True,Active,,1.0
23457,Turing College,Winter 2021,Winter,2021.0,2021-01-01,5.49760438056126,True,Active,,1.0
23458,Djamo,Winter 2021,Winter,2021.0,2021-01-01,5.49760438056126,True,Active,,1.0
23459,Routine,Winter 2021,Winter,2021.0,2021-01-01,5.49760438056126,True,Active,,1.0
23460,hoop.dev,Winter 2021,Winter,2021.0,2021-01-01,5.49760438056126,True,Active,,1.0
23461,Outfit,Winter 2021,Winter,2021.0,2021-01-01,5.49760438056126,True,Inactive,0.0,0.0
23462,boitas.com,Winter 2021,Winter,2021.0,2021-01-01,5.49760438056126,True,Inactive,0.0,0.0
23472,Moonvalley,Winter 2021,Winter,2021.0,2021-01-01,5.49760438056126,True,Active,,1.0
23511,Forcyte Biotechnologies,Winter 2021,Winter,2021.0,2021-01-01,5.49760438056126,True,Inactive,0.0,0.0
23515,Avion School,Winter 2021,Winter,2021.0,2021-01-01,5.49760438056126,True,Inactive,0.0,0.0
23518,MeetAnyway,Winter 2021,Winter,2021.0,2021-01-01,5.49760438056126,True,Inactive,0.0,0.0
23521,MindPortal,Winter 2021,Winter,2021.0,2021-01-01,5.49760438056126,True,Inactive,0.0,0.0
23522,Nuntius Therapeutics,Winter 2021,Winter,2021.0,2021-01-01,5.49760438056126,True,Active,,1.0
23530,Waydev AI,Winter 2021,Winter,2021.0,2021-01-01,5.49760438056126,True,Active,,1.0
23531,Authologic,Winter 2021,Winter,2021.0,2021-01-01,5.49760438056126,True,Active,,1.0
23537,Arpio,Winter 2021,Winter,2021.0,2021-01-01,5.49760438056126,True,Active,,1.0
23539,Triomics,Winter 2021,Winter,2021.0,2021-01-01,5.49760438056126,True,Active,,1.0
23541,Mayan,Winter 2021,Winter,2021.0,2021-01-01,5.49760438056126,True,Active,,1.0
23550,Clear,Winter 2021,Winter,2021.0,2021-01-01,5.49760438056126,True,Active,,1.0
23555,Bloom,Winter 2021,Winter,2021.0,2021-01-01,5.49760438056126,True,Active,,1.0
23556,H3X Technologies,Winter 2021,Winter,2021.0,2021-01-01,5.49760438056126,True,Active,,1.0
23568,My NextDerma,Winter 2021,Winter,2021.0,2021-01-01,5.49760438056126,True,Active,,1.0
23597,Kilobaser,Winter 2021,Winter,2021.0,2021-01-01,5.49760438056126,True,Active,,1.0
23598,SwiftSku,Winter 2021,Winter,2021.0,2021-01-01,5.49760438056126,True,Active,,1.0
23599,Shepherd,Winter 2021,Winter,2021.0,2021-01-01,5.49760438056126,True,Active,,1.0
23610,PipeBio,Winter 2021,Winter,2021.0,2021-01-01,5.49760438056126,True,Acquired,1.0,1.0
23611,Reshape Biotech,Winter 2021,Winter,2021.0,2021-01-01,5.49760438056126,True,Active,,1.0
23612,Terra API,Winter 2021,Winter,2021.0,2021-01-01,5.49760438056126,True,Active,,1.0
23613,MagicBell,Winter 2021,Winter,2021.0,2021-01-01,5.49760438056126,True,Active,,1.0
23629,AXAR AI,Winter 2021,Winter,2021.0,2021-01-01,5.49760438056126,True,Active,,1.0
23630,Alltruists,Winter 2021,Winter,2021.0,2021-01-01,5.49760438056126,True,Inactive,0.0,0.0
23631,Camlist,Winter 2021,Winter,2021.0,2021-01-01,5.49760438056126,True,Active,,1.0
23632,NextPay,Winter 2021,Winter,2021.0,2021-01-01,5.49760438056126,True,Active,,1.0
23633,Chorus Sleep,Winter 2021,Winter,2021.0,2021-01-01,5.49760438056126,True,Active,,1.0
23634,Ollama,Winter 2021,Winter,2021.0,2021-01-01,5.49760438056126,True,Active,,1.0
23635,Kanda,Winter 2021,Winter,2021.0,2021-01-01,5.49760438056126,True,Active,,1.0
23636,Humance,Winter 2021,Winter,2021.0,2021-01-01,5.49760438056126,True,Active,,1.0
23638,Journey,Winter 2021,Winter,2021.0,2021-01-01,5.49760438056126,True,Acquired,1.0,1.0
23640,eqtble,Winter 2021,Winter,2021.0,2021-01-01,5.49760438056126,True,Acquired,1.0,1.0
23642,Meru.com,Winter 2021,Winter,2021.0,2021-01-01,5.49760438056126,True,Active,,1.0
23645,Flux,Winter 2021,Winter,2021.0,2021-01-01,5.49760438056126,True,Active,,1.0
23656,Nano Technologies,Winter 2021,Winter,2021.0,2021-01-01,5.49760438056126,True,Active,,1.0
23659,Zage,Summer 2021,Summer,2021.0,2021-06-01,5.084188911704312,True,Inactive,0.0,0.0
23661,Kiwify,Winter 2021,Winter,2021.0,2021-01-01,5.49760438056126,True,Active,,1.0
23727,Hyperseed,Summer 2021,Summer,2021.0,2021-06-01,5.084188911704312,True,Inactive,0.0,0.0
23776,Palla,Summer 2021,Summer,2021.0,2021-06-01,5.084188911704312,True,Active,,1.0
23777,Cococart,Summer 2021,Summer,2021.0,2021-06-01,5.084188911704312,True,Active,,1.0
23780,PaletteHQ,Summer 2021,Summer,2021.0,2021-06-01,5.084188911704312,True,Active,,1.0
23781,Openlayer,Summer 2021,Summer,2021.0,2021-06-01,5.084188911704312,True,Active,,1.0
23783,Promakhos Therapeutics,Summer 2021,Summer,2021.0,2021-06-01,5.084188911704312,True,Active,,1.0
23796,Slope,Summer 2021,Summer,2021.0,2021-06-01,5.084188911704312,True,Active,,1.0
23817,Epsilon3,Summer 2021,Summer,2021.0,2021-06-01,5.084188911704312,True,Active,,1.0
23818,Mentorcam,Summer 2021,Summer,2021.0,2021-06-01,5.084188911704312,True,Inactive,0.0,0.0
23819,Inversion Space,Summer 2021,Summer,2021.0,2021-06-01,5.084188911704312,True,Active,,1.0
23820,Blixo,Summer 2021,Summer,2021.0,2021-06-01,5.084188911704312,True,Active,,1.0
23831,Lobby,Summer 2021,Summer,2021.0,2021-06-01,5.084188911704312,True,Inactive,0.0,0.0
23832,Reframe,Summer 2021,Summer,2021.0,2021-06-01,5.084188911704312,True,Active,,1.0
23842,Hedgehog,Summer 2021,Summer,2021.0,2021-06-01,5.084188911704312,True,Inactive,0.0,0.0
23845,Agapé,Summer 2021,Summer,2021.0,2021-06-01,5.084188911704312,True,Active,,1.0
23860,Positional,Summer 2021,Summer,2021.0,2021-06-01,5.084188911704312,True,Acquired,1.0,1.0
23861,Wabi,Summer 2021,Summer,2021.0,2021-06-01,5.084188911704312,True,Inactive,0.0,0.0
23862,Contalink,Summer 2021,Summer,2021.0,2021-06-01,5.084188911704312,True,Active,,1.0
23884,AOA Dx,Summer 2021,Summer,2021.0,2021-06-01,5.084188911704312,True,Active,,1.0
23885,marketfeed,Summer 2021,Summer,2021.0,2021-06-01,5.084188911704312,True,Active,,1.0
23939,Beeper,Summer 2021,Summer,2021.0,2021-06-01,5.084188911704312,True,Acquired,1.0,1.0
23943,Artillery,Summer 2021,Summer,2021.0,2021-06-01,5.084188911704312,True,Active,,1.0
23944,hotglue,Summer 2021,Summer,2021.0,2021-06-01,5.084188911704312,True,Active,,1.0
23945,Talus Bio,Summer 2021,Summer,2021.0,2021-06-01,5.084188911704312,True,Active,,1.0
23946,Legion Health,Summer 2021,Summer,2021.0,2021-06-01,5.084188911704312,True,Active,,1.0
23947,Odys Aviation,Summer 2021,Summer,2021.0,2021-06-01,5.084188911704312,True,Active,,1.0
23948,Superwall,Summer 2021,Summer,2021.0,2021-06-01,5.084188911704312,True,Active,,1.0
23950,Pipekit,Summer 2021,Summer,2021.0,2021-06-01,5.084188911704312,True,Active,,1.0
23951,Mindstate Design Labs,Summer 2021,Summer,2021.0,2021-06-01,5.084188911704312,True,Active,,1.0
23952,Yummy,Summer 2021,Summer,2021.0,2021-06-01,5.084188911704312,True,Active,,1.0
23953,Hive Health,Summer 2021,Summer,2021.0,2021-06-01,5.084188911704312,True,Active,,1.0
23954,Serif Health,Winter 2022,Winter,2022.0,2022-01-01,4.498288843258043,False,Active,,
23955,Deskimo,Summer 2021,Summer,2021.0,2021-06-01,5.084188911704312,True,Active,,1.0
23956,Customily,Summer 2021,Summer,2021.0,2021-06-01,5.084188911704312,True,Active,,1.0
23957,Stipop,Summer 2021,Summer,2021.0,2021-06-01,5.084188911704312,True,Active,,1.0
23958,Abstra,Summer 2021,Summer,2021.0,2021-06-01,5.084188911704312,True,Active,,1.0
23959,TAG,Summer 2021,Summer,2021.0,2021-06-01,5.084188911704312,True,Active,,1.0
23960,Carbonfact,Summer 2021,Summer,2021.0,2021-06-01,5.084188911704312,True,Active,,1.0
23963,Gobillion,Summer 2021,Summer,2021.0,2021-06-01,5.084188911704312,True,Inactive,0.0,0.0
23967,Varos,Summer 2021,Summer,2021.0,2021-06-01,5.084188911704312,True,Active,,1.0
23968,Archbee,Summer 2021,Summer,2021.0,2021-06-01,5.084188911704312,True,Active,,1.0
23969,Baraka,Summer 2021,Summer,2021.0,2021-06-01,5.084188911704312,True,Active,,1.0
23970,Jupe,Summer 2021,Summer,2021.0,2021-06-01,5.084188911704312,True,Inactive,0.0,0.0
23971,Concord Materials,Summer 2021,Summer,2021.0,2021-06-01,5.084188911704312,True,Active,,1.0
23972,Flow Club,Summer 2021,Summer,2021.0,2021-06-01,5.084188911704312,True,Active,,1.0
23973,Jestor,Summer 2021,Summer,2021.0,2021-06-01,5.084188911704312,True,Active,,1.0
23974,Level,Summer 2021,Summer,2021.0,2021-06-01,5.084188911704312,True,Acquired,1.0,1.0
23977,Potion,Summer 2021,Summer,2021.0,2021-06-01,5.084188911704312,True,Active,,1.0
23978,Rootly,Summer 2021,Summer,2021.0,2021-06-01,5.084188911704312,True,Active,,1.0
23979,Replo,Summer 2021,Summer,2021.0,2021-06-01,5.084188911704312,True,Active,,1.0
23985,FirstQuadrant,Summer 2021,Summer,2021.0,2021-06-01,5.084188911704312,True,Inactive,0.0,0.0
23986,Fingo Africa,Summer 2021,Summer,2021.0,2021-06-01,5.084188911704312,True,Active,,1.0
23988,ARQ,Summer 2021,Summer,2021.0,2021-06-01,5.084188911704312,True,Active,,1.0
24005,Goodkind,Summer 2021,Summer,2021.0,2021-06-01,5.084188911704312,True,Acquired,1.0,1.0
24006,Karbon Card,Summer 2021,Summer,2021.0,2021-06-01,5.084188911704312,True,Active,,1.0
24008,Catena Biosciences,Summer 2021,Summer,2021.0,2021-06-01,5.084188911704312,True,Active,,1.0
24024,SolarMente,Summer 2021,Summer,2021.0,2021-06-01,5.084188911704312,True,Inactive,0.0,0.0
24025,Buzzle,Summer 2021,Summer,2021.0,2021-06-01,5.084188911704312,True,Inactive,0.0,0.0
24026,Flowbo,Summer 2021,Summer,2021.0,2021-06-01,5.084188911704312,True,Inactive,0.0,0.0
24034,Ananya Health,Summer 2021,Summer,2021.0,2021-06-01,5.084188911704312,True,Active,,1.0
24037,Levro,Summer 2021,Summer,2021.0,2021-06-01,5.084188911704312,True,Active,,1.0
24038,FrontPage,Summer 2021,Summer,2021.0,2021-06-01,5.084188911704312,True,Active,,1.0
24039,Kalam Labs,Summer 2021,Summer,2021.0,2021-06-01,5.084188911704312,True,Active,,1.0
24040,Affogato AI,Summer 2021,Summer,2021.0,2021-06-01,5.084188911704312,True,Active,,1.0
24041,Koshex,Summer 2021,Summer,2021.0,2021-06-01,5.084188911704312,True,Active,,1.0
24042,Akudo,Summer 2021,Summer,2021.0,2021-06-01,5.084188911704312,True,Inactive,0.0,0.0
24044,Mailmodo,Summer 2021,Summer,2021.0,2021-06-01,5.084188911704312,True,Acquired,1.0,1.0
24045,Coulomb AI,Summer 2021,Summer,2021.0,2021-06-01,5.084188911704312,True,Active,,1.0
24046,PropReturns,Summer 2021,Summer,2021.0,2021-06-01,5.084188911704312,True,Inactive,0.0,0.0
24049,Deed,Summer 2021,Summer,2021.0,2021-06-01,5.084188911704312,True,Acquired,1.0,1.0
24053,ODWEN,Summer 2021,Summer,2021.0,2021-06-01,5.084188911704312,True,Active,,1.0
24055,Atmana,Summer 2021,Summer,2021.0,2021-06-01,5.084188911704312,True,Active,,1.0
24058,Zeit Medical,Summer 2021,Summer,2021.0,2021-06-01,5.084188911704312,True,Active,,1.0
24059,SalaryBook,Summer 2021,Summer,2021.0,2021-06-01,5.084188911704312,True,Active,,1.0
24064,Confido,Summer 2021,Summer,2021.0,2021-06-01,5.084188911704312,True,Active,,1.0
24065,BoldVoice,Summer 2021,Summer,2021.0,2021-06-01,5.084188911704312,True,Active,,1.0
24078,Instalab,Winter 2022,Winter,2022.0,2022-01-01,4.498288843258043,False,Active,,
24079,Instacrops,Summer 2021,Summer,2021.0,2021-06-01,5.084188911704312,True,Active,,1.0
24080,Zaz OS,Summer 2021,Summer,2021.0,2021-06-01,5.084188911704312,True,Active,,1.0
24081,Parallel Bio,Summer 2021,Summer,2021.0,2021-06-01,5.084188911704312,True,Active,,1.0
24082,BLUUMBIO,Summer 2021,Summer,2021.0,2021-06-01,5.084188911704312,True,Active,,1.0
24083,Rivia.AI,Summer 2021,Summer,2021.0,2021-06-01,5.084188911704312,True,Active,,1.0
24084,Nino Foods,Summer 2021,Summer,2021.0,2021-06-01,5.084188911704312,True,Inactive,0.0,0.0
24086,Advantage Club,Summer 2021,Summer,2021.0,2021-06-01,5.084188911704312,True,Active,,1.0
24091,Echoes HQ,Summer 2021,Summer,2021.0,2021-06-01,5.084188911704312,True,Active,,1.0
24093,Swipe,Summer 2021,Summer,2021.0,2021-06-01,5.084188911704312,True,Active,,1.0
24094,AlgoUniversity,Summer 2021,Summer,2021.0,2021-06-01,5.084188911704312,True,Active,,1.0
24095,Neodocs,Summer 2021,Summer,2021.0,2021-06-01,5.084188911704312,True,Active,,1.0
24096,AppX,Summer 2021,Summer,2021.0,2021-06-01,5.084188911704312,True,Active,,1.0
24100,MobileBoost,Summer 2021,Summer,2021.0,2021-06-01,5.084188911704312,True,Active,,1.0
24108,V-Flow Medical,Summer 2021,Summer,2021.0,2021-06-01,5.084188911704312,True,Inactive,0.0,0.0
24129,Cabal,Summer 2021,Summer,2021.0,2021-06-01,5.084188911704312,True,Active,,1.0
24130,VitalStrata,Summer 2021,Summer,2021.0,2021-06-01,5.084188911704312,True,Active,,1.0
24131,Strive Math,Summer 2021,Summer,2021.0,2021-06-01,5.084188911704312,True,Active,,1.0
24132,Double,Summer 2021,Summer,2021.0,2021-06-01,5.084188911704312,True,Active,,1.0
24135,Sleek,Summer 2021,Summer,2021.0,2021-06-01,5.084188911704312,True,Acquired,1.0,1.0
24136,MadEats,Summer 2021,Summer,2021.0,2021-06-01,5.084188911704312,True,Acquired,1.0,1.0
24137,Soco,Summer 2021,Summer,2021.0,2021-06-01,5.084188911704312,True,Active,,1.0
24138,Epinoma,Summer 2021,Summer,2021.0,2021-06-01,5.084188911704312,True,Active,,1.0
24139,REPROSENT,Summer 2021,Summer,2021.0,2021-06-01,5.084188911704312,True,Active,,1.0
24140,Bite Ninja,Summer 2021,Summer,2021.0,2021-06-01,5.084188911704312,True,Active,,1.0
24141,Anakin,Summer 2021,Summer,2021.0,2021-06-01,5.084188911704312,True,Active,,1.0
24142,SnapCalorie,Summer 2021,Summer,2021.0,2021-06-01,5.084188911704312,True,Active,,1.0
24143,InstaKin,Summer 2021,Summer,2021.0,2021-06-01,5.084188911704312,True,Active,,1.0
24147,Abbot,Summer 2021,Summer,2021.0,2021-06-01,5.084188911704312,True,Inactive,0.0,0.0
24148,StudyStream,Summer 2021,Summer,2021.0,2021-06-01,5.084188911704312,True,Active,,1.0
24149,Union54,Summer 2021,Summer,2021.0,2021-06-01,5.084188911704312,True,Active,,1.0
24150,Hypercore,Summer 2021,Summer,2021.0,2021-06-01,5.084188911704312,True,Active,,1.0
24151,Lago,Summer 2021,Summer,2021.0,2021-06-01,5.084188911704312,True,Active,,1.0
24152,RendaloMaq,Summer 2021,Summer,2021.0,2021-06-01,5.084188911704312,True,Active,,1.0
24153,Dailybot,Summer 2021,Summer,2021.0,2021-06-01,5.084188911704312,True,Active,,1.0
24154,Tablevibe,Summer 2021,Summer,2021.0,2021-06-01,5.084188911704312,True,Acquired,1.0,1.0
24156,Lariat Data,Summer 2021,Summer,2021.0,2021-06-01,5.084188911704312,True,Inactive,0.0,0.0
24157,Nexus,Summer 2021,Summer,2021.0,2021-06-01,5.084188911704312,True,Inactive,0.0,0.0
24158,Forage,Summer 2021,Summer,2021.0,2021-06-01,5.084188911704312,True,Active,,1.0
24159,Patterns,Summer 2021,Summer,2021.0,2021-06-01,5.084188911704312,True,Inactive,0.0,0.0
24160,Zen,Summer 2021,Summer,2021.0,2021-06-01,5.084188911704312,True,Active,,1.0
24161,Tavus,Summer 2021,Summer,2021.0,2021-06-01,5.084188911704312,True,Active,,1.0
24162,Konta.com,Summer 2021,Summer,2021.0,2021-06-01,5.084188911704312,True,Active,,1.0
24163,Commery,Summer 2021,Summer,2021.0,2021-06-01,5.084188911704312,True,Inactive,0.0,0.0
24164,Ivy Homes,Summer 2021,Summer,2021.0,2021-06-01,5.084188911704312,True,Active,,1.0
24165,Brite,Summer 2021,Summer,2021.0,2021-06-01,5.084188911704312,True,Active,,1.0
24166,SafeBeat,Summer 2021,Summer,2021.0,2021-06-01,5.084188911704312,True,Active,,1.0
24167,Kindamagical,Summer 2021,Summer,2021.0,2021-06-01,5.084188911704312,True,Inactive,0.0,0.0
24168,trii,Summer 2021,Summer,2021.0,2021-06-01,5.084188911704312,True,Active,,1.0
24169,Fitia,Summer 2021,Summer,2021.0,2021-06-01,5.084188911704312,True,Active,,1.0
24170,Awesomic,Summer 2021,Summer,2021.0,2021-06-01,5.084188911704312,True,Active,,1.0
24176,Maroo,Summer 2021,Summer,2021.0,2021-06-01,5.084188911704312,True,Acquired,1.0,1.0
24177,HyperTrader,Summer 2021,Summer,2021.0,2021-06-01,5.084188911704312,True,Active,,1.0
24180,Verihubs,Summer 2021,Summer,2021.0,2021-06-01,5.084188911704312,True,Active,,1.0
24181,Kodex,Summer 2021,Summer,2021.0,2021-06-01,5.084188911704312,True,Active,,1.0
24185,Micro Meat,Summer 2021,Summer,2021.0,2021-06-01,5.084188911704312,True,Inactive,0.0,0.0
24188,Pirouette Pharma,Summer 2021,Summer,2021.0,2021-06-01,5.084188911704312,True,Active,,1.0
24190,Locale,Summer 2021,Summer,2021.0,2021-06-01,5.084188911704312,True,Active,,1.0
24191,Secoda,Summer 2021,Summer,2021.0,2021-06-01,5.084188911704312,True,Active,,1.0
24192,Kaya,Summer 2021,Summer,2021.0,2021-06-01,5.084188911704312,True,Active,,1.0
24194,Aqua,Summer 2021,Summer,2021.0,2021-06-01,5.084188911704312,True,Active,,1.0
24195,Tarsal,Summer 2021,Summer,2021.0,2021-06-01,5.084188911704312,True,Acquired,1.0,1.0
24197,Hilos,Summer 2021,Summer,2021.0,2021-06-01,5.084188911704312,True,Acquired,1.0,1.0
24198,SalaryBox,Summer 2021,Summer,2021.0,2021-06-01,5.084188911704312,True,Active,,1.0
24199,Rinse,Summer 2021,Summer,2021.0,2021-06-01,5.084188911704312,True,Active,,1.0
24203,Redbean,Summer 2021,Summer,2021.0,2021-06-01,5.084188911704312,True,Active,,1.0
24204,Sentiyen,Summer 2021,Summer,2021.0,2021-06-01,5.084188911704312,True,Active,,1.0
24205,Jovian,Summer 2021,Summer,2021.0,2021-06-01,5.084188911704312,True,Active,,1.0
24206,Hyperbrowser,Summer 2021,Summer,2021.0,2021-06-01,5.084188911704312,True,Active,,1.0
24207,Keyri,Summer 2021,Summer,2021.0,2021-06-01,5.084188911704312,True,Acquired,1.0,1.0
24229,AlgoViral,Summer 2021,Summer,2021.0,2021-06-01,5.084188911704312,True,Active,,1.0
24230,Onebrief,Summer 2021,Summer,2021.0,2021-06-01,5.084188911704312,True,Active,,1.0
24235,SenpAI.GG,Summer 2021,Summer,2021.0,2021-06-01,5.084188911704312,True,Inactive,0.0,0.0
24237,Sproutfi,Summer 2021,Summer,2021.0,2021-06-01,5.084188911704312,True,Acquired,1.0,1.0
24241,Laudable,Summer 2021,Summer,2021.0,2021-06-01,5.084188911704312,True,Acquired,1.0,1.0
24243,Repool,Summer 2021,Summer,2021.0,2021-06-01,5.084188911704312,True,Active,,1.0
24244,Bree,Summer 2021,Summer,2021.0,2021-06-01,5.084188911704312,True,Active,,1.0
24248,Monto,Summer 2021,Summer,2021.0,2021-06-01,5.084188911704312,True,Active,,1.0
24250,Breadcrumbs.io,Summer 2021,Summer,2021.0,2021-06-01,5.084188911704312,True,Acquired,1.0,1.0
24251,Pideaky,Summer 2021,Summer,2021.0,2021-06-01,5.084188911704312,True,Active,,1.0
24252,Govly,Summer 2021,Summer,2021.0,2021-06-01,5.084188911704312,True,Active,,1.0
24253,Pluggy,Summer 2021,Summer,2021.0,2021-06-01,5.084188911704312,True,Active,,1.0
24254,Okani,Summer 2021,Summer,2021.0,2021-06-01,5.084188911704312,True,Active,,1.0
24255,Perfekto,Summer 2021,Summer,2021.0,2021-06-01,5.084188911704312,True,Inactive,0.0,0.0
24256,AI Tech Packs,Summer 2021,Summer,2021.0,2021-06-01,5.084188911704312,True,Active,,1.0
24257,Covie,Summer 2021,Summer,2021.0,2021-06-01,5.084188911704312,True,Inactive,0.0,0.0
24258,Enerjazz,Summer 2021,Summer,2021.0,2021-06-01,5.084188911704312,True,Active,,1.0
24259,Warpfy,Summer 2021,Summer,2021.0,2021-06-01,5.084188911704312,True,Active,,1.0
24260,Planet A Foods,Summer 2021,Summer,2021.0,2021-06-01,5.084188911704312,True,Active,,1.0
24264,Glitzi,Summer 2021,Summer,2021.0,2021-06-01,5.084188911704312,True,Active,,1.0
24266,Ivella,Summer 2021,Summer,2021.0,2021-06-01,5.084188911704312,True,Inactive,0.0,0.0
24268,testRigor,Summer 2021,Summer,2021.0,2021-06-01,5.084188911704312,True,Active,,1.0
24269,Monet,Summer 2021,Summer,2021.0,2021-06-01,5.084188911704312,True,Active,,1.0
24270,Enso,Summer 2021,Summer,2021.0,2021-06-01,5.084188911704312,True,Active,,1.0
24271,TrackChain,Summer 2021,Summer,2021.0,2021-06-01,5.084188911704312,True,Active,,1.0
24275,Cloudanix,Summer 2021,Summer,2021.0,2021-06-01,5.084188911704312,True,Active,,1.0
24280,Buró de Ingresos,Summer 2021,Summer,2021.0,2021-06-01,5.084188911704312,True,Active,,1.0
24282,SigmaOS,Summer 2021,Summer,2021.0,2021-06-01,5.084188911704312,True,Active,,1.0
24291,DigiBuild,Summer 2021,Summer,2021.0,2021-06-01,5.084188911704312,True,Active,,1.0
24292,fluke,Summer 2021,Summer,2021.0,2021-06-01,5.084188911704312,True,Active,,1.0
24302,OneStopKitchen,Summer 2021,Summer,2021.0,2021-06-01,5.084188911704312,True,Inactive,0.0,0.0
24303,Cero,Summer 2021,Summer,2021.0,2021-06-01,5.084188911704312,True,Active,,1.0
24304,Scratch Data,Summer 2021,Summer,2021.0,2021-06-01,5.084188911704312,True,Inactive,0.0,0.0
24329,inai,Summer 2021,Summer,2021.0,2021-06-01,5.084188911704312,True,Acquired,1.0,1.0
24330,Matidor.com,Summer 2021,Summer,2021.0,2021-06-01,5.084188911704312,True,Active,,1.0
24339,Ruta Health,Summer 2021,Summer,2021.0,2021-06-01,5.084188911704312,True,Inactive,0.0,0.0
24343,Apollo,Summer 2021,Summer,2021.0,2021-06-01,5.084188911704312,True,Inactive,0.0,0.0
24344,WarpBuild,Summer 2021,Summer,2021.0,2021-06-01,5.084188911704312,True,Active,,1.0
24345,Geostar,Summer 2021,Summer,2021.0,2021-06-01,5.084188911704312,True,Active,,1.0
24346,MindFi,Summer 2021,Summer,2021.0,2021-06-01,5.084188911704312,True,Active,,1.0
24347,Truss,Summer 2021,Summer,2021.0,2021-06-01,5.084188911704312,True,Active,,1.0
24348,Cloudthread,Summer 2021,Summer,2021.0,2021-06-01,5.084188911704312,True,Acquired,1.0,1.0
24349,Arrow,Summer 2021,Summer,2021.0,2021-06-01,5.084188911704312,True,Active,,1.0
24351,Hypercontext,Summer 2021,Summer,2021.0,2021-06-01,5.084188911704312,True,Inactive,0.0,0.0
24352,Nira Energy,Winter 2022,Winter,2022.0,2022-01-01,4.498288843258043,False,Active,,
24353,Intellect,Summer 2021,Summer,2021.0,2021-06-01,5.084188911704312,True,Active,,1.0
24354,Cartpanda,Summer 2021,Summer,2021.0,2021-06-01,5.084188911704312,True,Active,,1.0
24355,LootRush,Summer 2021,Summer,2021.0,2021-06-01,5.084188911704312,True,Active,,1.0
24367,Scispot,Summer 2021,Summer,2021.0,2021-06-01,5.084188911704312,True,Active,,1.0
24368,Yemaachi Biotechnology,Summer 2021,Summer,2021.0,2021-06-01,5.084188911704312,True,Active,,1.0
24369,Mable,Summer 2021,Summer,2021.0,2021-06-01,5.084188911704312,True,Acquired,1.0,1.0
24370,Comet Health,Summer 2021,Summer,2021.0,2021-06-01,5.084188911704312,True,Inactive,0.0,0.0
24371,Momo Medical,Summer 2021,Summer,2021.0,2021-06-01,5.084188911704312,True,Active,,1.0
24372,LemFi,Summer 2021,Summer,2021.0,2021-06-01,5.084188911704312,True,Active,,1.0
24373,Infiuss Health,Summer 2021,Summer,2021.0,2021-06-01,5.084188911704312,True,Active,,1.0
24374,Coinrule,Summer 2021,Summer,2021.0,2021-06-01,5.084188911704312,True,Active,,1.0
24378,Mergent,Summer 2021,Summer,2021.0,2021-06-01,5.084188911704312,True,Active,,1.0
24379,Formance,Summer 2021,Summer,2021.0,2021-06-01,5.084188911704312,True,Active,,1.0
24380,FastFarma,Summer 2021,Summer,2021.0,2021-06-01,5.084188911704312,True,Inactive,0.0,0.0
24381,Sequin,Summer 2021,Summer,2021.0,2021-06-01,5.084188911704312,True,Active,,1.0
24382,Malloc Inc,Summer 2021,Summer,2021.0,2021-06-01,5.084188911704312,True,Active,,1.0
24383,Milky Way AI,Summer 2021,Summer,2021.0,2021-06-01,5.084188911704312,True,Inactive,0.0,0.0
24384,Whalesync,Summer 2021,Summer,2021.0,2021-06-01,5.084188911704312,True,Active,,1.0
24385,ShipBlu,Summer 2021,Summer,2021.0,2021-06-01,5.084188911704312,True,Active,,1.0
24390,GetDot,Summer 2021,Summer,2021.0,2021-06-01,5.084188911704312,True,Active,,1.0
24391,CoLoop,Summer 2021,Summer,2021.0,2021-06-01,5.084188911704312,True,Active,,1.0
24395,Miniloop,Summer 2021,Summer,2021.0,2021-06-01,5.084188911704312,True,Active,,1.0
24398,Arengu,Summer 2021,Summer,2021.0,2021-06-01,5.084188911704312,True,Acquired,1.0,1.0
24404,OneSchema,Summer 2021,Summer,2021.0,2021-06-01,5.084188911704312,True,Active,,1.0
24405,Mixr,Summer 2021,Summer,2021.0,2021-06-01,5.084188911704312,True,Inactive,0.0,0.0
24406,Shimmer,Summer 2021,Summer,2021.0,2021-06-01,5.084188911704312,True,Active,,1.0
24407,Stardex,Summer 2021,Summer,2021.0,2021-06-01,5.084188911704312,True,Active,,1.0
24408,Forage Mail,Summer 2021,Summer,2021.0,2021-06-01,5.084188911704312,True,Inactive,0.0,0.0
24414,Encuadrado,Summer 2021,Summer,2021.0,2021-06-01,5.084188911704312,True,Active,,1.0
24415,Kurios,Summer 2021,Summer,2021.0,2021-06-01,5.084188911704312,True,Active,,1.0
24416,Zoios.,Summer 2021,Summer,2021.0,2021-06-01,5.084188911704312,True,Active,,1.0
24422,Aleph Solutions (Alephee),Summer 2021,Summer,2021.0,2021-06-01,5.084188911704312,True,Active,,1.0
24424,Kodda,Summer 2021,Summer,2021.0,2021-06-01,5.084188911704312,True,Inactive,0.0,0.0
24426,KaiPod Learning,Summer 2021,Summer,2021.0,2021-06-01,5.084188911704312,True,Active,,1.0
24428,Aleph,Summer 2021,Summer,2021.0,2021-06-01,5.084188911704312,True,Active,,1.0
24429,Vinco,Summer 2021,Summer,2021.0,2021-06-01,5.084188911704312,True,Active,,1.0
24443,Inflow,Summer 2021,Summer,2021.0,2021-06-01,5.084188911704312,True,Acquired,1.0,1.0
24444,Protex AI,Summer 2021,Summer,2021.0,2021-06-01,5.084188911704312,True,Active,,1.0
24445,Digistain,Summer 2021,Summer,2021.0,2021-06-01,5.084188911704312,True,Active,,1.0
24446,Freterium,Summer 2021,Summer,2021.0,2021-06-01,5.084188911704312,True,Active,,1.0
24450,Astek Diagnostics,Summer 2021,Summer,2021.0,2021-06-01,5.084188911704312,True,Active,,1.0
24459,lapzo,Summer 2021,Summer,2021.0,2021-06-01,5.084188911704312,True,Active,,1.0
24460,Hera,Summer 2021,Summer,2021.0,2021-06-01,5.084188911704312,True,Inactive,0.0,0.0
24461,Mine,Summer 2021,Summer,2021.0,2021-06-01,5.084188911704312,True,Inactive,0.0,0.0
24466,Makani Science,Summer 2021,Summer,2021.0,2021-06-01,5.084188911704312,True,Active,,1.0
24467,Harmonic Discovery,Summer 2021,Summer,2021.0,2021-06-01,5.084188911704312,True,Active,,1.0
24475,Flowly,Summer 2021,Summer,2021.0,2021-06-01,5.084188911704312,True,Active,,1.0
24476,Zensors,Summer 2021,Summer,2021.0,2021-06-01,5.084188911704312,True,Active,,1.0
24477,Portão 3,Summer 2021,Summer,2021.0,2021-06-01,5.084188911704312,True,Active,,1.0
24479,Payhippo,Summer 2021,Summer,2021.0,2021-06-01,5.084188911704312,True,Active,,1.0
24481,Whaly,Summer 2021,Summer,2021.0,2021-06-01,5.084188911704312,True,Active,,1.0
24484,Evidently AI,Summer 2021,Summer,2021.0,2021-06-01,5.084188911704312,True,Active,,1.0
24485,Cumbuca,Summer 2021,Summer,2021.0,2021-06-01,5.084188911704312,True,Active,,1.0
24488,Heimdal,Summer 2021,Summer,2021.0,2021-06-01,5.084188911704312,True,Inactive,0.0,0.0
24489,HeyCharge,Summer 2021,Summer,2021.0,2021-06-01,5.084188911704312,True,Active,,1.0
24497,aSim,Summer 2021,Summer,2021.0,2021-06-01,5.084188911704312,True,Active,,1.0
24498,Levo,Summer 2021,Summer,2021.0,2021-06-01,5.084188911704312,True,Inactive,0.0,0.0
24499,Endla,Summer 2021,Summer,2021.0,2021-06-01,5.084188911704312,True,Active,,1.0
24505,Adaptyv,Summer 2021,Summer,2021.0,2021-06-01,5.084188911704312,True,Active,,1.0
24506,Spark Studio,Summer 2021,Summer,2021.0,2021-06-01,5.084188911704312,True,Active,,1.0
24507,Warrant,Summer 2021,Summer,2021.0,2021-06-01,5.084188911704312,True,Acquired,1.0,1.0
24508,Meticulous,Summer 2021,Summer,2021.0,2021-06-01,5.084188911704312,True,Active,,1.0
24509,Mentum,Summer 2021,Summer,2021.0,2021-06-01,5.084188911704312,True,Acquired,1.0,1.0
24514,Sirka,Summer 2021,Summer,2021.0,2021-06-01,5.084188911704312,True,Active,,1.0
24524,outloud.ai,Summer 2021,Summer,2021.0,2021-06-01,5.084188911704312,True,Inactive,0.0,0.0
24525,Akute Health,Summer 2021,Summer,2021.0,2021-06-01,5.084188911704312,True,Active,,1.0
24526,Writesonic,Summer 2021,Summer,2021.0,2021-06-01,5.084188911704312,True,Active,,1.0
24528,Matrubials,Summer 2021,Summer,2021.0,2021-06-01,5.084188911704312,True,Active,,1.0
24529,The Breakaway,Summer 2021,Summer,2021.0,2021-06-01,5.084188911704312,True,Active,,1.0
24530,Float,Summer 2021,Summer,2021.0,2021-06-01,5.084188911704312,True,Active,,1.0
24531,TransAstra Corporation,Summer 2021,Summer,2021.0,2021-06-01,5.084188911704312,True,Active,,1.0
24538,Coast,Summer 2021,Summer,2021.0,2021-06-01,5.084188911704312,True,Active,,1.0
24539,HitPay,Summer 2021,Summer,2021.0,2021-06-01,5.084188911704312,True,Active,,1.0
24540,Floatpays Inc,Summer 2021,Summer,2021.0,2021-06-01,5.084188911704312,True,Active,,1.0
24543,Bolster,Summer 2021,Summer,2021.0,2021-06-01,5.084188911704312,True,Active,,1.0
24544,Onfolk,Summer 2021,Summer,2021.0,2021-06-01,5.084188911704312,True,Acquired,1.0,1.0
24549,Ancana,Summer 2021,Summer,2021.0,2021-06-01,5.084188911704312,True,Active,,1.0
24550,Examedi,Summer 2021,Summer,2021.0,2021-06-01,5.084188911704312,True,Active,,1.0
24551,Mach9,Summer 2021,Summer,2021.0,2021-06-01,5.084188911704312,True,Active,,1.0
24555,RMFG,Summer 2021,Summer,2021.0,2021-06-01,5.084188911704312,True,Active,,1.0
24556,Revery AI,Summer 2021,Summer,2021.0,2021-06-01,5.084188911704312,True,Inactive,0.0,0.0
24557,Dots 💸,Summer 2021,Summer,2021.0,2021-06-01,5.084188911704312,True,Active,,1.0
24558,Litnerd,Summer 2021,Summer,2021.0,2021-06-01,5.084188911704312,True,Active,,1.0
24562,Noloco,Summer 2021,Summer,2021.0,2021-06-01,5.084188911704312,True,Active,,1.0
24563,Chari,Summer 2021,Summer,2021.0,2021-06-01,5.084188911704312,True,Active,,1.0
24567,Tenyks,Summer 2021,Summer,2021.0,2021-06-01,5.084188911704312,True,Active,,1.0
24569,Pillar,Summer 2021,Summer,2021.0,2021-06-01,5.084188911704312,True,Active,,1.0
24571,Adni,Summer 2021,Summer,2021.0,2021-06-01,5.084188911704312,True,Active,,1.0
24572,Infina,Summer 2021,Summer,2021.0,2021-06-01,5.084188911704312,True,Active,,1.0
24573,Telmai,Summer 2021,Summer,2021.0,2021-06-01,5.084188911704312,True,Active,,1.0
24574,Genomelink,Summer 2021,Summer,2021.0,2021-06-01,5.084188911704312,True,Active,,1.0
24575,Genuity,Summer 2021,Summer,2021.0,2021-06-01,5.084188911704312,True,Active,,1.0
24579,Nomod,Summer 2021,Summer,2021.0,2021-06-01,5.084188911704312,True,Active,,1.0
24580,Onsite Pro,Summer 2021,Summer,2021.0,2021-06-01,5.084188911704312,True,Inactive,0.0,0.0
24586,Hudson Labs (formerly Bedrock AI),Summer 2021,Summer,2021.0,2021-06-01,5.084188911704312,True,Active,,1.0
24587,Aer,Summer 2021,Summer,2021.0,2021-06-01,5.084188911704312,True,Acquired,1.0,1.0
24589,Buoyant Aero,Summer 2021,Summer,2021.0,2021-06-01,5.084188911704312,True,Active,,1.0
24590,Waterplan,Summer 2021,Summer,2021.0,2021-06-01,5.084188911704312,True,Active,,1.0
24596,Siglo,Summer 2021,Summer,2021.0,2021-06-01,5.084188911704312,True,Active,,1.0
24597,Filta,Summer 2021,Summer,2021.0,2021-06-01,5.084188911704312,True,Active,,1.0
24598,Ferveret,Summer 2021,Summer,2021.0,2021-06-01,5.084188911704312,True,Active,,1.0
24599,Female Invest,Summer 2021,Summer,2021.0,2021-06-01,5.084188911704312,True,Active,,1.0
24600,Algofi,Summer 2021,Summer,2021.0,2021-06-01,5.084188911704312,True,Inactive,0.0,0.0
24601,Humane Genomics,Summer 2021,Summer,2021.0,2021-06-01,5.084188911704312,True,Active,,1.0
24602,PAYZE,Summer 2021,Summer,2021.0,2021-06-01,5.084188911704312,True,Active,,1.0
24603,Zuma,Summer 2021,Summer,2021.0,2021-06-01,5.084188911704312,True,Active,,1.0
24604,Telivy,Summer 2021,Summer,2021.0,2021-06-01,5.084188911704312,True,Acquired,1.0,1.0
24605,Dime,Summer 2021,Summer,2021.0,2021-06-01,5.084188911704312,True,Inactive,0.0,0.0
24606,Pylon,Summer 2021,Summer,2021.0,2021-06-01,5.084188911704312,True,Active,,1.0
24615,Infer,Summer 2021,Summer,2021.0,2021-06-01,5.084188911704312,True,Active,,1.0
24616,Vibe Kanban,Summer 2021,Summer,2021.0,2021-06-01,5.084188911704312,True,Active,,1.0
24622,Caire Health,Summer 2021,Summer,2021.0,2021-06-01,5.084188911704312,True,Active,,1.0
24624,Luable,Summer 2021,Summer,2021.0,2021-06-01,5.084188911704312,True,Active,,1.0
24627,Nasdisc,Summer 2021,Summer,2021.0,2021-06-01,5.084188911704312,True,Acquired,1.0,1.0
24628,Kiwi Biosciences,Summer 2021,Summer,2021.0,2021-06-01,5.084188911704312,True,Active,,1.0
24629,Filadd,Summer 2021,Summer,2021.0,2021-06-01,5.084188911704312,True,Active,,1.0
24635,Stownest,Summer 2021,Summer,2021.0,2021-06-01,5.084188911704312,True,Active,,1.0
24638,Tuli Health,Summer 2021,Summer,2021.0,2021-06-01,5.084188911704312,True,Active,,1.0
24640,Malga,Summer 2021,Summer,2021.0,2021-06-01,5.084188911704312,True,Active,,1.0
24649,Kapacity.io,Summer 2021,Summer,2021.0,2021-06-01,5.084188911704312,True,Acquired,1.0,1.0
24653,Novatr,Summer 2021,Summer,2021.0,2021-06-01,5.084188911704312,True,Active,,1.0
24666,Baubap,Summer 2021,Summer,2021.0,2021-06-01,5.084188911704312,True,Active,,1.0
24668,Shape,Summer 2021,Summer,2021.0,2021-06-01,5.084188911704312,True,Active,,1.0
24669,Ruth Health,Summer 2021,Summer,2021.0,2021-06-01,5.084188911704312,True,Inactive,0.0,0.0
24679,idemeum,Summer 2021,Summer,2021.0,2021-06-01,5.084188911704312,True,Active,,1.0
24681,Verde,Summer 2021,Summer,2021.0,2021-06-01,5.084188911704312,True,Inactive,0.0,0.0
24682,Pandai,Summer 2021,Summer,2021.0,2021-06-01,5.084188911704312,True,Active,,1.0
24685,Abhi,Summer 2021,Summer,2021.0,2021-06-01,5.084188911704312,True,Active,,1.0
24686,Suplias,Summer 2021,Summer,2021.0,2021-06-01,5.084188911704312,True,Active,,1.0
24691,Orderli,Summer 2021,Summer,2021.0,2021-06-01,5.084188911704312,True,Active,,1.0
24692,Membo,Summer 2021,Summer,2021.0,2021-06-01,5.084188911704312,True,Inactive,0.0,0.0
24700,Moving Parts,Summer 2021,Summer,2021.0,2021-06-01,5.084188911704312,True,Inactive,0.0,0.0
24701,Byte Kitchen,Summer 2021,Summer,2021.0,2021-06-01,5.084188911704312,True,Acquired,1.0,1.0
24705,Sensible Biotechnologies,Summer 2021,Summer,2021.0,2021-06-01,5.084188911704312,True,Active,,1.0
24719,StrideQ,Summer 2021,Summer,2021.0,2021-06-01,5.084188911704312,True,Active,,1.0
24720,Storylane,Summer 2021,Summer,2021.0,2021-06-01,5.084188911704312,True,Active,,1.0
24725,ContraForce,Summer 2021,Summer,2021.0,2021-06-01,5.084188911704312,True,Active,,1.0
24726,Abatable,Summer 2021,Summer,2021.0,2021-06-01,5.084188911704312,True,Active,,1.0
24727,Output Biosciences,Summer 2021,Summer,2021.0,2021-06-01,5.084188911704312,True,Active,,1.0
24737,CellChorus,Summer 2021,Summer,2021.0,2021-06-01,5.084188911704312,True,Active,,1.0
24746,Atlas,Summer 2021,Summer,2021.0,2021-06-01,5.084188911704312,True,Active,,1.0
24754,Plai,Summer 2021,Summer,2021.0,2021-06-01,5.084188911704312,True,Active,,1.0
24756,Hirebolt,Summer 2021,Summer,2021.0,2021-06-01,5.084188911704312,True,Active,,1.0
24759,Phykos,Summer 2021,Summer,2021.0,2021-06-01,5.084188911704312,True,Active,,1.0
24760,Therify,Summer 2021,Summer,2021.0,2021-06-01,5.084188911704312,True,Active,,1.0
24762,Canopi,Summer 2021,Summer,2021.0,2021-06-01,5.084188911704312,True,Inactive,0.0,0.0
24773,Crew,Summer 2021,Summer,2021.0,2021-06-01,5.084188911704312,True,Active,,1.0
24774,Opkit,Summer 2021,Summer,2021.0,2021-06-01,5.084188911704312,True,Inactive,0.0,0.0
24779,Mindmesh,Summer 2021,Summer,2021.0,2021-06-01,5.084188911704312,True,Inactive,0.0,0.0
24787,Squire.ai,Summer 2021,Summer,2021.0,2021-06-01,5.084188911704312,True,Inactive,0.0,0.0
24795,SFA Therapeutics,Summer 2021,Summer,2021.0,2021-06-01,5.084188911704312,True,Active,,1.0
24799,Birdie,Summer 2021,Summer,2021.0,2021-06-01,5.084188911704312,True,Active,,1.0
24816,Spoken,Summer 2021,Summer,2021.0,2021-06-01,5.084188911704312,True,Inactive,0.0,0.0
24817,Bytebot,Summer 2021,Summer,2021.0,2021-06-01,5.084188911704312,True,Acquired,1.0,1.0
24818,BlackOakTV,Summer 2021,Summer,2021.0,2021-06-01,5.084188911704312,True,Inactive,0.0,0.0
24819,Adravision,Summer 2021,Summer,2021.0,2021-06-01,5.084188911704312,True,Active,,1.0
24820,Medium Biosciences,Summer 2021,Summer,2021.0,2021-06-01,5.084188911704312,True,Active,,1.0
24821,Pactima,Summer 2021,Summer,2021.0,2021-06-01,5.084188911704312,True,Acquired,1.0,1.0
24822,Luminate,Summer 2021,Summer,2021.0,2021-06-01,5.084188911704312,True,Active,,1.0
24823,Protego,Summer 2021,Summer,2021.0,2021-06-01,5.084188911704312,True,Inactive,0.0,0.0
24827,Evidence,Summer 2021,Summer,2021.0,2021-06-01,5.084188911704312,True,Active,,1.0
24828,Sitenna,Summer 2021,Summer,2021.0,2021-06-01,5.084188911704312,True,Active,,1.0
24830,GamerPay,Summer 2021,Summer,2021.0,2021-06-01,5.084188911704312,True,Acquired,1.0,1.0
24839,Talentdrop,Summer 2021,Summer,2021.0,2021-06-01,5.084188911704312,True,Inactive,0.0,0.0
24840,VedaBio,Summer 2021,Summer,2021.0,2021-06-01,5.084188911704312,True,Active,,1.0
24841,Aviator,Summer 2021,Summer,2021.0,2021-06-01,5.084188911704312,True,Active,,1.0
24842,FirstIgnite,Summer 2021,Summer,2021.0,2021-06-01,5.084188911704312,True,Acquired,1.0,1.0
24843,OneShop,Summer 2021,Summer,2021.0,2021-06-01,5.084188911704312,True,Inactive,0.0,0.0
24845,Verano Health,Summer 2021,Summer,2021.0,2021-06-01,5.084188911704312,True,Acquired,1.0,1.0
24846,Datlo,Summer 2021,Summer,2021.0,2021-06-01,5.084188911704312,True,Active,,1.0
24857,Café,Summer 2021,Summer,2021.0,2021-06-01,5.084188911704312,True,Active,,1.0
24858,Quest,Summer 2021,Summer,2021.0,2021-06-01,5.084188911704312,True,Inactive,0.0,0.0
24859,Synder,Summer 2021,Summer,2021.0,2021-06-01,5.084188911704312,True,Active,,1.0
24861,Stepful,Summer 2021,Summer,2021.0,2021-06-01,5.084188911704312,True,Active,,1.0
24865,Turion Space,Summer 2021,Summer,2021.0,2021-06-01,5.084188911704312,True,Active,,1.0
24866,Satsuma,Summer 2021,Summer,2021.0,2021-06-01,5.084188911704312,True,Acquired,1.0,1.0
24867,Cache,Summer 2021,Summer,2021.0,2021-06-01,5.084188911704312,True,Inactive,0.0,0.0
24868,HEO Robotics,Summer 2021,Summer,2021.0,2021-06-01,5.084188911704312,True,Active,,1.0
24870,Titipku,Summer 2021,Summer,2021.0,2021-06-01,5.084188911704312,True,Active,,1.0
24871,Ahazou,Summer 2021,Summer,2021.0,2021-06-01,5.084188911704312,True,Active,,1.0
24873,Charge Robotics,Summer 2021,Summer,2021.0,2021-06-01,5.084188911704312,True,Active,,1.0
24874,Payflow,Summer 2021,Summer,2021.0,2021-06-01,5.084188911704312,True,Active,,1.0
24875,Equipt Health,Summer 2021,Summer,2021.0,2021-06-01,5.084188911704312,True,Active,,1.0
24876,Nash,Summer 2021,Summer,2021.0,2021-06-01,5.084188911704312,True,Active,,1.0
24879,Lightly,Summer 2021,Summer,2021.0,2021-06-01,5.084188911704312,True,Active,,1.0
24882,Pide Directo,Summer 2021,Summer,2021.0,2021-06-01,5.084188911704312,True,Active,,1.0
24883,Amenli,Summer 2021,Summer,2021.0,2021-06-01,5.084188911704312,True,Active,,1.0
24884,Chipax,Summer 2021,Summer,2021.0,2021-06-01,5.084188911704312,True,Active,,1.0
24892,Safer Management,Summer 2021,Summer,2021.0,2021-06-01,5.084188911704312,True,Active,,1.0
24893,Exa,Summer 2021,Summer,2021.0,2021-06-01,5.084188911704312,True,Active,,1.0
24907,Toku,Summer 2021,Summer,2021.0,2021-06-01,5.084188911704312,True,Active,,1.0
24913,Beau,Summer 2021,Summer,2021.0,2021-06-01,5.084188911704312,True,Active,,1.0
24914,Sully.ai,Summer 2021,Summer,2021.0,2021-06-01,5.084188911704312,True,Active,,1.0
24915,Mecho Autotech,Summer 2021,Summer,2021.0,2021-06-01,5.084188911704312,True,Active,,1.0
24925,Liv Labs,Summer 2021,Summer,2021.0,2021-06-01,5.084188911704312,True,Active,,1.0
24926,Revolve Surgical,Summer 2021,Summer,2021.0,2021-06-01,5.084188911704312,True,Active,,1.0
24934,JABU,Summer 2021,Summer,2021.0,2021-06-01,5.084188911704312,True,Active,,1.0
25047,Careerist,Summer 2021,Summer,2021.0,2021-06-01,5.084188911704312,True,Active,,1.0
25058,Andi,Winter 2022,Winter,2022.0,2022-01-01,4.498288843258043,False,Active,,
25059,Emerge Career,Summer 2022,Summer,2022.0,2022-06-01,4.084873374401095,False,Active,,
25060,Wyvern,Winter 2022,Winter,2022.0,2022-01-01,4.498288843258043,False,Active,,
25061,Optery,Winter 2022,Winter,2022.0,2022-01-01,4.498288843258043,False,Active,,
25075,Attack Capital,Winter 2022,Winter,2022.0,2022-01-01,4.498288843258043,False,Active,,
25086,Northwind,Winter 2022,Winter,2022.0,2022-01-01,4.498288843258043,False,Inactive,,
25106,Apollo,Winter 2022,Winter,2022.0,2022-01-01,4.498288843258043,False,Active,,
25110,Spot Health,Winter 2022,Winter,2022.0,2022-01-01,4.498288843258043,False,Active,,
25117,Uberduck,Winter 2022,Winter,2022.0,2022-01-01,4.498288843258043,False,Active,,
25118,Arc,Winter 2022,Winter,2022.0,2022-01-01,4.498288843258043,False,Active,,
25120,Elevate (formerly Bloom),Winter 2022,Winter,2022.0,2022-01-01,4.498288843258043,False,Active,,
25144,StafBook,Winter 2022,Winter,2022.0,2022-01-01,4.498288843258043,False,Active,,
25151,Keylika,Summer 2022,Summer,2022.0,2022-06-01,4.084873374401095,False,Active,,
25152,Mederva,Winter 2022,Winter,2022.0,2022-01-01,4.498288843258043,False,Active,,
25160,Compra Rápida,Winter 2022,Winter,2022.0,2022-01-01,4.498288843258043,False,Active,,
25174,GrowthBook,Winter 2022,Winter,2022.0,2022-01-01,4.498288843258043,False,Active,,
25249,SilkChart,Summer 2022,Summer,2022.0,2022-06-01,4.084873374401095,False,Active,,
25262,AstroForge,Winter 2022,Winter,2022.0,2022-01-01,4.498288843258043,False,Active,,
25267,TigerEye,Summer 2022,Summer,2022.0,2022-06-01,4.084873374401095,False,Acquired,,
25271,Alfie,Winter 2022,Winter,2022.0,2022-01-01,4.498288843258043,False,Acquired,,
25272,Redbird,Winter 2022,Winter,2022.0,2022-01-01,4.498288843258043,False,Active,,
25273,Agave,Winter 2022,Winter,2022.0,2022-01-01,4.498288843258043,False,Active,,
25274,Remedial Health,Winter 2022,Winter,2022.0,2022-01-01,4.498288843258043,False,Active,,
25275,Strac,Winter 2022,Winter,2022.0,2022-01-01,4.498288843258043,False,Active,,
25278,Pelm,Winter 2022,Winter,2022.0,2022-01-01,4.498288843258043,False,Inactive,,
25279,Moots,Winter 2022,Winter,2022.0,2022-01-01,4.498288843258043,False,Active,,
25285,Scout,Winter 2022,Winter,2022.0,2022-01-01,4.498288843258043,False,Active,,
25286,TYBR Health,Winter 2022,Winter,2022.0,2022-01-01,4.498288843258043,False,Active,,
25287,LifeAt,Winter 2022,Winter,2022.0,2022-01-01,4.498288843258043,False,Active,,
25291,Boardcave,Winter 2022,Winter,2022.0,2022-01-01,4.498288843258043,False,Active,,
25303,Syrona Health,Winter 2022,Winter,2022.0,2022-01-01,4.498288843258043,False,Active,,
25304,Kapital Bank,Winter 2022,Winter,2022.0,2022-01-01,4.498288843258043,False,Active,,
25305,Railbird,Winter 2022,Winter,2022.0,2022-01-01,4.498288843258043,False,Acquired,,
25306,WorldQL,Winter 2022,Winter,2022.0,2022-01-01,4.498288843258043,False,Active,,
25307,Sieve,Winter 2022,Winter,2022.0,2022-01-01,4.498288843258043,False,Active,,
25308,Selia,Winter 2022,Winter,2022.0,2022-01-01,4.498288843258043,False,Active,,
25309,PolicyFly,Winter 2022,Winter,2022.0,2022-01-01,4.498288843258043,False,Active,,
25311,Lumina,Winter 2022,Winter,2022.0,2022-01-01,4.498288843258043,False,Active,,
25312,Flightcontrol,Winter 2022,Winter,2022.0,2022-01-01,4.498288843258043,False,Active,,
25313,Hubble Network,Winter 2022,Winter,2022.0,2022-01-01,4.498288843258043,False,Active,,
25314,Trellus,Winter 2022,Winter,2022.0,2022-01-01,4.498288843258043,False,Active,,
25315,Rebill,Winter 2022,Winter,2022.0,2022-01-01,4.498288843258043,False,Active,,
25316,Trébol,Winter 2022,Winter,2022.0,2022-01-01,4.498288843258043,False,Active,,
25317,Peakflo,Winter 2022,Winter,2022.0,2022-01-01,4.498288843258043,False,Active,,
25318,Scope3D (fka WeReno),Winter 2022,Winter,2022.0,2022-01-01,4.498288843258043,False,Active,,
25319,Samos Insurance,Winter 2022,Winter,2022.0,2022-01-01,4.498288843258043,False,Active,,
25320,Wingback,Winter 2022,Winter,2022.0,2022-01-01,4.498288843258043,False,Inactive,,
25321,Rosebud Biosciences,Winter 2022,Winter,2022.0,2022-01-01,4.498288843258043,False,Active,,
25322,VantedgeAI,Winter 2022,Winter,2022.0,2022-01-01,4.498288843258043,False,Active,,
25327,Starling,Winter 2022,Winter,2022.0,2022-01-01,4.498288843258043,False,Active,,
25328,Momento,Winter 2022,Winter,2022.0,2022-01-01,4.498288843258043,False,Active,,
25329,PromptLoop,Winter 2022,Winter,2022.0,2022-01-01,4.498288843258043,False,Active,,
25330,Actipulse Neuroscience,Winter 2022,Winter,2022.0,2022-01-01,4.498288843258043,False,Active,,
25331,Engage Bio,Winter 2022,Winter,2022.0,2022-01-01,4.498288843258043,False,Acquired,,
25332,Craniometrix,Winter 2022,Winter,2022.0,2022-01-01,4.498288843258043,False,Active,,
25333,Shinkei Systems,Winter 2022,Winter,2022.0,2022-01-01,4.498288843258043,False,Active,,
25334,FlowDeploy,Winter 2022,Winter,2022.0,2022-01-01,4.498288843258043,False,Inactive,,
25337,Cherry Recommends,Winter 2022,Winter,2022.0,2022-01-01,4.498288843258043,False,Inactive,,
25338,Cozmo AI,Winter 2022,Winter,2022.0,2022-01-01,4.498288843258043,False,Active,,
25339,AgentRouter,Winter 2022,Winter,2022.0,2022-01-01,4.498288843258043,False,Active,,
25340,Loops,Winter 2022,Winter,2022.0,2022-01-01,4.498288843258043,False,Active,,
25341,Wagetap,Winter 2022,Winter,2022.0,2022-01-01,4.498288843258043,False,Active,,
25342,Stably AI (Orca),Winter 2022,Winter,2022.0,2022-01-01,4.498288843258043,False,Active,,
25343,CoffeeAI,Winter 2022,Winter,2022.0,2022-01-01,4.498288843258043,False,Inactive,,
25344,Proper,Winter 2022,Winter,2022.0,2022-01-01,4.498288843258043,False,Acquired,,
25346,Transfez,Winter 2022,Winter,2022.0,2022-01-01,4.498288843258043,False,Active,,
25347,Perl Street,Winter 2022,Winter,2022.0,2022-01-01,4.498288843258043,False,Active,,
25348,Sei AI,Winter 2022,Winter,2022.0,2022-01-01,4.498288843258043,False,Active,,
25349,Brown Foods,Winter 2022,Winter,2022.0,2022-01-01,4.498288843258043,False,Active,,
25350,Nest Genomics,Winter 2022,Winter,2022.0,2022-01-01,4.498288843258043,False,Active,,
25351,Axross Pte Ltd,Winter 2022,Winter,2022.0,2022-01-01,4.498288843258043,False,Active,,
25353,Sarus,Winter 2022,Winter,2022.0,2022-01-01,4.498288843258043,False,Acquired,,
25354,Blaze,Winter 2022,Winter,2022.0,2022-01-01,4.498288843258043,False,Active,,
25355,Supertone,Winter 2022,Winter,2022.0,2022-01-01,4.498288843258043,False,Inactive,,
25356,Spinach AI,Winter 2022,Winter,2022.0,2022-01-01,4.498288843258043,False,Active,,
25357,PeakPath,Winter 2022,Winter,2022.0,2022-01-01,4.498288843258043,False,Inactive,,
25358,Nyckel,Winter 2022,Winter,2022.0,2022-01-01,4.498288843258043,False,Active,,
25359,Yezza,Winter 2022,Winter,2022.0,2022-01-01,4.498288843258043,False,Active,,
25360,Pursuit,Winter 2022,Winter,2022.0,2022-01-01,4.498288843258043,False,Inactive,,
25361,Fleetzero,Winter 2022,Winter,2022.0,2022-01-01,4.498288843258043,False,Active,,
25363,Gym Class,Winter 2022,Winter,2022.0,2022-01-01,4.498288843258043,False,Active,,
25379,Skillza,Winter 2022,Winter,2022.0,2022-01-01,4.498288843258043,False,Inactive,,
25381,TeamOut,Winter 2022,Winter,2022.0,2022-01-01,4.498288843258043,False,Active,,
25394,Harmoney,Winter 2022,Winter,2022.0,2022-01-01,4.498288843258043,False,Active,,
25395,Sekilo,Winter 2022,Winter,2022.0,2022-01-01,4.498288843258043,False,Active,,
25396,HomeRoom,Winter 2022,Winter,2022.0,2022-01-01,4.498288843258043,False,Acquired,,
25397,Seabound,Winter 2022,Winter,2022.0,2022-01-01,4.498288843258043,False,Active,,
25398,Dynamo AI,Winter 2022,Winter,2022.0,2022-01-01,4.498288843258043,False,Active,,
25399,Invert,Winter 2022,Winter,2022.0,2022-01-01,4.498288843258043,False,Active,,
25400,Industrial Next,Winter 2022,Winter,2022.0,2022-01-01,4.498288843258043,False,Active,,
25401,Onyx Private,Winter 2022,Winter,2022.0,2022-01-01,4.498288843258043,False,Acquired,,
25402,Rownd,Winter 2022,Winter,2022.0,2022-01-01,4.498288843258043,False,Active,,
25403,Aspora,Winter 2022,Winter,2022.0,2022-01-01,4.498288843258043,False,Active,,
25404,Castia,Winter 2022,Winter,2022.0,2022-01-01,4.498288843258043,False,Inactive,,
25417,Koala,Winter 2022,Winter,2022.0,2022-01-01,4.498288843258043,False,Active,,
25418,CUTR,Winter 2022,Winter,2022.0,2022-01-01,4.498288843258043,False,Active,,
25419,Kaso,Winter 2022,Winter,2022.0,2022-01-01,4.498288843258043,False,Active,,
25433,JumpWire,Winter 2022,Winter,2022.0,2022-01-01,4.498288843258043,False,Acquired,,
25444,Touch and Pay Technologies Limited,Winter 2022,Winter,2022.0,2022-01-01,4.498288843258043,False,Active,,
25445,Heyfood,Winter 2022,Winter,2022.0,2022-01-01,4.498288843258043,False,Active,,
25446,Vendoo,Winter 2022,Winter,2022.0,2022-01-01,4.498288843258043,False,Active,,
25447,Myria,Winter 2022,Winter,2022.0,2022-01-01,4.498288843258043,False,Active,,
25448,HypaHub,Winter 2022,Winter,2022.0,2022-01-01,4.498288843258043,False,Acquired,,
25449,Alixia,Winter 2022,Winter,2022.0,2022-01-01,4.498288843258043,False,Active,,
25450,Corveus Medical,Winter 2022,Winter,2022.0,2022-01-01,4.498288843258043,False,Active,,
25451,Instant Labs,Winter 2022,Winter,2022.0,2022-01-01,4.498288843258043,False,Active,,
25472,Ozone,Winter 2022,Winter,2022.0,2022-01-01,4.498288843258043,False,Inactive,,
25473,Miggos,Winter 2022,Winter,2022.0,2022-01-01,4.498288843258043,False,Active,,
25475,Orca,Winter 2022,Winter,2022.0,2022-01-01,4.498288843258043,False,Active,,
25476,Shuttle Central,Winter 2022,Winter,2022.0,2022-01-01,4.498288843258043,False,Active,,
25480,Atlas,Winter 2022,Winter,2022.0,2022-01-01,4.498288843258043,False,Active,,
25486,Dioptra,Winter 2022,Winter,2022.0,2022-01-01,4.498288843258043,False,Acquired,,
25491,Bobidi,Winter 2022,Winter,2022.0,2022-01-01,4.498288843258043,False,Active,,
25509,Hyperbeam,Winter 2022,Winter,2022.0,2022-01-01,4.498288843258043,False,Active,,
25511,Iron Leap,Winter 2022,Winter,2022.0,2022-01-01,4.498288843258043,False,Active,,
25512,Ankr Health,Winter 2022,Winter,2022.0,2022-01-01,4.498288843258043,False,Active,,
25513,Valari,Winter 2022,Winter,2022.0,2022-01-01,4.498288843258043,False,Inactive,,
25515,Whiz,Winter 2022,Winter,2022.0,2022-01-01,4.498288843258043,False,Inactive,,
25516,Emigre,Winter 2022,Winter,2022.0,2022-01-01,4.498288843258043,False,Inactive,,
25517,UpBanx,Winter 2022,Winter,2022.0,2022-01-01,4.498288843258043,False,Active,,
25518,MySivi,Winter 2022,Winter,2022.0,2022-01-01,4.498288843258043,False,Active,,
25519,Fieldproxy,Winter 2022,Winter,2022.0,2022-01-01,4.498288843258043,False,Active,,
25521,Happl,Winter 2022,Winter,2022.0,2022-01-01,4.498288843258043,False,Active,,
25522,Unlayer,Winter 2022,Winter,2022.0,2022-01-01,4.498288843258043,False,Active,,
25525,Pyrls,Winter 2022,Winter,2022.0,2022-01-01,4.498288843258043,False,Active,,
25526,Complif,Winter 2022,Winter,2022.0,2022-01-01,4.498288843258043,False,Active,,
25527,Munily,Winter 2022,Winter,2022.0,2022-01-01,4.498288843258043,False,Active,,
25528,Lenk,Winter 2022,Winter,2022.0,2022-01-01,4.498288843258043,False,Active,,
25529,Criya,Winter 2022,Winter,2022.0,2022-01-01,4.498288843258043,False,Inactive,,
25531,haddock,Winter 2022,Winter,2022.0,2022-01-01,4.498288843258043,False,Active,,
25532,Fintelite,Winter 2022,Winter,2022.0,2022-01-01,4.498288843258043,False,Active,,
25537,Cerebrium,Winter 2022,Winter,2022.0,2022-01-01,4.498288843258043,False,Active,,
25538,Lexter.ai,Winter 2022,Winter,2022.0,2022-01-01,4.498288843258043,False,Active,,
25539,Oto,Winter 2022,Winter,2022.0,2022-01-01,4.498288843258043,False,Active,,
25540,Rehook.ai,Winter 2022,Winter,2022.0,2022-01-01,4.498288843258043,False,Active,,
25541,Versable,Winter 2022,Winter,2022.0,2022-01-01,4.498288843258043,False,Active,,
25542,Elementary,Winter 2022,Winter,2022.0,2022-01-01,4.498288843258043,False,Active,,
25543,Agentnoon,Winter 2022,Winter,2022.0,2022-01-01,4.498288843258043,False,Active,,
25552,Firezone,Winter 2022,Winter,2022.0,2022-01-01,4.498288843258043,False,Active,,
25553,Phase Biolabs,Winter 2022,Winter,2022.0,2022-01-01,4.498288843258043,False,Active,,
25557,Lightmeter,Winter 2022,Winter,2022.0,2022-01-01,4.498288843258043,False,Active,,
25558,MosaicVoice,Winter 2022,Winter,2022.0,2022-01-01,4.498288843258043,False,Active,,
25559,Creizer,Winter 2022,Winter,2022.0,2022-01-01,4.498288843258043,False,Active,,
25560,Stock Unlock,Winter 2022,Winter,2022.0,2022-01-01,4.498288843258043,False,Active,,
25561,LanceDB,Winter 2022,Winter,2022.0,2022-01-01,4.498288843258043,False,Active,,
25569,Bifrost,Winter 2022,Winter,2022.0,2022-01-01,4.498288843258043,False,Inactive,,
25571,Omoi (formerly Azuki),Winter 2022,Winter,2022.0,2022-01-01,4.498288843258043,False,Active,,
25572,RDash,Winter 2022,Winter,2022.0,2022-01-01,4.498288843258043,False,Active,,
25573,Zorba,Winter 2022,Winter,2022.0,2022-01-01,4.498288843258043,False,Active,,
25575,Beam,Winter 2022,Winter,2022.0,2022-01-01,4.498288843258043,False,Active,,
25576,Drivingforce,Winter 2022,Winter,2022.0,2022-01-01,4.498288843258043,False,Inactive,,
25582,Sophys,Winter 2022,Winter,2022.0,2022-01-01,4.498288843258043,False,Active,,
25583,Bunkyr,Winter 2022,Winter,2022.0,2022-01-01,4.498288843258043,False,Active,,
25584,SnapTrade,Winter 2022,Winter,2022.0,2022-01-01,4.498288843258043,False,Active,,
25585,Armilla AI,Winter 2022,Winter,2022.0,2022-01-01,4.498288843258043,False,Active,,
25586,Soon,Winter 2022,Winter,2022.0,2022-01-01,4.498288843258043,False,Active,,
25587,Dart,Winter 2022,Winter,2022.0,2022-01-01,4.498288843258043,False,Active,,
25588,Castled.io,Winter 2022,Winter,2022.0,2022-01-01,4.498288843258043,False,Inactive,,
25589,Palitronica Inc,Winter 2022,Winter,2022.0,2022-01-01,4.498288843258043,False,Active,,
25590,Emobi,Winter 2022,Winter,2022.0,2022-01-01,4.498288843258043,False,Active,,
25592,Ole,Winter 2022,Winter,2022.0,2022-01-01,4.498288843258043,False,Inactive,,
25593,Cardda,Winter 2022,Winter,2022.0,2022-01-01,4.498288843258043,False,Active,,
25594,Streak,Winter 2022,Winter,2022.0,2022-01-01,4.498288843258043,False,Active,,
25596,Bakool,Winter 2022,Winter,2022.0,2022-01-01,4.498288843258043,False,Active,,
25603,Reforged Labs,Winter 2022,Winter,2022.0,2022-01-01,4.498288843258043,False,Active,,
25605,SuperSend,Winter 2022,Winter,2022.0,2022-01-01,4.498288843258043,False,Active,,
25606,HOKALI,Winter 2022,Winter,2022.0,2022-01-01,4.498288843258043,False,Active,,
25607,Axis,Winter 2022,Winter,2022.0,2022-01-01,4.498288843258043,False,Active,,
25608,Flagright,Winter 2022,Winter,2022.0,2022-01-01,4.498288843258043,False,Active,,
25610,RedBrick AI,Winter 2022,Winter,2022.0,2022-01-01,4.498288843258043,False,Active,,
25613,Gauss,Winter 2022,Winter,2022.0,2022-01-01,4.498288843258043,False,Active,,
25614,T3 Chat,Winter 2022,Winter,2022.0,2022-01-01,4.498288843258043,False,Active,,
25615,BharatX,Winter 2022,Winter,2022.0,2022-01-01,4.498288843258043,False,Acquired,,
25616,Stackshine,Winter 2022,Winter,2022.0,2022-01-01,4.498288843258043,False,Acquired,,
25617,Speechly,Winter 2022,Winter,2022.0,2022-01-01,4.498288843258043,False,Acquired,,
25618,Sphere,Winter 2022,Winter,2022.0,2022-01-01,4.498288843258043,False,Active,,
25619,RecordBook,Winter 2022,Winter,2022.0,2022-01-01,4.498288843258043,False,Active,,
25620,Magna,Winter 2022,Winter,2022.0,2022-01-01,4.498288843258043,False,Acquired,,
25634,IOMETE,Winter 2022,Winter,2022.0,2022-01-01,4.498288843258043,False,Active,,
25635,SkyLink,Winter 2022,Winter,2022.0,2022-01-01,4.498288843258043,False,Acquired,,
25641,Suggestr,Winter 2022,Winter,2022.0,2022-01-01,4.498288843258043,False,Inactive,,
25643,Mintlify,Winter 2022,Winter,2022.0,2022-01-01,4.498288843258043,False,Active,,
25644,Kable,Winter 2022,Winter,2022.0,2022-01-01,4.498288843258043,False,Inactive,,
25645,RefineTrain AI,Winter 2022,Winter,2022.0,2022-01-01,4.498288843258043,False,Active,,
25647,PermitFlow,Winter 2022,Winter,2022.0,2022-01-01,4.498288843258043,False,Active,,
25649,Stairs Financial,Winter 2022,Winter,2022.0,2022-01-01,4.498288843258043,False,Active,,
25650,NearWave,Winter 2022,Winter,2022.0,2022-01-01,4.498288843258043,False,Active,,
25652,SALT,Winter 2022,Winter,2022.0,2022-01-01,4.498288843258043,False,Active,,
25654,IMT Care,Winter 2022,Winter,2022.0,2022-01-01,4.498288843258043,False,Active,,
25655,Anfin,Winter 2022,Winter,2022.0,2022-01-01,4.498288843258043,False,Active,,
25656,Siftly,Winter 2022,Winter,2022.0,2022-01-01,4.498288843258043,False,Active,,
25657,Complete,Winter 2022,Winter,2022.0,2022-01-01,4.498288843258043,False,Active,,
25658,Plumter,Winter 2022,Winter,2022.0,2022-01-01,4.498288843258043,False,Active,,
25659,Tuva Health,Winter 2022,Winter,2022.0,2022-01-01,4.498288843258043,False,Active,,
25660,PayCaddy,Winter 2022,Winter,2022.0,2022-01-01,4.498288843258043,False,Active,,
25662,digi,Winter 2022,Winter,2022.0,2022-01-01,4.498288843258043,False,Active,,
25663,Velt,Winter 2022,Winter,2022.0,2022-01-01,4.498288843258043,False,Active,,
25665,Wibond,Winter 2022,Winter,2022.0,2022-01-01,4.498288843258043,False,Active,,
25670,Eazipay Inc.,Winter 2022,Winter,2022.0,2022-01-01,4.498288843258043,False,Active,,
25671,Markaz Technologies,Winter 2022,Winter,2022.0,2022-01-01,4.498288843258043,False,Active,,
25672,Cogram,Winter 2022,Winter,2022.0,2022-01-01,4.498288843258043,False,Active,,
25673,Enlightra,Winter 2022,Winter,2022.0,2022-01-01,4.498288843258043,False,Active,,
25674,Toko,Winter 2022,Winter,2022.0,2022-01-01,4.498288843258043,False,Active,,
25677,Posh,Winter 2022,Winter,2022.0,2022-01-01,4.498288843258043,False,Active,,
25678,Botin,Winter 2022,Winter,2022.0,2022-01-01,4.498288843258043,False,Inactive,,
25679,Sero,Winter 2022,Winter,2022.0,2022-01-01,4.498288843258043,False,Active,,
25680,Cotera,Winter 2022,Winter,2022.0,2022-01-01,4.498288843258043,False,Active,,
25681,SpadeWorks,Winter 2022,Winter,2022.0,2022-01-01,4.498288843258043,False,Active,,
25682,LunaJoy Health,Winter 2022,Winter,2022.0,2022-01-01,4.498288843258043,False,Active,,
25683,FinFlx,Winter 2022,Winter,2022.0,2022-01-01,4.498288843258043,False,Active,,
25684,Curacel,Winter 2022,Winter,2022.0,2022-01-01,4.498288843258043,False,Active,,
25685,Boya,Winter 2022,Winter,2022.0,2022-01-01,4.498288843258043,False,Active,,
25689,Kaagaz,Winter 2022,Winter,2022.0,2022-01-01,4.498288843258043,False,Active,,
25690,Requestly,Winter 2022,Winter,2022.0,2022-01-01,4.498288843258043,False,Acquired,,
25691,voize,Winter 2022,Winter,2022.0,2022-01-01,4.498288843258043,False,Active,,
25692,Livedocs,Winter 2022,Winter,2022.0,2022-01-01,4.498288843258043,False,Active,,
25693,Tola,Winter 2022,Winter,2022.0,2022-01-01,4.498288843258043,False,Acquired,,
25694,PayCrunch,Winter 2022,Winter,2022.0,2022-01-01,4.498288843258043,False,Active,,
25695,Pluto.markets,Winter 2022,Winter,2022.0,2022-01-01,4.498288843258043,False,Active,,
25696,Agency,Winter 2022,Winter,2022.0,2022-01-01,4.498288843258043,False,Active,,
25697,Prembly (formerly Identitypass),Winter 2022,Winter,2022.0,2022-01-01,4.498288843258043,False,Active,,
25700,Alga Biosciences,Winter 2022,Winter,2022.0,2022-01-01,4.498288843258043,False,Active,,
25711,"Elphinstone, Inc.",Winter 2022,Winter,2022.0,2022-01-01,4.498288843258043,False,Active,,
25712,Finnt,Winter 2022,Winter,2022.0,2022-01-01,4.498288843258043,False,Inactive,,
25713,Grey,Winter 2022,Winter,2022.0,2022-01-01,4.498288843258043,False,Active,,
25714,Strong Compute,Winter 2022,Winter,2022.0,2022-01-01,4.498288843258043,False,Active,,
25715,SubscriptionFlow,Winter 2022,Winter,2022.0,2022-01-01,4.498288843258043,False,Active,,
25716,Dojah Inc,Winter 2022,Winter,2022.0,2022-01-01,4.498288843258043,False,Active,,
25717,Lenco,Winter 2022,Winter,2022.0,2022-01-01,4.498288843258043,False,Active,,
25720,Convoy,Winter 2022,Winter,2022.0,2022-01-01,4.498288843258043,False,Active,,
25721,Tendo,Winter 2022,Winter,2022.0,2022-01-01,4.498288843258043,False,Active,,
25722,Fuell,Winter 2022,Winter,2022.0,2022-01-01,4.498288843258043,False,Acquired,,
25723,Aklimate,Winter 2022,Winter,2022.0,2022-01-01,4.498288843258043,False,Inactive,,
25724,Lovage,Winter 2022,Winter,2022.0,2022-01-01,4.498288843258043,False,Active,,
25725,Argo,Winter 2022,Winter,2022.0,2022-01-01,4.498288843258043,False,Active,,
25726,Vendy,Winter 2022,Winter,2022.0,2022-01-01,4.498288843258043,False,Active,,
25727,"Sendme, Inc",Winter 2022,Winter,2022.0,2022-01-01,4.498288843258043,False,Inactive,,
25728,Benson,Winter 2022,Winter,2022.0,2022-01-01,4.498288843258043,False,Active,,
25730,Blitzllama,Winter 2022,Winter,2022.0,2022-01-01,4.498288843258043,False,Acquired,,
25731,Demo Gorilla,Winter 2022,Winter,2022.0,2022-01-01,4.498288843258043,False,Inactive,,
25732,Sprites,Winter 2022,Winter,2022.0,2022-01-01,4.498288843258043,False,Active,,
25733,SmartHelio,Winter 2022,Winter,2022.0,2022-01-01,4.498288843258043,False,Active,,
25737,Arintra,Winter 2022,Winter,2022.0,2022-01-01,4.498288843258043,False,Active,,
25738,Hydra,Winter 2022,Winter,2022.0,2022-01-01,4.498288843258043,False,Acquired,,
25743,Trackingplan,Winter 2022,Winter,2022.0,2022-01-01,4.498288843258043,False,Active,,
25745,goodfin,Winter 2022,Winter,2022.0,2022-01-01,4.498288843258043,False,Active,,
25746,Durioo,Winter 2022,Winter,2022.0,2022-01-01,4.498288843258043,False,Active,,
25752,Simplifyd Systems,Winter 2022,Winter,2022.0,2022-01-01,4.498288843258043,False,Active,,
25753,Airwork,Winter 2022,Winter,2022.0,2022-01-01,4.498288843258043,False,Active,,
25754,Cash Flow Portal,Winter 2022,Winter,2022.0,2022-01-01,4.498288843258043,False,Active,,
25755,Rank (formerly Moni),Winter 2022,Winter,2022.0,2022-01-01,4.498288843258043,False,Active,,
25757,AntWalk,Winter 2022,Winter,2022.0,2022-01-01,4.498288843258043,False,Inactive,,
25758,Nash,Winter 2022,Winter,2022.0,2022-01-01,4.498288843258043,False,Active,,
25763,Cinder,Winter 2022,Winter,2022.0,2022-01-01,4.498288843258043,False,Active,,
25776,Partna,Winter 2022,Winter,2022.0,2022-01-01,4.498288843258043,False,Active,,
25777,BotCity,Winter 2022,Winter,2022.0,2022-01-01,4.498288843258043,False,Active,,
25778,Take App,Winter 2022,Winter,2022.0,2022-01-01,4.498288843258043,False,Active,,
25779,Nullstone,Winter 2022,Winter,2022.0,2022-01-01,4.498288843258043,False,Active,,
25782,Carbon Crusher,Winter 2022,Winter,2022.0,2022-01-01,4.498288843258043,False,Active,,
25787,Courtyard.io,Winter 2022,Winter,2022.0,2022-01-01,4.498288843258043,False,Active,,
25788,DimOrder,Winter 2022,Winter,2022.0,2022-01-01,4.498288843258043,False,Active,,
25789,SaveIN,Winter 2022,Winter,2022.0,2022-01-01,4.498288843258043,False,Active,,
25810,Material Depot,Winter 2022,Winter,2022.0,2022-01-01,4.498288843258043,False,Active,,
25814,Duplo,Winter 2022,Winter,2022.0,2022-01-01,4.498288843258043,False,Active,,
25817,Lifecast,Winter 2022,Winter,2022.0,2022-01-01,4.498288843258043,False,Inactive,,
25818,Vimmerse,Winter 2022,Winter,2022.0,2022-01-01,4.498288843258043,False,Active,,
25819,Broccoli AI,Winter 2022,Winter,2022.0,2022-01-01,4.498288843258043,False,Active,,
25820,Fello,Winter 2022,Winter,2022.0,2022-01-01,4.498288843258043,False,Inactive,,
25822,Rome,Winter 2022,Winter,2022.0,2022-01-01,4.498288843258043,False,Active,,
25823,Joe,Winter 2022,Winter,2022.0,2022-01-01,4.498288843258043,False,Acquired,,
25825,Bemlo,Winter 2022,Winter,2022.0,2022-01-01,4.498288843258043,False,Active,,
25827,Talentropy.ai,Winter 2022,Winter,2022.0,2022-01-01,4.498288843258043,False,Active,,
25831,mutable.ai,Winter 2022,Winter,2022.0,2022-01-01,4.498288843258043,False,Acquired,,
25835,Kular,Winter 2022,Winter,2022.0,2022-01-01,4.498288843258043,False,Active,,
25849,Theneo,Winter 2022,Winter,2022.0,2022-01-01,4.498288843258043,False,Active,,
25864,Torpedo Therapeutics,Winter 2022,Winter,2022.0,2022-01-01,4.498288843258043,False,Active,,
25865,Andson Biotech,Winter 2022,Winter,2022.0,2022-01-01,4.498288843258043,False,Active,,
25866,Ponyrun,Winter 2022,Winter,2022.0,2022-01-01,4.498288843258043,False,Active,,
25870,Top Road,Winter 2022,Winter,2022.0,2022-01-01,4.498288843258043,False,Active,,
25871,Brainboard,Winter 2022,Winter,2022.0,2022-01-01,4.498288843258043,False,Active,,
25876,Numida,Winter 2022,Winter,2022.0,2022-01-01,4.498288843258043,False,Active,,
25891,PINA,Winter 2022,Winter,2022.0,2022-01-01,4.498288843258043,False,Active,,
25892,AvairSense,Winter 2022,Winter,2022.0,2022-01-01,4.498288843258043,False,Inactive,,
25905,Bracket,Winter 2022,Winter,2022.0,2022-01-01,4.498288843258043,False,Acquired,,
25907,Joon Health,Winter 2022,Winter,2022.0,2022-01-01,4.498288843258043,False,Active,,
25911,Cypher,Winter 2022,Winter,2022.0,2022-01-01,4.498288843258043,False,Active,,
25912,Vessel,Winter 2022,Winter,2022.0,2022-01-01,4.498288843258043,False,Inactive,,
25913,Trueplace,Winter 2022,Winter,2022.0,2022-01-01,4.498288843258043,False,Active,,
25914,IoTFlows Inc,Winter 2022,Winter,2022.0,2022-01-01,4.498288843258043,False,Active,,
25915,UNISON,Winter 2022,Winter,2022.0,2022-01-01,4.498288843258043,False,Active,,
25918,Venue.ink,Winter 2022,Winter,2022.0,2022-01-01,4.498288843258043,False,Active,,
25921,Nophin,Winter 2022,Winter,2022.0,2022-01-01,4.498288843258043,False,Inactive,,
25923,HOAi,Winter 2022,Winter,2022.0,2022-01-01,4.498288843258043,False,Acquired,,
25924,Better Opinions,Winter 2022,Winter,2022.0,2022-01-01,4.498288843258043,False,Active,,
25928,Attain,Winter 2022,Winter,2022.0,2022-01-01,4.498288843258043,False,Active,,
25929,Quan,Winter 2022,Winter,2022.0,2022-01-01,4.498288843258043,False,Acquired,,
25930,SNAB,Winter 2022,Winter,2022.0,2022-01-01,4.498288843258043,False,Active,,
25931,Amal Invest,Winter 2022,Winter,2022.0,2022-01-01,4.498288843258043,False,Active,,
25935,Topship,Winter 2022,Winter,2022.0,2022-01-01,4.498288843258043,False,Active,,
25937,Argument Computer Corporation,Winter 2022,Winter,2022.0,2022-01-01,4.498288843258043,False,Active,,
25946,PropelAuth,Winter 2022,Winter,2022.0,2022-01-01,4.498288843258043,False,Active,,
25947,Fogbender,Winter 2022,Winter,2022.0,2022-01-01,4.498288843258043,False,Active,,
25948,Spade,Winter 2022,Winter,2022.0,2022-01-01,4.498288843258043,False,Active,,
25949,Jamsocket,Winter 2022,Winter,2022.0,2022-01-01,4.498288843258043,False,Acquired,,
25950,Decent,Winter 2022,Winter,2022.0,2022-01-01,4.498288843258043,False,Acquired,,
25951,SOTERI SKIN,Winter 2022,Winter,2022.0,2022-01-01,4.498288843258043,False,Active,,
25954,Status,Winter 2022,Winter,2022.0,2022-01-01,4.498288843258043,False,Active,,
25958,Unsaddl,Winter 2022,Winter,2022.0,2022-01-01,4.498288843258043,False,Acquired,,
25959,QUIK,Winter 2022,Winter,2022.0,2022-01-01,4.498288843258043,False,Active,,
25960,Clupp,Winter 2022,Winter,2022.0,2022-01-01,4.498288843258043,False,Active,,
25965,Vobi,Winter 2022,Winter,2022.0,2022-01-01,4.498288843258043,False,Active,,
25966,Sendo,Winter 2022,Winter,2022.0,2022-01-01,4.498288843258043,False,Inactive,,
25967,ngrow.ai,Winter 2022,Winter,2022.0,2022-01-01,4.498288843258043,False,Active,,
25968,Rider,Winter 2022,Winter,2022.0,2022-01-01,4.498288843258043,False,Acquired,,
25969,Shaped,Winter 2022,Winter,2022.0,2022-01-01,4.498288843258043,False,Active,,
25972,Winter,Winter 2022,Winter,2022.0,2022-01-01,4.498288843258043,False,Acquired,,
25973,amiloz,Winter 2022,Winter,2022.0,2022-01-01,4.498288843258043,False,Active,,
25974,Float Health,Winter 2022,Winter,2022.0,2022-01-01,4.498288843258043,False,Active,,
25975,Ploomber,Winter 2022,Winter,2022.0,2022-01-01,4.498288843258043,False,Inactive,,
25976,GoJom,Winter 2022,Winter,2022.0,2022-01-01,4.498288843258043,False,Active,,
25977,yhangry,Winter 2022,Winter,2022.0,2022-01-01,4.498288843258043,False,Active,,
25978,Fleek,Winter 2022,Winter,2022.0,2022-01-01,4.498288843258043,False,Active,,
25981,Arpari,Winter 2022,Winter,2022.0,2022-01-01,4.498288843258043,False,Active,,
25983,Housewarming,Winter 2022,Winter,2022.0,2022-01-01,4.498288843258043,False,Active,,
25984,Rally UXR,Winter 2022,Winter,2022.0,2022-01-01,4.498288843258043,False,Active,,
25985,RTHM,Winter 2022,Winter,2022.0,2022-01-01,4.498288843258043,False,Active,,
25986,Unravel Carbon,Winter 2022,Winter,2022.0,2022-01-01,4.498288843258043,False,Active,,
25989,Blink,Winter 2022,Winter,2022.0,2022-01-01,4.498288843258043,False,Active,,
25991,Humand,Winter 2022,Winter,2022.0,2022-01-01,4.498288843258043,False,Active,,
25992,WANTD,Winter 2022,Winter,2022.0,2022-01-01,4.498288843258043,False,Active,,
25994,Glow Energy,Winter 2022,Winter,2022.0,2022-01-01,4.498288843258043,False,Acquired,,
25995,Workflow86,Winter 2022,Winter,2022.0,2022-01-01,4.498288843258043,False,Active,,
25996,Marathon Education,Winter 2022,Winter,2022.0,2022-01-01,4.498288843258043,False,Inactive,,
25999,Codec,Winter 2022,Winter,2022.0,2022-01-01,4.498288843258043,False,Active,,
26003,Mahaana Wealth,Winter 2022,Winter,2022.0,2022-01-01,4.498288843258043,False,Active,,
26004,Avocademy,Winter 2022,Winter,2022.0,2022-01-01,4.498288843258043,False,Active,,
26012,Postal,Winter 2022,Winter,2022.0,2022-01-01,4.498288843258043,False,Active,,
26016,Finku,Winter 2022,Winter,2022.0,2022-01-01,4.498288843258043,False,Active,,
26019,AYC Fund,Winter 2022,Winter,2022.0,2022-01-01,4.498288843258043,False,Active,,
26020,Koko,Winter 2022,Winter,2022.0,2022-01-01,4.498288843258043,False,Active,,
26021,Anja Health,Winter 2022,Winter,2022.0,2022-01-01,4.498288843258043,False,Acquired,,
26032,Reviving Mind,Winter 2022,Winter,2022.0,2022-01-01,4.498288843258043,False,Active,,
26033,Heptabase,Winter 2022,Winter,2022.0,2022-01-01,4.498288843258043,False,Active,,
26034,Kenobi,Winter 2022,Winter,2022.0,2022-01-01,4.498288843258043,False,Active,,
26035,Darsel,Winter 2022,Winter,2022.0,2022-01-01,4.498288843258043,False,Active,,
26041,The Ankler,Winter 2022,Winter,2022.0,2022-01-01,4.498288843258043,False,Active,,
26042,Pigeon,Winter 2022,Winter,2022.0,2022-01-01,4.498288843258043,False,Inactive,,
26043,Cashmere,Winter 2022,Winter,2022.0,2022-01-01,4.498288843258043,False,Inactive,,
26049,Netmaker,Winter 2022,Winter,2022.0,2022-01-01,4.498288843258043,False,Active,,
26050,Olympian Motors,Winter 2022,Winter,2022.0,2022-01-01,4.498288843258043,False,Active,,
26051,GIMO,Winter 2022,Winter,2022.0,2022-01-01,4.498288843258043,False,Active,,
26052,Nara,Winter 2022,Winter,2022.0,2022-01-01,4.498288843258043,False,Acquired,,
26053,Powerhouse AI,Winter 2022,Winter,2022.0,2022-01-01,4.498288843258043,False,Active,,
26054,Circular,Winter 2022,Winter,2022.0,2022-01-01,4.498288843258043,False,Active,,
26065,TAI,Winter 2022,Winter,2022.0,2022-01-01,4.498288843258043,False,Acquired,,
26066,Query Vary,Winter 2022,Winter,2022.0,2022-01-01,4.498288843258043,False,Active,,
26067,Trusty,Winter 2022,Winter,2022.0,2022-01-01,4.498288843258043,False,Active,,
26072,Impossible Metals,Winter 2022,Winter,2022.0,2022-01-01,4.498288843258043,False,Active,,
26073,Dealls – Jobs & Mentoring,Winter 2022,Winter,2022.0,2022-01-01,4.498288843258043,False,Active,,
26094,Cellbyte,Winter 2022,Winter,2022.0,2022-01-01,4.498288843258043,False,Active,,
26108,GoSats,Winter 2022,Winter,2022.0,2022-01-01,4.498288843258043,False,Active,,
26109,Poko,Winter 2022,Winter,2022.0,2022-01-01,4.498288843258043,False,Active,,
26118,Offbeast,Winter 2022,Winter,2022.0,2022-01-01,4.498288843258043,False,Active,,
26120,AirMyne,Winter 2022,Winter,2022.0,2022-01-01,4.498288843258043,False,Active,,
26121,Cinapse,Winter 2022,Winter,2022.0,2022-01-01,4.498288843258043,False,Active,,
26122,"Origami Therapeutics, Inc.",Winter 2022,Winter,2022.0,2022-01-01,4.498288843258043,False,Active,,
26125,GovDash,Winter 2022,Winter,2022.0,2022-01-01,4.498288843258043,False,Active,,
26134,Beyond Aero,Winter 2022,Winter,2022.0,2022-01-01,4.498288843258043,False,Active,,
26137,Pina Earth,Winter 2022,Winter,2022.0,2022-01-01,4.498288843258043,False,Acquired,,
26138,KorrAI,Winter 2022,Winter,2022.0,2022-01-01,4.498288843258043,False,Active,,
26139,Revoy,Winter 2022,Winter,2022.0,2022-01-01,4.498288843258043,False,Active,,
26144,OpenBuilder,Fall 2025,Fall,2025.0,2025-09-01,0.8323066392881588,False,Active,,
26147,Cofactr,Winter 2022,Winter,2022.0,2022-01-01,4.498288843258043,False,Active,,
26148,Powerdocs,Winter 2022,Winter,2022.0,2022-01-01,4.498288843258043,False,Active,,
26163,beU delivery,Winter 2022,Winter,2022.0,2022-01-01,4.498288843258043,False,Active,,
26183,Pantore Pay,Winter 2022,Winter,2022.0,2022-01-01,4.498288843258043,False,Active,,
26190,HippoBuild,Winter 2022,Winter,2022.0,2022-01-01,4.498288843258043,False,Active,,
26205,Karate Labs,Winter 2022,Winter,2022.0,2022-01-01,4.498288843258043,False,Active,,
26206,Vecindario,Winter 2022,Winter,2022.0,2022-01-01,4.498288843258043,False,Inactive,,
26210,Alima,Winter 2022,Winter,2022.0,2022-01-01,4.498288843258043,False,Inactive,,
26238,Flike,Winter 2022,Winter,2022.0,2022-01-01,4.498288843258043,False,Inactive,,
26242,Finnix,Winter 2022,Winter,2022.0,2022-01-01,4.498288843258043,False,Active,,
26243,Phoenix Hydrogen,Winter 2022,Winter,2022.0,2022-01-01,4.498288843258043,False,Inactive,,
26253,AiSupervision,Winter 2022,Winter,2022.0,2022-01-01,4.498288843258043,False,Inactive,,
26254,Eventual,Winter 2022,Winter,2022.0,2022-01-01,4.498288843258043,False,Active,,
26264,Jutsoo,Winter 2022,Winter,2022.0,2022-01-01,4.498288843258043,False,Active,,
26265,Seis,Winter 2022,Winter,2022.0,2022-01-01,4.498288843258043,False,Active,,
26266,Onboard.io,Winter 2022,Winter,2022.0,2022-01-01,4.498288843258043,False,Active,,
26267,Fresh Factory,Winter 2022,Winter,2022.0,2022-01-01,4.498288843258043,False,Active,,
26268,Remi,Winter 2022,Winter,2022.0,2022-01-01,4.498288843258043,False,Active,,
26277,CrediBook,Winter 2022,Winter,2022.0,2022-01-01,4.498288843258043,False,Active,,
26278,NFTScoring,Winter 2022,Winter,2022.0,2022-01-01,4.498288843258043,False,Inactive,,
26290,Mono,Winter 2022,Winter,2022.0,2022-01-01,4.498288843258043,False,Active,,
26294,Lizza,Winter 2022,Winter,2022.0,2022-01-01,4.498288843258043,False,Active,,
26296,Reality Defender,Winter 2022,Winter,2022.0,2022-01-01,4.498288843258043,False,Active,,
26303,Massdriver,Winter 2022,Winter,2022.0,2022-01-01,4.498288843258043,False,Active,,
26307,Mindbase,Winter 2022,Winter,2022.0,2022-01-01,4.498288843258043,False,Active,,
26311,WhiteLab Genomics,Winter 2022,Winter,2022.0,2022-01-01,4.498288843258043,False,Active,,
26331,BBy,Winter 2022,Winter,2022.0,2022-01-01,4.498288843258043,False,Active,,
26413,Medplum,Summer 2022,Summer,2022.0,2022-06-01,4.084873374401095,False,Active,,
26425,SimpleHash,Winter 2022,Winter,2022.0,2022-01-01,4.498288843258043,False,Acquired,,
26427,Eugit Therapeutics,Summer 2022,Summer,2022.0,2022-06-01,4.084873374401095,False,Active,,
26476,Pana,Summer 2022,Summer,2022.0,2022-06-01,4.084873374401095,False,Active,,
26480,Poly,Summer 2022,Summer,2022.0,2022-06-01,4.084873374401095,False,Active,,
26501,Albiware Inc.,Summer 2022,Summer,2022.0,2022-06-01,4.084873374401095,False,Active,,
26505,Layerup,Summer 2022,Summer,2022.0,2022-06-01,4.084873374401095,False,Active,,
26525,Clinikally,Summer 2022,Summer,2022.0,2022-06-01,4.084873374401095,False,Active,,
26554,Cisterna Biologics,Summer 2022,Summer,2022.0,2022-06-01,4.084873374401095,False,Active,,
26564,Banabo,Summer 2022,Summer,2022.0,2022-06-01,4.084873374401095,False,Active,,
26654,Wolfia,Summer 2022,Summer,2022.0,2022-06-01,4.084873374401095,False,Active,,
26655,Instant,Summer 2022,Summer,2022.0,2022-06-01,4.084873374401095,False,Active,,
26657,HyperDX,Summer 2022,Summer,2022.0,2022-06-01,4.084873374401095,False,Acquired,,
26658,Magic,Summer 2022,Summer,2022.0,2022-06-01,4.084873374401095,False,Inactive,,
26659,Weltio,Summer 2022,Summer,2022.0,2022-06-01,4.084873374401095,False,Inactive,,
26660,Chordio,Summer 2022,Summer,2022.0,2022-06-01,4.084873374401095,False,Active,,
26661,Stream,Summer 2022,Summer,2022.0,2022-06-01,4.084873374401095,False,Active,,
26662,Paces,Summer 2022,Summer,2022.0,2022-06-01,4.084873374401095,False,Active,,
26663,Denormalized,Summer 2022,Summer,2022.0,2022-06-01,4.084873374401095,False,Inactive,,
26666,Airtrain AI,Summer 2022,Summer,2022.0,2022-06-01,4.084873374401095,False,Inactive,,
26667,Star,Summer 2022,Summer,2022.0,2022-06-01,4.084873374401095,False,Active,,
26668,Elessar,Summer 2022,Summer,2022.0,2022-06-01,4.084873374401095,False,Active,,
26669,Mercator,Summer 2022,Summer,2022.0,2022-06-01,4.084873374401095,False,Inactive,,
26670,Julius,Summer 2022,Summer,2022.0,2022-06-01,4.084873374401095,False,Active,,
26671,Ciro,Summer 2022,Summer,2022.0,2022-06-01,4.084873374401095,False,Active,,
26673,Dialect,Summer 2022,Summer,2022.0,2022-06-01,4.084873374401095,False,Inactive,,
26675,Birch Biosciences,Summer 2022,Summer,2022.0,2022-06-01,4.084873374401095,False,Active,,
26676,Penguin AI,Summer 2022,Summer,2022.0,2022-06-01,4.084873374401095,False,Inactive,,
26681,Alma,Summer 2022,Summer,2022.0,2022-06-01,4.084873374401095,False,Inactive,,
26690,Truva,Summer 2022,Summer,2022.0,2022-06-01,4.084873374401095,False,Acquired,,
26693,SigmaMind AI,Summer 2022,Summer,2022.0,2022-06-01,4.084873374401095,False,Active,,
26703,Versa,Summer 2022,Summer,2022.0,2022-06-01,4.084873374401095,False,Active,,
26704,Two Dots,Summer 2022,Summer,2022.0,2022-06-01,4.084873374401095,False,Active,,
26705,Stackup,Summer 2022,Summer,2022.0,2022-06-01,4.084873374401095,False,Active,,
26706,Superpowered AI,Summer 2022,Summer,2022.0,2022-06-01,4.084873374401095,False,Inactive,,
26707,Chariot,Summer 2022,Summer,2022.0,2022-06-01,4.084873374401095,False,Active,,
26708,Makeasite,Summer 2022,Summer,2022.0,2022-06-01,4.084873374401095,False,Active,,
26709,Dittofeed,Summer 2022,Summer,2022.0,2022-06-01,4.084873374401095,False,Active,,
26710,Tailor,Summer 2022,Summer,2022.0,2022-06-01,4.084873374401095,False,Active,,
26711,Devyce,Summer 2022,Summer,2022.0,2022-06-01,4.084873374401095,False,Active,,
26712,CodeCanary,Summer 2022,Summer,2022.0,2022-06-01,4.084873374401095,False,Active,,
26713,Pasito,Summer 2022,Summer,2022.0,2022-06-01,4.084873374401095,False,Active,,
26715,Ruleset,Summer 2022,Summer,2022.0,2022-06-01,4.084873374401095,False,Inactive,,
26716,erad,Summer 2022,Summer,2022.0,2022-06-01,4.084873374401095,False,Active,,
26717,Blitz,Summer 2022,Summer,2022.0,2022-06-01,4.084873374401095,False,Active,,
26718,Cerrion,Summer 2022,Summer,2022.0,2022-06-01,4.084873374401095,False,Active,,
26719,Alterya,Summer 2022,Summer,2022.0,2022-06-01,4.084873374401095,False,Acquired,,
26720,TrueBiz,Summer 2022,Summer,2022.0,2022-06-01,4.084873374401095,False,Active,,
26722,Boundo,Summer 2022,Summer,2022.0,2022-06-01,4.084873374401095,False,Active,,
26723,CustomerOS,Summer 2022,Summer,2022.0,2022-06-01,4.084873374401095,False,Inactive,,
26724,Coupl,Summer 2022,Summer,2022.0,2022-06-01,4.084873374401095,False,Active,,
26725,ECSA,Summer 2022,Summer,2022.0,2022-06-01,4.084873374401095,False,Active,,
26726,ilumadata,Summer 2022,Summer,2022.0,2022-06-01,4.084873374401095,False,Inactive,,
26727,Moneco,Summer 2022,Summer,2022.0,2022-06-01,4.084873374401095,False,Active,,
26730,Champ,Summer 2022,Summer,2022.0,2022-06-01,4.084873374401095,False,Active,,
26732,BricksAI,Summer 2022,Summer,2022.0,2022-06-01,4.084873374401095,False,Inactive,,
26733,Roxels,Summer 2022,Summer,2022.0,2022-06-01,4.084873374401095,False,Active,,
26734,Serinus Biosciences,Summer 2022,Summer,2022.0,2022-06-01,4.084873374401095,False,Active,,
26735,Dr. Treat,Summer 2022,Summer,2022.0,2022-06-01,4.084873374401095,False,Active,,
26736,Array Labs,Summer 2022,Summer,2022.0,2022-06-01,4.084873374401095,False,Active,,
26737,Fetii,Summer 2022,Summer,2022.0,2022-06-01,4.084873374401095,False,Active,,
26738,Integration Labs,Summer 2022,Summer,2022.0,2022-06-01,4.084873374401095,False,Inactive,,
26739,Craze,Summer 2022,Summer,2022.0,2022-06-01,4.084873374401095,False,Active,,
26740,BlueHill Payments,Summer 2022,Summer,2022.0,2022-06-01,4.084873374401095,False,Active,,
26741,Paragon AI,Summer 2022,Summer,2022.0,2022-06-01,4.084873374401095,False,Active,,
26742,Boostly,Summer 2022,Summer,2022.0,2022-06-01,4.084873374401095,False,Active,,
26743,EthosX,Summer 2022,Summer,2022.0,2022-06-01,4.084873374401095,False,Active,,
26749,Ballerine,Summer 2022,Summer,2022.0,2022-06-01,4.084873374401095,False,Active,,
26750,NuMind,Summer 2022,Summer,2022.0,2022-06-01,4.084873374401095,False,Active,,
26751,Signatur Biosciences,Summer 2022,Summer,2022.0,2022-06-01,4.084873374401095,False,Active,,
26752,Delegasi,Summer 2022,Summer,2022.0,2022-06-01,4.084873374401095,False,Inactive,,
26753,Lyra,Summer 2022,Summer,2022.0,2022-06-01,4.084873374401095,False,Active,,
26754,Novig,Summer 2022,Summer,2022.0,2022-06-01,4.084873374401095,False,Active,,
26755,Sunlight,Summer 2022,Summer,2022.0,2022-06-01,4.084873374401095,False,Active,,
26756,WithIda,Summer 2022,Summer,2022.0,2022-06-01,4.084873374401095,False,Active,,
26763,Voltic,Summer 2022,Summer,2022.0,2022-06-01,4.084873374401095,False,Active,,
26764,Tranch,Summer 2022,Summer,2022.0,2022-06-01,4.084873374401095,False,Acquired,,
26768,Disclo,Summer 2022,Summer,2022.0,2022-06-01,4.084873374401095,False,Active,,
26769,ALT TEX,Summer 2022,Summer,2022.0,2022-06-01,4.084873374401095,False,Active,,
26770,Bridgecard,Summer 2022,Summer,2022.0,2022-06-01,4.084873374401095,False,Inactive,,
26776,Overwatch,Summer 2022,Summer,2022.0,2022-06-01,4.084873374401095,False,Active,,
26778,Blee,Summer 2022,Summer,2022.0,2022-06-01,4.084873374401095,False,Active,,
26779,Notebook Labs,Summer 2022,Summer,2022.0,2022-06-01,4.084873374401095,False,Inactive,,
26780,Stellar,Summer 2022,Summer,2022.0,2022-06-01,4.084873374401095,False,Inactive,,
26781,CodeCrafters,Summer 2022,Summer,2022.0,2022-06-01,4.084873374401095,False,Active,,
26782,Cashboard,Summer 2022,Summer,2022.0,2022-06-01,4.084873374401095,False,Active,,
26783,Raven,Summer 2022,Summer,2022.0,2022-06-01,4.084873374401095,False,Active,,
26784,Seaflight Technologies,Summer 2022,Summer,2022.0,2022-06-01,4.084873374401095,False,Active,,
26792,Activepieces,Summer 2022,Summer,2022.0,2022-06-01,4.084873374401095,False,Active,,
26793,Windmill,Summer 2022,Summer,2022.0,2022-06-01,4.084873374401095,False,Active,,
26794,Capix,Summer 2022,Summer,2022.0,2022-06-01,4.084873374401095,False,Active,,
26795,Gullak Money,Summer 2022,Summer,2022.0,2022-06-01,4.084873374401095,False,Active,,
26796,Popsy,Summer 2022,Summer,2022.0,2022-06-01,4.084873374401095,False,Active,,
26797,Rio,Summer 2022,Summer,2022.0,2022-06-01,4.084873374401095,False,Active,,
26800,Juicebox,Summer 2022,Summer,2022.0,2022-06-01,4.084873374401095,False,Active,,
26801,Evoly,Summer 2022,Summer,2022.0,2022-06-01,4.084873374401095,False,Active,,
26802,Apply Design,Summer 2022,Summer,2022.0,2022-06-01,4.084873374401095,False,Active,,
26803,Tank Payments,Summer 2022,Summer,2022.0,2022-06-01,4.084873374401095,False,Active,,
26806,Illuminant Surgical,Summer 2022,Summer,2022.0,2022-06-01,4.084873374401095,False,Active,,
26807,MaverickX,Summer 2022,Summer,2022.0,2022-06-01,4.084873374401095,False,Active,,
26808,Phind,Summer 2022,Summer,2022.0,2022-06-01,4.084873374401095,False,Inactive,,
26809,Malama Health,Summer 2022,Summer,2022.0,2022-06-01,4.084873374401095,False,Active,,
26810,Ten Lives,Summer 2022,Summer,2022.0,2022-06-01,4.084873374401095,False,Active,,
26811,Payload,Summer 2022,Summer,2022.0,2022-06-01,4.084873374401095,False,Acquired,,
26812,Hype,Summer 2022,Summer,2022.0,2022-06-01,4.084873374401095,False,Active,,
26813,Aragorn AI,Summer 2022,Summer,2022.0,2022-06-01,4.084873374401095,False,Active,,
26814,Ordinary Seafood,Summer 2022,Summer,2022.0,2022-06-01,4.084873374401095,False,Inactive,,
26818,Hypestream,Summer 2022,Summer,2022.0,2022-06-01,4.084873374401095,False,Active,,
26819,Namecard.ai,Summer 2022,Summer,2022.0,2022-06-01,4.084873374401095,False,Active,,
26825,Flair Labs,Summer 2022,Summer,2022.0,2022-06-01,4.084873374401095,False,Active,,
26837,Unify,Winter 2023,Winter,2023.0,2023-01-01,3.4989733059548254,False,Active,,
26847,Slauth.io,Summer 2022,Summer,2022.0,2022-06-01,4.084873374401095,False,Inactive,,
26850,BiggerPicture,Summer 2022,Summer,2022.0,2022-06-01,4.084873374401095,False,Active,,
26851,Mistle,Summer 2022,Summer,2022.0,2022-06-01,4.084873374401095,False,Active,,
26852,Slidely AI,Summer 2022,Summer,2022.0,2022-06-01,4.084873374401095,False,Active,,
26859,Typewise,Summer 2022,Summer,2022.0,2022-06-01,4.084873374401095,False,Active,,
26860,NewsCatcher,Summer 2022,Summer,2022.0,2022-06-01,4.084873374401095,False,Active,,
26861,100x,Summer 2022,Summer,2022.0,2022-06-01,4.084873374401095,False,Active,,
26862,Pulppo,Summer 2022,Summer,2022.0,2022-06-01,4.084873374401095,False,Acquired,,
26863,Provision,Summer 2022,Summer,2022.0,2022-06-01,4.084873374401095,False,Active,,
26869,Sytex,Summer 2022,Summer,2022.0,2022-06-01,4.084873374401095,False,Active,,
26870,Thera,Summer 2022,Summer,2022.0,2022-06-01,4.084873374401095,False,Active,,
26871,Shipmates,Summer 2022,Summer,2022.0,2022-06-01,4.084873374401095,False,Active,,
26872,Neosync,Summer 2022,Summer,2022.0,2022-06-01,4.084873374401095,False,Acquired,,
26876,Zoltar Labs,Summer 2022,Summer,2022.0,2022-06-01,4.084873374401095,False,Inactive,,
26877,Peoplebox.ai,Summer 2022,Summer,2022.0,2022-06-01,4.084873374401095,False,Active,,
26880,Airhart Aeronautics,Summer 2022,Summer,2022.0,2022-06-01,4.084873374401095,False,Active,,
26881,Bitstack,Summer 2022,Summer,2022.0,2022-06-01,4.084873374401095,False,Active,,
26882,Coris,Summer 2022,Summer,2022.0,2022-06-01,4.084873374401095,False,Active,,
26883,Hedgehog,Summer 2022,Summer,2022.0,2022-06-01,4.084873374401095,False,Active,,
26884,Alphawatch AI,Winter 2023,Winter,2023.0,2023-01-01,3.4989733059548254,False,Active,,
26885,AnythingLLM,Summer 2022,Summer,2022.0,2022-06-01,4.084873374401095,False,Active,,
26890,Latent Space,Summer 2022,Summer,2022.0,2022-06-01,4.084873374401095,False,Active,,
26897,AviaryAI,Summer 2022,Summer,2022.0,2022-06-01,4.084873374401095,False,Active,,
26898,Diversion,Summer 2022,Summer,2022.0,2022-06-01,4.084873374401095,False,Active,,
26899,Manatee,Summer 2022,Summer,2022.0,2022-06-01,4.084873374401095,False,Inactive,,
26900,Pluralith,Summer 2022,Summer,2022.0,2022-06-01,4.084873374401095,False,Active,,
26901,FlyCode,Summer 2022,Summer,2022.0,2022-06-01,4.084873374401095,False,Active,,
26902,Maya Labs,Summer 2022,Summer,2022.0,2022-06-01,4.084873374401095,False,Active,,
26903,Chowdeck,Summer 2022,Summer,2022.0,2022-06-01,4.084873374401095,False,Active,,
26907,Rima AI (formerly Garage),Summer 2022,Summer,2022.0,2022-06-01,4.084873374401095,False,Active,,
26912,Quinn,Summer 2022,Summer,2022.0,2022-06-01,4.084873374401095,False,Active,,
26913,Aurelian,Summer 2022,Summer,2022.0,2022-06-01,4.084873374401095,False,Active,,
27037,Metriport,Summer 2022,Summer,2022.0,2022-06-01,4.084873374401095,False,Active,,
27038,Fini,Summer 2022,Summer,2022.0,2022-06-01,4.084873374401095,False,Active,,
27039,Cobbery,Summer 2022,Summer,2022.0,2022-06-01,4.084873374401095,False,Active,,
27040,Grai,Summer 2022,Summer,2022.0,2022-06-01,4.084873374401095,False,Inactive,,
27041,Feather,Summer 2022,Summer,2022.0,2022-06-01,4.084873374401095,False,Active,,
27042,Artemis Search,Summer 2022,Summer,2022.0,2022-06-01,4.084873374401095,False,Active,,
27045,Argovox,Summer 2022,Summer,2022.0,2022-06-01,4.084873374401095,False,Inactive,,
27046,Atlas,Summer 2022,Summer,2022.0,2022-06-01,4.084873374401095,False,Active,,
27047,Plutto,Summer 2022,Summer,2022.0,2022-06-01,4.084873374401095,False,Active,,
27048,Payfura,Summer 2022,Summer,2022.0,2022-06-01,4.084873374401095,False,Inactive,,
27049,Anchor,Summer 2022,Summer,2022.0,2022-06-01,4.084873374401095,False,Active,,
27050,Kombo,Summer 2022,Summer,2022.0,2022-06-01,4.084873374401095,False,Active,,
27051,Unthread,Summer 2022,Summer,2022.0,2022-06-01,4.084873374401095,False,Active,,
27052,Quindar,Summer 2022,Summer,2022.0,2022-06-01,4.084873374401095,False,Active,,
27054,Ekho,Summer 2022,Summer,2022.0,2022-06-01,4.084873374401095,False,Active,,
27055,Vinci Games,Summer 2022,Summer,2022.0,2022-06-01,4.084873374401095,False,Active,,
27078,Wand Solar,Summer 2022,Summer,2022.0,2022-06-01,4.084873374401095,False,Active,,
27085,Roforco,Summer 2022,Summer,2022.0,2022-06-01,4.084873374401095,False,Active,,
27086,AiPrise,Summer 2022,Summer,2022.0,2022-06-01,4.084873374401095,False,Active,,
27090,CompUp,Summer 2022,Summer,2022.0,2022-06-01,4.084873374401095,False,Active,,
27091,Trendex - Connect with stars,Summer 2022,Summer,2022.0,2022-06-01,4.084873374401095,False,Active,,
27092,Lamin,Summer 2022,Summer,2022.0,2022-06-01,4.084873374401095,False,Active,,
27094,nsave,Summer 2022,Summer,2022.0,2022-06-01,4.084873374401095,False,Active,,
27095,Relay Health,Summer 2022,Summer,2022.0,2022-06-01,4.084873374401095,False,Active,,
27096,Relate,Summer 2022,Summer,2022.0,2022-06-01,4.084873374401095,False,Active,,
27097,Findly,Summer 2022,Summer,2022.0,2022-06-01,4.084873374401095,False,Active,,
27108,Sanifu,Summer 2022,Summer,2022.0,2022-06-01,4.084873374401095,False,Active,,
27109,HOMLI,Summer 2022,Summer,2022.0,2022-06-01,4.084873374401095,False,Active,,
27124,KemNet,Summer 2022,Summer,2022.0,2022-06-01,4.084873374401095,False,Active,,
27137,PrimeVault,Summer 2022,Summer,2022.0,2022-06-01,4.084873374401095,False,Active,,
27140,Boton,Summer 2022,Summer,2022.0,2022-06-01,4.084873374401095,False,Active,,
27141,Avina,Summer 2022,Summer,2022.0,2022-06-01,4.084873374401095,False,Active,,
27142,Invofox,Summer 2022,Summer,2022.0,2022-06-01,4.084873374401095,False,Active,,
27143,TypeLess,Summer 2022,Summer,2022.0,2022-06-01,4.084873374401095,False,Active,,
27146,Sunpia,Summer 2022,Summer,2022.0,2022-06-01,4.084873374401095,False,Active,,
27147,FoodCourt,Summer 2022,Summer,2022.0,2022-06-01,4.084873374401095,False,Active,,
27150,Drip,Summer 2022,Summer,2022.0,2022-06-01,4.084873374401095,False,Inactive,,
27151,Solum Health,Summer 2022,Summer,2022.0,2022-06-01,4.084873374401095,False,Active,,
27152,Firecrawl,Summer 2022,Summer,2022.0,2022-06-01,4.084873374401095,False,Active,,
27153,UpLink,Summer 2022,Summer,2022.0,2022-06-01,4.084873374401095,False,Acquired,,
27154,Superbar,Summer 2022,Summer,2022.0,2022-06-01,4.084873374401095,False,Active,,
27155,Sonnet,Summer 2022,Summer,2022.0,2022-06-01,4.084873374401095,False,Inactive,,
27157,Levers,Summer 2022,Summer,2022.0,2022-06-01,4.084873374401095,False,Active,,
27158,Jasmine Energy,Summer 2022,Summer,2022.0,2022-06-01,4.084873374401095,False,Inactive,,
27159,Almond,Summer 2022,Summer,2022.0,2022-06-01,4.084873374401095,False,Inactive,,
27160,Drahim 💰,Summer 2022,Summer,2022.0,2022-06-01,4.084873374401095,False,Active,,
27161,Krave Mart,Summer 2022,Summer,2022.0,2022-06-01,4.084873374401095,False,Active,,
27162,Oneleet,Summer 2022,Summer,2022.0,2022-06-01,4.084873374401095,False,Active,,
27164,autone,Summer 2022,Summer,2022.0,2022-06-01,4.084873374401095,False,Active,,
27165,Entvin,Summer 2022,Summer,2022.0,2022-06-01,4.084873374401095,False,Active,,
27166,Wondercraft,Summer 2022,Summer,2022.0,2022-06-01,4.084873374401095,False,Active,,
27167,Blockscope,Summer 2022,Summer,2022.0,2022-06-01,4.084873374401095,False,Active,,
27168,Relevium Medical,Summer 2022,Summer,2022.0,2022-06-01,4.084873374401095,False,Active,,
27172,Clearline,Summer 2022,Summer,2022.0,2022-06-01,4.084873374401095,False,Active,,
27173,Jamble,Summer 2022,Summer,2022.0,2022-06-01,4.084873374401095,False,Active,,
27174,Monterey AI,Summer 2022,Summer,2022.0,2022-06-01,4.084873374401095,False,Acquired,,
27175,Express Building,Summer 2022,Summer,2022.0,2022-06-01,4.084873374401095,False,Active,,
27176,Slingshot,Summer 2022,Summer,2022.0,2022-06-01,4.084873374401095,False,Acquired,,
27177,MovingLake,Summer 2022,Summer,2022.0,2022-06-01,4.084873374401095,False,Active,,
27178,Pump.co,Summer 2022,Summer,2022.0,2022-06-01,4.084873374401095,False,Active,,
27184,Taro,Summer 2022,Summer,2022.0,2022-06-01,4.084873374401095,False,Acquired,,
27185,Knowtex,Summer 2022,Summer,2022.0,2022-06-01,4.084873374401095,False,Active,,
27190,Sculpt,Summer 2022,Summer,2022.0,2022-06-01,4.084873374401095,False,Active,,
27191,AlgoTest,Summer 2022,Summer,2022.0,2022-06-01,4.084873374401095,False,Active,,
27194,REVER,Summer 2022,Summer,2022.0,2022-06-01,4.084873374401095,False,Active,,
27195,Vizzly,Summer 2022,Summer,2022.0,2022-06-01,4.084873374401095,False,Acquired,,
27198,Velontra,Summer 2022,Summer,2022.0,2022-06-01,4.084873374401095,False,Active,,
27201,Lavo Life Sciences,Winter 2023,Winter,2023.0,2023-01-01,3.4989733059548254,False,Inactive,,
27205,Kashin,Summer 2022,Summer,2022.0,2022-06-01,4.084873374401095,False,Active,,
27206,Delfino AI,Summer 2022,Summer,2022.0,2022-06-01,4.084873374401095,False,Active,,
27219,FlatX,Summer 2022,Summer,2022.0,2022-06-01,4.084873374401095,False,Active,,
27221,CAPSULE,Summer 2022,Summer,2022.0,2022-06-01,4.084873374401095,False,Inactive,,
27222,Kamion,Summer 2022,Summer,2022.0,2022-06-01,4.084873374401095,False,Active,,
27224,InVision Medical Technology,Summer 2022,Summer,2022.0,2022-06-01,4.084873374401095,False,Active,,
27248,Cambio,Summer 2022,Summer,2022.0,2022-06-01,4.084873374401095,False,Active,,
27249,Aldara,Summer 2022,Summer,2022.0,2022-06-01,4.084873374401095,False,Active,,
27250,Axle,Summer 2022,Summer,2022.0,2022-06-01,4.084873374401095,False,Active,,
27251,Lotus,Summer 2022,Summer,2022.0,2022-06-01,4.084873374401095,False,Inactive,,
27252,Landeed,Summer 2022,Summer,2022.0,2022-06-01,4.084873374401095,False,Active,,
27253,Cone,Summer 2022,Summer,2022.0,2022-06-01,4.084873374401095,False,Active,,
27254,Chima,Winter 2023,Winter,2023.0,2023-01-01,3.4989733059548254,False,Active,,
27255,Intuned,Summer 2022,Summer,2022.0,2022-06-01,4.084873374401095,False,Active,,
27258,AccessOwl,Summer 2022,Summer,2022.0,2022-06-01,4.084873374401095,False,Active,,
27260,Coverage Cat,Summer 2022,Summer,2022.0,2022-06-01,4.084873374401095,False,Active,,
27261,Integrated Reasoning,Summer 2022,Summer,2022.0,2022-06-01,4.084873374401095,False,Active,,
27262,Pivo Technology Inc,Summer 2022,Summer,2022.0,2022-06-01,4.084873374401095,False,Inactive,,
27263,Guardian Bio,Summer 2022,Summer,2022.0,2022-06-01,4.084873374401095,False,Active,,
27264,Dev Tools AI,Summer 2022,Summer,2022.0,2022-06-01,4.084873374401095,False,Inactive,,
27267,Ping,Summer 2022,Summer,2022.0,2022-06-01,4.084873374401095,False,Active,,
27268,Materee,Summer 2022,Summer,2022.0,2022-06-01,4.084873374401095,False,Active,,
27269,Morf Health,Summer 2022,Summer,2022.0,2022-06-01,4.084873374401095,False,Active,,
27361,Polymath Robotics,Summer 2022,Summer,2022.0,2022-06-01,4.084873374401095,False,Active,,
27424,Mogara,Winter 2023,Winter,2023.0,2023-01-01,3.4989733059548254,False,Inactive,,
27491,Sameday,Winter 2023,Winter,2023.0,2023-01-01,3.4989733059548254,False,Active,,
27492,zudo.work,Winter 2023,Winter,2023.0,2023-01-01,3.4989733059548254,False,Active,,
27583,Rubbrband,Winter 2023,Winter,2023.0,2023-01-01,3.4989733059548254,False,Active,,
27655,Avoca,Winter 2023,Winter,2023.0,2023-01-01,3.4989733059548254,False,Active,,
27664,Infisical,Winter 2023,Winter,2023.0,2023-01-01,3.4989733059548254,False,Active,,
27666,Middleware,Winter 2023,Winter,2023.0,2023-01-01,3.4989733059548254,False,Active,,
27667,StackAI,Winter 2023,Winter,2023.0,2023-01-01,3.4989733059548254,False,Acquired,,
27668,Designbase,Winter 2023,Winter,2023.0,2023-01-01,3.4989733059548254,False,Active,,
27669,Laminate,Winter 2023,Winter,2023.0,2023-01-01,3.4989733059548254,False,Active,,
27670,Finvest,Winter 2023,Winter,2023.0,2023-01-01,3.4989733059548254,False,Active,,
27671,Miracle,Winter 2023,Winter,2023.0,2023-01-01,3.4989733059548254,False,Active,,
27672,Blyss,Winter 2023,Winter,2023.0,2023-01-01,3.4989733059548254,False,Inactive,,
27673,Reflex,Winter 2023,Winter,2023.0,2023-01-01,3.4989733059548254,False,Active,,
27674,OneText,Winter 2023,Winter,2023.0,2023-01-01,3.4989733059548254,False,Active,,
27675,Linum,Winter 2023,Winter,2023.0,2023-01-01,3.4989733059548254,False,Active,,
27676,Cardinal,Winter 2023,Winter,2023.0,2023-01-01,3.4989733059548254,False,Acquired,,
27677,Matano,Winter 2023,Winter,2023.0,2023-01-01,3.4989733059548254,False,Active,,
27678,Traceloop,Winter 2023,Winter,2023.0,2023-01-01,3.4989733059548254,False,Acquired,,
27679,rift,Winter 2023,Winter,2023.0,2023-01-01,3.4989733059548254,False,Active,,
27680,Trigger.dev,Winter 2023,Winter,2023.0,2023-01-01,3.4989733059548254,False,Active,,
27683,Versori,Winter 2023,Winter,2023.0,2023-01-01,3.4989733059548254,False,Acquired,,
27684,Struct,Winter 2023,Winter,2023.0,2023-01-01,3.4989733059548254,False,Inactive,,
27685,Syncly,Winter 2023,Winter,2023.0,2023-01-01,3.4989733059548254,False,Active,,
27686,DrDroid,Winter 2023,Winter,2023.0,2023-01-01,3.4989733059548254,False,Active,,
27687,Layup,Winter 2023,Winter,2023.0,2023-01-01,3.4989733059548254,False,Inactive,,
27690,Credal.ai,Winter 2023,Winter,2023.0,2023-01-01,3.4989733059548254,False,Active,,
27691,Magic Patterns,Winter 2023,Winter,2023.0,2023-01-01,3.4989733059548254,False,Active,,
27692,Rollstack,Winter 2023,Winter,2023.0,2023-01-01,3.4989733059548254,False,Active,,
27693,Depot,Winter 2023,Winter,2023.0,2023-01-01,3.4989733059548254,False,Active,,
27694,Paperplane,Winter 2023,Winter,2023.0,2023-01-01,3.4989733059548254,False,Inactive,,
27695,Pigeon,Winter 2023,Winter,2023.0,2023-01-01,3.4989733059548254,False,Active,,
27696,Novelcare,Winter 2023,Winter,2023.0,2023-01-01,3.4989733059548254,False,Active,,
27697,Lume,Winter 2023,Winter,2023.0,2023-01-01,3.4989733059548254,False,Acquired,,
27698,Viddy,Winter 2023,Winter,2023.0,2023-01-01,3.4989733059548254,False,Acquired,,
27699,Concourse,Winter 2023,Winter,2023.0,2023-01-01,3.4989733059548254,False,Active,,
27700,Latent,Winter 2023,Winter,2023.0,2023-01-01,3.4989733059548254,False,Active,,
27701,Backdrop,Winter 2023,Winter,2023.0,2023-01-01,3.4989733059548254,False,Active,,
27702,Mulligan,Winter 2023,Winter,2023.0,2023-01-01,3.4989733059548254,False,Active,,
27703,Dashdive,Winter 2023,Winter,2023.0,2023-01-01,3.4989733059548254,False,Acquired,,
27704,FlexDesk,Winter 2023,Winter,2023.0,2023-01-01,3.4989733059548254,False,Active,,
27705,Indexical,Winter 2023,Winter,2023.0,2023-01-01,3.4989733059548254,False,Inactive,,
27707,Trackstar,Winter 2023,Winter,2023.0,2023-01-01,3.4989733059548254,False,Active,,
27708,Demospace,Winter 2023,Winter,2023.0,2023-01-01,3.4989733059548254,False,Inactive,,
27710,Hammr,Winter 2023,Winter,2023.0,2023-01-01,3.4989733059548254,False,Active,,
27712,Brewit,Winter 2023,Winter,2023.0,2023-01-01,3.4989733059548254,False,Acquired,,
27713,Lynx,Winter 2023,Winter,2023.0,2023-01-01,3.4989733059548254,False,Inactive,,
27714,Palomma,Winter 2023,Winter,2023.0,2023-01-01,3.4989733059548254,False,Active,,
27725,Parabolic,Winter 2023,Winter,2023.0,2023-01-01,3.4989733059548254,False,Inactive,,
27728,Nango,Winter 2023,Winter,2023.0,2023-01-01,3.4989733059548254,False,Active,,
27734,Rubber Ducky Labs,Winter 2023,Winter,2023.0,2023-01-01,3.4989733059548254,False,Inactive,,
27735,Numeral,Winter 2023,Winter,2023.0,2023-01-01,3.4989733059548254,False,Active,,
27740,Mercoa,Winter 2023,Winter,2023.0,2023-01-01,3.4989733059548254,False,Active,,
27754,Pair AI,Winter 2023,Winter,2023.0,2023-01-01,3.4989733059548254,False,Active,,
27762,Ohm,Winter 2023,Winter,2023.0,2023-01-01,3.4989733059548254,False,Active,,
27763,Double – Coding Copilot,Winter 2023,Winter,2023.0,2023-01-01,3.4989733059548254,False,Active,,
27766,Glass Health,Winter 2023,Winter,2023.0,2023-01-01,3.4989733059548254,False,Active,,
27774,Versive,Winter 2023,Winter,2023.0,2023-01-01,3.4989733059548254,False,Active,,
27785,Pledge Health,Winter 2023,Winter,2023.0,2023-01-01,3.4989733059548254,False,Active,,
27806,Ruby Card,Winter 2023,Winter,2023.0,2023-01-01,3.4989733059548254,False,Active,,
27807,ZeroDev,Winter 2023,Winter,2023.0,2023-01-01,3.4989733059548254,False,Active,,
27808,Salient,Winter 2023,Winter,2023.0,2023-01-01,3.4989733059548254,False,Active,,
27809,EdgeBit,Winter 2023,Winter,2023.0,2023-01-01,3.4989733059548254,False,Acquired,,
27810,Cakework,Winter 2023,Winter,2023.0,2023-01-01,3.4989733059548254,False,Inactive,,
27811,Tennr,Winter 2023,Winter,2023.0,2023-01-01,3.4989733059548254,False,Active,,
27812,Dataglade,Winter 2023,Winter,2023.0,2023-01-01,3.4989733059548254,False,Active,,
27813,Omnistrate,Winter 2023,Winter,2023.0,2023-01-01,3.4989733059548254,False,Active,,
27814,Narrative,Winter 2023,Winter,2023.0,2023-01-01,3.4989733059548254,False,Active,,
27815,OfOne,Winter 2023,Winter,2023.0,2023-01-01,3.4989733059548254,False,Acquired,,
27816,OpenSight,Winter 2023,Winter,2023.0,2023-01-01,3.4989733059548254,False,Inactive,,
27817,loopfour,Winter 2023,Winter,2023.0,2023-01-01,3.4989733059548254,False,Active,,
27818,Gluetrail,Winter 2023,Winter,2023.0,2023-01-01,3.4989733059548254,False,Active,,
27819,FlexWash,Winter 2023,Winter,2023.0,2023-01-01,3.4989733059548254,False,Active,,
27820,infra.new,Winter 2023,Winter,2023.0,2023-01-01,3.4989733059548254,False,Active,,
27821,PoplarML,Winter 2023,Winter,2023.0,2023-01-01,3.4989733059548254,False,Active,,
27822,GovEagle,Winter 2023,Winter,2023.0,2023-01-01,3.4989733059548254,False,Active,,
27823,Overflux,Winter 2023,Winter,2023.0,2023-01-01,3.4989733059548254,False,Inactive,,
27824,Coperniq,Winter 2023,Winter,2023.0,2023-01-01,3.4989733059548254,False,Active,,
27825,CreatorML,Winter 2023,Winter,2023.0,2023-01-01,3.4989733059548254,False,Inactive,,
27827,Vooma,Winter 2023,Winter,2023.0,2023-01-01,3.4989733059548254,False,Active,,
27828,Scanbase,Winter 2023,Winter,2023.0,2023-01-01,3.4989733059548254,False,Active,,
27831,Neptyne,Winter 2023,Winter,2023.0,2023-01-01,3.4989733059548254,False,Inactive,,
27832,Trigo,Winter 2023,Winter,2023.0,2023-01-01,3.4989733059548254,False,Acquired,,
27834,Bluebirds,Winter 2023,Winter,2023.0,2023-01-01,3.4989733059548254,False,Acquired,,
27836,LinkGrep,Winter 2023,Winter,2023.0,2023-01-01,3.4989733059548254,False,Active,,
27837,Pirros,Winter 2023,Winter,2023.0,2023-01-01,3.4989733059548254,False,Active,,
27838,Flower,Winter 2023,Winter,2023.0,2023-01-01,3.4989733059548254,False,Active,,
27839,Cosine,Winter 2023,Winter,2023.0,2023-01-01,3.4989733059548254,False,Active,,
27840,Alloy,Winter 2023,Winter,2023.0,2023-01-01,3.4989733059548254,False,Active,,
27841,Bujeti,Winter 2023,Winter,2023.0,2023-01-01,3.4989733059548254,False,Active,,
27842,Chart,Winter 2023,Winter,2023.0,2023-01-01,3.4989733059548254,False,Active,,
27843,Gooseworks,Winter 2023,Winter,2023.0,2023-01-01,3.4989733059548254,False,Active,,
27844,Cloudchipr,Winter 2023,Winter,2023.0,2023-01-01,3.4989733059548254,False,Active,,
27846,PoloTab,Winter 2023,Winter,2023.0,2023-01-01,3.4989733059548254,False,Active,,
27850,Repacket,Winter 2023,Winter,2023.0,2023-01-01,3.4989733059548254,False,Active,,
27852,Frigade,Winter 2023,Winter,2023.0,2023-01-01,3.4989733059548254,False,Active,,
27853,Cobblestone,Winter 2023,Winter,2023.0,2023-01-01,3.4989733059548254,False,Acquired,,
27854,Suger,Winter 2023,Winter,2023.0,2023-01-01,3.4989733059548254,False,Active,,
27855,Haven,Winter 2023,Winter,2023.0,2023-01-01,3.4989733059548254,False,Active,,
27857,coil inc.,Winter 2023,Winter,2023.0,2023-01-01,3.4989733059548254,False,Active,,
27858,Kivo Health,Winter 2023,Winter,2023.0,2023-01-01,3.4989733059548254,False,Active,,
27859,No Cap,Winter 2023,Winter,2023.0,2023-01-01,3.4989733059548254,False,Acquired,,
27860,Dream3D,Winter 2023,Winter,2023.0,2023-01-01,3.4989733059548254,False,Active,,
27862,Bluedot,Winter 2023,Winter,2023.0,2023-01-01,3.4989733059548254,False,Active,,
27867,DataSuite,Winter 2023,Winter,2023.0,2023-01-01,3.4989733059548254,False,Active,,
27868,Outerbase,Winter 2023,Winter,2023.0,2023-01-01,3.4989733059548254,False,Acquired,,
27869,co.dev,Winter 2023,Winter,2023.0,2023-01-01,3.4989733059548254,False,Active,,
27870,Langfuse,Winter 2023,Winter,2023.0,2023-01-01,3.4989733059548254,False,Acquired,,
27871,Extend,Winter 2023,Winter,2023.0,2023-01-01,3.4989733059548254,False,Active,,
27873,Floworks,Winter 2023,Winter,2023.0,2023-01-01,3.4989733059548254,False,Active,,
27874,Relace,Winter 2023,Winter,2023.0,2023-01-01,3.4989733059548254,False,Active,,
27875,Iliad,Winter 2023,Winter,2023.0,2023-01-01,3.4989733059548254,False,Active,,
27876,Propexo,Winter 2023,Winter,2023.0,2023-01-01,3.4989733059548254,False,Active,,
27877,OpenMeter,Winter 2023,Winter,2023.0,2023-01-01,3.4989733059548254,False,Acquired,,
27878,RUUF,Winter 2023,Winter,2023.0,2023-01-01,3.4989733059548254,False,Active,,
27879,Choppy!,Winter 2023,Winter,2023.0,2023-01-01,3.4989733059548254,False,Inactive,,
27880,Plutis,Winter 2023,Winter,2023.0,2023-01-01,3.4989733059548254,False,Active,,
27881,Inkeep,Winter 2023,Winter,2023.0,2023-01-01,3.4989733059548254,False,Active,,
27882,Velos,Winter 2023,Winter,2023.0,2023-01-01,3.4989733059548254,False,Active,,
27883,EzDubs,Winter 2023,Winter,2023.0,2023-01-01,3.4989733059548254,False,Acquired,,
27890,Wild Moose,Winter 2023,Winter,2023.0,2023-01-01,3.4989733059548254,False,Active,,
27892,ShortLoop,Winter 2023,Winter,2023.0,2023-01-01,3.4989733059548254,False,Active,,
27893,BuildJet,Winter 2023,Winter,2023.0,2023-01-01,3.4989733059548254,False,Active,,
27894,Booth AI,Winter 2023,Winter,2023.0,2023-01-01,3.4989733059548254,False,Acquired,,
27896,Truewind,Winter 2023,Winter,2023.0,2023-01-01,3.4989733059548254,False,Active,,
27897,TableFlow,Winter 2023,Winter,2023.0,2023-01-01,3.4989733059548254,False,Active,,
27898,Overlord,Winter 2023,Winter,2023.0,2023-01-01,3.4989733059548254,False,Active,,
27899,GoodCourse,Winter 2023,Winter,2023.0,2023-01-01,3.4989733059548254,False,Inactive,,
27901,Orchid,Winter 2023,Winter,2023.0,2023-01-01,3.4989733059548254,False,Active,,
27902,KV Cash,Winter 2023,Winter,2023.0,2023-01-01,3.4989733059548254,False,Active,,
27906,1stCollab,Winter 2023,Winter,2023.0,2023-01-01,3.4989733059548254,False,Active,,
27907,Storyboarder,Winter 2023,Winter,2023.0,2023-01-01,3.4989733059548254,False,Active,,
27909,Magicflow 𐂂,Winter 2023,Winter,2023.0,2023-01-01,3.4989733059548254,False,Inactive,,
27911,IcePanel,Winter 2023,Winter,2023.0,2023-01-01,3.4989733059548254,False,Active,,
27915,Rainmaker,Winter 2023,Winter,2023.0,2023-01-01,3.4989733059548254,False,Active,,
27919,Helicone,Winter 2023,Winter,2023.0,2023-01-01,3.4989733059548254,False,Acquired,,
27921,Homeflow,Winter 2023,Winter,2023.0,2023-01-01,3.4989733059548254,False,Active,,
27923,Ariglad,Winter 2023,Winter,2023.0,2023-01-01,3.4989733059548254,False,Active,,
27924,OutSail Technologies,Winter 2023,Winter,2023.0,2023-01-01,3.4989733059548254,False,Inactive,,
27925,222,Winter 2023,Winter,2023.0,2023-01-01,3.4989733059548254,False,Active,,
27926,Variance,Winter 2023,Winter,2023.0,2023-01-01,3.4989733059548254,False,Active,,
27927,Fintool,Winter 2023,Winter,2023.0,2023-01-01,3.4989733059548254,False,Acquired,,
27928,David,Winter 2023,Winter,2023.0,2023-01-01,3.4989733059548254,False,Active,,
27935,compliant-llm,Winter 2023,Winter,2023.0,2023-01-01,3.4989733059548254,False,Active,,
27936,ClickPe,Winter 2023,Winter,2023.0,2023-01-01,3.4989733059548254,False,Active,,
27938,Boundary,Winter 2023,Winter,2023.0,2023-01-01,3.4989733059548254,False,Active,,
27939,FactIQ,Winter 2023,Winter,2023.0,2023-01-01,3.4989733059548254,False,Active,,
27941,Sage AI,Winter 2023,Winter,2023.0,2023-01-01,3.4989733059548254,False,Active,,
27942,SensorSurf,Winter 2023,Winter,2023.0,2023-01-01,3.4989733059548254,False,Inactive,,
27943,Hadrius,Winter 2023,Winter,2023.0,2023-01-01,3.4989733059548254,False,Active,,
27945,Fairway Health,Winter 2023,Winter,2023.0,2023-01-01,3.4989733059548254,False,Acquired,,
27946,Pointwise,Winter 2023,Winter,2023.0,2023-01-01,3.4989733059548254,False,Active,,
27947,Shortbread,Winter 2023,Winter,2023.0,2023-01-01,3.4989733059548254,False,Active,,
27949,Onshore,Winter 2023,Winter,2023.0,2023-01-01,3.4989733059548254,False,Active,,
27950,Sherloq,Winter 2023,Winter,2023.0,2023-01-01,3.4989733059548254,False,Active,,
27951,Honeydew,Winter 2023,Winter,2023.0,2023-01-01,3.4989733059548254,False,Active,,
27952,Finic,Winter 2023,Winter,2023.0,2023-01-01,3.4989733059548254,False,Active,,
27953,Koywe,Winter 2023,Winter,2023.0,2023-01-01,3.4989733059548254,False,Active,,
27956,Hippo Scribe,Winter 2023,Winter,2023.0,2023-01-01,3.4989733059548254,False,Active,,
27957,Infinia,Winter 2023,Winter,2023.0,2023-01-01,3.4989733059548254,False,Active,,
27958,Noya Software,Winter 2023,Winter,2023.0,2023-01-01,3.4989733059548254,False,Active,,
27959,Vitalize,Winter 2023,Winter,2023.0,2023-01-01,3.4989733059548254,False,Active,,
27960,Radical,Winter 2023,Winter,2023.0,2023-01-01,3.4989733059548254,False,Active,,
27961,Hona,Winter 2023,Winter,2023.0,2023-01-01,3.4989733059548254,False,Active,,
27964,nunu.ai,Winter 2023,Winter,2023.0,2023-01-01,3.4989733059548254,False,Active,,
27965,Odigos Technologies Inc.,Winter 2023,Winter,2023.0,2023-01-01,3.4989733059548254,False,Active,,
27966,CombineHealth,Winter 2023,Winter,2023.0,2023-01-01,3.4989733059548254,False,Active,,
27967,Echo,Winter 2023,Winter,2023.0,2023-01-01,3.4989733059548254,False,Inactive,,
27968,Alaan,Winter 2023,Winter,2023.0,2023-01-01,3.4989733059548254,False,Active,,
27969,Vendah,Winter 2023,Winter,2023.0,2023-01-01,3.4989733059548254,False,Active,,
27971,Arroyo,Winter 2023,Winter,2023.0,2023-01-01,3.4989733059548254,False,Acquired,,
27972,Defer,Winter 2023,Winter,2023.0,2023-01-01,3.4989733059548254,False,Inactive,,
27974,Fastgen,Winter 2023,Winter,2023.0,2023-01-01,3.4989733059548254,False,Active,,
27978,SuperKalam,Winter 2023,Winter,2023.0,2023-01-01,3.4989733059548254,False,Active,,
27982,Clueso,Winter 2023,Winter,2023.0,2023-01-01,3.4989733059548254,False,Active,,
27983,Retape,Winter 2023,Winter,2023.0,2023-01-01,3.4989733059548254,False,Active,,
27984,Sirdab,Winter 2023,Winter,2023.0,2023-01-01,3.4989733059548254,False,Active,,
27985,Loula,Winter 2023,Winter,2023.0,2023-01-01,3.4989733059548254,False,Active,,
27986,Rally Tax,Winter 2023,Winter,2023.0,2023-01-01,3.4989733059548254,False,Active,,
27987,Shekel Mobility,Winter 2023,Winter,2023.0,2023-01-01,3.4989733059548254,False,Active,,
27989,MagnaPlay,Winter 2023,Winter,2023.0,2023-01-01,3.4989733059548254,False,Active,,
27991,Coldreach,Winter 2023,Winter,2023.0,2023-01-01,3.4989733059548254,False,Active,,
27992,Proglix,Winter 2023,Winter,2023.0,2023-01-01,3.4989733059548254,False,Active,,
28006,Mantys,Winter 2023,Winter,2023.0,2023-01-01,3.4989733059548254,False,Active,,
28007,Milio,Winter 2023,Winter,2023.0,2023-01-01,3.4989733059548254,False,Active,,
28008,Univerbal,Winter 2023,Winter,2023.0,2023-01-01,3.4989733059548254,False,Active,,
28013,Clearspace,Winter 2023,Winter,2023.0,2023-01-01,3.4989733059548254,False,Active,,
28018,Sanvivo,Winter 2023,Winter,2023.0,2023-01-01,3.4989733059548254,False,Active,,
28019,inBuild,Winter 2023,Winter,2023.0,2023-01-01,3.4989733059548254,False,Active,,
28037,Diffuse Bio,Winter 2023,Winter,2023.0,2023-01-01,3.4989733059548254,False,Active,,
28045,Peeba,Winter 2023,Winter,2023.0,2023-01-01,3.4989733059548254,False,Active,,
28048,Muffin Data,Winter 2023,Winter,2023.0,2023-01-01,3.4989733059548254,False,Acquired,,
28069,Pylon,Winter 2023,Winter,2023.0,2023-01-01,3.4989733059548254,False,Active,,
28070,Clad,Winter 2023,Winter,2023.0,2023-01-01,3.4989733059548254,False,Active,,
28071,Epsilon,Winter 2023,Winter,2023.0,2023-01-01,3.4989733059548254,False,Active,,
28072,Helios,Winter 2023,Winter,2023.0,2023-01-01,3.4989733059548254,False,Active,,
28073,PlayAI,Winter 2023,Winter,2023.0,2023-01-01,3.4989733059548254,False,Acquired,,
28074,Keep,Winter 2023,Winter,2023.0,2023-01-01,3.4989733059548254,False,Acquired,,
28075,Stralis Aircraft,Winter 2023,Winter,2023.0,2023-01-01,3.4989733059548254,False,Active,,
28077,Corgi Labs,Winter 2023,Winter,2023.0,2023-01-01,3.4989733059548254,False,Active,,
28078,Turntable,Winter 2023,Winter,2023.0,2023-01-01,3.4989733059548254,False,Inactive,,
28079,Invopop,Winter 2023,Winter,2023.0,2023-01-01,3.4989733059548254,False,Active,,
28080,Tagsafe,Winter 2023,Winter,2023.0,2023-01-01,3.4989733059548254,False,Active,,
28081,DAGWorks Inc.,Winter 2023,Winter,2023.0,2023-01-01,3.4989733059548254,False,Acquired,,
28082,Sorted,Winter 2023,Winter,2023.0,2023-01-01,3.4989733059548254,False,Inactive,,
28087,Rivet,Winter 2023,Winter,2023.0,2023-01-01,3.4989733059548254,False,Active,,
28088,Waza,Winter 2023,Winter,2023.0,2023-01-01,3.4989733059548254,False,Active,,
28089,Maxi,Winter 2023,Winter,2023.0,2023-01-01,3.4989733059548254,False,Active,,
28090,Littio,Winter 2023,Winter,2023.0,2023-01-01,3.4989733059548254,False,Active,,
28091,Hindsight,Winter 2023,Winter,2023.0,2023-01-01,3.4989733059548254,False,Active,,
28092,Dill,Winter 2023,Winter,2023.0,2023-01-01,3.4989733059548254,False,Active,,
28093,Common Paper,Winter 2023,Winter,2023.0,2023-01-01,3.4989733059548254,False,Active,,
28094,Constant,Winter 2023,Winter,2023.0,2023-01-01,3.4989733059548254,False,Active,,
28096,OpenInt,Winter 2023,Winter,2023.0,2023-01-01,3.4989733059548254,False,Acquired,,
28097,Decohere,Winter 2023,Winter,2023.0,2023-01-01,3.4989733059548254,False,Active,,
28098,Resend,Winter 2023,Winter,2023.0,2023-01-01,3.4989733059548254,False,Active,,
28099,Unstatiq,Winter 2023,Winter,2023.0,2023-01-01,3.4989733059548254,False,Active,,
28103,Fern,Winter 2023,Winter,2023.0,2023-01-01,3.4989733059548254,False,Acquired,,
28107,SuperAPI,Winter 2023,Winter,2023.0,2023-01-01,3.4989733059548254,False,Active,,
28108,CodeParrot AI,Winter 2023,Winter,2023.0,2023-01-01,3.4989733059548254,False,Inactive,,
28110,Conduit,Winter 2023,Winter,2023.0,2023-01-01,3.4989733059548254,False,Active,,
28111,Berry,Winter 2023,Winter,2023.0,2023-01-01,3.4989733059548254,False,Active,,
28112,Persist AI,Winter 2023,Winter,2023.0,2023-01-01,3.4989733059548254,False,Active,,
28113,Interlock,Winter 2023,Winter,2023.0,2023-01-01,3.4989733059548254,False,Inactive,,
28114,rex.fit,Winter 2023,Winter,2023.0,2023-01-01,3.4989733059548254,False,Active,,
28115,Vellum,Winter 2023,Winter,2023.0,2023-01-01,3.4989733059548254,False,Active,,
28116,Wallbit,Winter 2023,Winter,2023.0,2023-01-01,3.4989733059548254,False,Active,,
28118,Vocode,Winter 2023,Winter,2023.0,2023-01-01,3.4989733059548254,False,Active,,
28119,Fabius,Winter 2023,Winter,2023.0,2023-01-01,3.4989733059548254,False,Inactive,,
28127,Benchmark,Winter 2023,Winter,2023.0,2023-01-01,3.4989733059548254,False,Active,,
28128,Edge,Winter 2023,Winter,2023.0,2023-01-01,3.4989733059548254,False,Active,,
28129,Luca,Winter 2023,Winter,2023.0,2023-01-01,3.4989733059548254,False,Inactive,,
28131,Untether Labs,Winter 2023,Winter,2023.0,2023-01-01,3.4989733059548254,False,Active,,
28141,highlight.io,Winter 2023,Winter,2023.0,2023-01-01,3.4989733059548254,False,Acquired,,
28158,Adventris Pharmaceuticals,Winter 2023,Winter,2023.0,2023-01-01,3.4989733059548254,False,Active,,
28159,Invitris,Winter 2023,Winter,2023.0,2023-01-01,3.4989733059548254,False,Active,,
28160,Finni Health,Winter 2023,Winter,2023.0,2023-01-01,3.4989733059548254,False,Active,,
28162,Verata,Winter 2023,Winter,2023.0,2023-01-01,3.4989733059548254,False,Active,,
28175,Pier,Winter 2023,Winter,2023.0,2023-01-01,3.4989733059548254,False,Active,,
28178,Vector,Winter 2023,Winter,2023.0,2023-01-01,3.4989733059548254,False,Active,,
28180,Texel.ai,Winter 2023,Winter,2023.0,2023-01-01,3.4989733059548254,False,Active,,
28183,Metal,Winter 2023,Winter,2023.0,2023-01-01,3.4989733059548254,False,Active,,
28192,Skyhook,Winter 2023,Winter,2023.0,2023-01-01,3.4989733059548254,False,Active,,
28205,Modulari-T,Winter 2023,Winter,2023.0,2023-01-01,3.4989733059548254,False,Active,,
28214,Atmeto,Winter 2023,Winter,2023.0,2023-01-01,3.4989733059548254,False,Active,,
28216,Escape,Winter 2023,Winter,2023.0,2023-01-01,3.4989733059548254,False,Active,,
28218,Kyber,Winter 2023,Winter,2023.0,2023-01-01,3.4989733059548254,False,Active,,
28221,Serial,Winter 2023,Winter,2023.0,2023-01-01,3.4989733059548254,False,Inactive,,
28301,Persana AI,Winter 2023,Winter,2023.0,2023-01-01,3.4989733059548254,False,Active,,
28303,Scout,Winter 2023,Winter,2023.0,2023-01-01,3.4989733059548254,False,Active,,
28329,Type,Winter 2023,Winter,2023.0,2023-01-01,3.4989733059548254,False,Active,,
28361,Lightski,Winter 2023,Winter,2023.0,2023-01-01,3.4989733059548254,False,Active,,
28366,Vendora,Winter 2023,Winter,2023.0,2023-01-01,3.4989733059548254,False,Active,,
28367,Adri AI,Winter 2023,Winter,2023.0,2023-01-01,3.4989733059548254,False,Active,,
28368,Second,Winter 2023,Winter,2023.0,2023-01-01,3.4989733059548254,False,Inactive,,
28369,Warp,Winter 2023,Winter,2023.0,2023-01-01,3.4989733059548254,False,Active,,
28371,Fetchr,Winter 2023,Winter,2023.0,2023-01-01,3.4989733059548254,False,Active,,
28372,Upfront,Winter 2023,Winter,2023.0,2023-01-01,3.4989733059548254,False,Inactive,,
28382,Theya,Winter 2023,Winter,2023.0,2023-01-01,3.4989733059548254,False,Active,,
28404,Cercli,Summer 2023,Summer,2023.0,2023-06-01,3.0855578370978782,False,Active,,
28409,LiteLLM,Winter 2023,Winter,2023.0,2023-01-01,3.4989733059548254,False,Active,,
28410,Finta,Winter 2023,Winter,2023.0,2023-01-01,3.4989733059548254,False,Active,,
28412,Speedy Labs,Winter 2023,Winter,2023.0,2023-01-01,3.4989733059548254,False,Active,,
28413,SpecCheck,Winter 2023,Winter,2023.0,2023-01-01,3.4989733059548254,False,Active,,
28414,Automat,Winter 2023,Winter,2023.0,2023-01-01,3.4989733059548254,False,Active,,
28415,moonrepo,Winter 2023,Winter,2023.0,2023-01-01,3.4989733059548254,False,Inactive,,
28416,Pierre,Winter 2023,Winter,2023.0,2023-01-01,3.4989733059548254,False,Active,,
28417,Yuma AI,Winter 2023,Winter,2023.0,2023-01-01,3.4989733059548254,False,Active,,
28418,Vaero,Winter 2023,Winter,2023.0,2023-01-01,3.4989733059548254,False,Active,,
28421,Metal,Winter 2023,Winter,2023.0,2023-01-01,3.4989733059548254,False,Active,,
28425,Pando Bioscience,Winter 2023,Winter,2023.0,2023-01-01,3.4989733059548254,False,Active,,
28486,Y/n,Summer 2023,Summer,2023.0,2023-06-01,3.0855578370978782,False,Active,,
28589,HockeyStack,Summer 2023,Summer,2023.0,2023-06-01,3.0855578370978782,False,Active,,
28593,HyLight,Summer 2023,Summer,2023.0,2023-06-01,3.0855578370978782,False,Active,,
28650,Artie,Summer 2023,Summer,2023.0,2023-06-01,3.0855578370978782,False,Active,,
28659,PeerDB,Summer 2023,Summer,2023.0,2023-06-01,3.0855578370978782,False,Acquired,,
28660,Tremor,Summer 2023,Summer,2023.0,2023-06-01,3.0855578370978782,False,Acquired,,
28663,kapa.ai,Summer 2023,Summer,2023.0,2023-06-01,3.0855578370978782,False,Active,,
28707,Kino AI,Summer 2023,Summer,2023.0,2023-06-01,3.0855578370978782,False,Active,,
28743,Leafpress,Summer 2023,Summer,2023.0,2023-06-01,3.0855578370978782,False,Inactive,,
28744,Reworkd,Summer 2023,Summer,2023.0,2023-06-01,3.0855578370978782,False,Active,,
28745,Nectar,Summer 2023,Summer,2023.0,2023-06-01,3.0855578370978782,False,Active,,
28759,Branch AI,Summer 2023,Summer,2023.0,2023-06-01,3.0855578370978782,False,Inactive,,
28776,Ora AI,Summer 2023,Summer,2023.0,2023-06-01,3.0855578370978782,False,Active,,
28777,Twenty,Summer 2023,Summer,2023.0,2023-06-01,3.0855578370978782,False,Active,,
28778,Xeol,Summer 2023,Summer,2023.0,2023-06-01,3.0855578370978782,False,Acquired,,
28779,Metoro,Summer 2023,Summer,2023.0,2023-06-01,3.0855578370978782,False,Active,,
28780,Clearest Health,Summer 2023,Summer,2023.0,2023-06-01,3.0855578370978782,False,Active,,
28784,Elyos AI,Summer 2023,Summer,2023.0,2023-06-01,3.0855578370978782,False,Active,,
28786,Accend,Summer 2023,Summer,2023.0,2023-06-01,3.0855578370978782,False,Active,,
28787,Deasy Labs,Summer 2023,Summer,2023.0,2023-06-01,3.0855578370978782,False,Acquired,,
28788,Hyperbound,Summer 2023,Summer,2023.0,2023-06-01,3.0855578370978782,False,Active,,
28789,Dioxus Labs,Summer 2023,Summer,2023.0,2023-06-01,3.0855578370978782,False,Acquired,,
28790,Watto AI,Summer 2023,Summer,2023.0,2023-06-01,3.0855578370978782,False,Acquired,,
28791,Linc.,Summer 2023,Summer,2023.0,2023-06-01,3.0855578370978782,False,Active,,
28792,AIVideo.com,Summer 2023,Summer,2023.0,2023-06-01,3.0855578370978782,False,Active,,
28793,Stellar Sleep,Summer 2023,Summer,2023.0,2023-06-01,3.0855578370978782,False,Active,,
28794,Ohmic Biosciences,Summer 2023,Summer,2023.0,2023-06-01,3.0855578370978782,False,Active,,
28795,Magic Loops,Summer 2023,Summer,2023.0,2023-06-01,3.0855578370978782,False,Active,,
28796,Sweetspot,Summer 2023,Summer,2023.0,2023-06-01,3.0855578370978782,False,Active,,
28799,Remy,Summer 2023,Summer,2023.0,2023-06-01,3.0855578370978782,False,Inactive,,
28802,Sohar Health,Summer 2023,Summer,2023.0,2023-06-01,3.0855578370978782,False,Active,,
28804,Bland AI,Summer 2023,Summer,2023.0,2023-06-01,3.0855578370978782,False,Active,,
28805,Diligent,Summer 2023,Summer,2023.0,2023-06-01,3.0855578370978782,False,Active,,
28807,Pointhound,Summer 2023,Summer,2023.0,2023-06-01,3.0855578370978782,False,Active,,
28808,PropRise,Summer 2023,Summer,2023.0,2023-06-01,3.0855578370978782,False,Active,,
28809,Readily,Summer 2023,Summer,2023.0,2023-06-01,3.0855578370978782,False,Active,,
28810,Zelos Cloud,Summer 2023,Summer,2023.0,2023-06-01,3.0855578370978782,False,Active,,
28811,Casca,Summer 2023,Summer,2023.0,2023-06-01,3.0855578370978782,False,Active,,
28812,Cedana,Summer 2023,Summer,2023.0,2023-06-01,3.0855578370978782,False,Active,,
28813,Lifelike,Summer 2023,Summer,2023.0,2023-06-01,3.0855578370978782,False,Inactive,,
28814,OpenTools,Summer 2023,Summer,2023.0,2023-06-01,3.0855578370978782,False,Active,,
28815,Atla,Summer 2023,Summer,2023.0,2023-06-01,3.0855578370978782,False,Inactive,,
28816,Contour,Summer 2023,Summer,2023.0,2023-06-01,3.0855578370978782,False,Active,,
28817,Every,Summer 2023,Summer,2023.0,2023-06-01,3.0855578370978782,False,Active,,
28818,Mandel AI,Summer 2023,Summer,2023.0,2023-06-01,3.0855578370978782,False,Active,,
28821,Prosper,Summer 2023,Summer,2023.0,2023-06-01,3.0855578370978782,False,Active,,
28822,Electric Air,Summer 2023,Summer,2023.0,2023-06-01,3.0855578370978782,False,Active,,
28823,Craftwork,Summer 2023,Summer,2023.0,2023-06-01,3.0855578370978782,False,Active,,
28824,Lio (formerly askLio),Summer 2023,Summer,2023.0,2023-06-01,3.0855578370978782,False,Active,,
28825,Solve Intelligence,Summer 2023,Summer,2023.0,2023-06-01,3.0855578370978782,False,Active,,
28826,Talc,Summer 2023,Summer,2023.0,2023-06-01,3.0855578370978782,False,Active,,
28827,Airgoods,Summer 2023,Summer,2023.0,2023-06-01,3.0855578370978782,False,Active,,
28829,DataShare,Summer 2023,Summer,2023.0,2023-06-01,3.0855578370978782,False,Active,,
28830,Revamp,Summer 2023,Summer,2023.0,2023-06-01,3.0855578370978782,False,Active,,
28835,Synch,Summer 2023,Summer,2023.0,2023-06-01,3.0855578370978782,False,Inactive,,
28836,CORE,Summer 2023,Summer,2023.0,2023-06-01,3.0855578370978782,False,Active,,
28837,Subsets,Summer 2023,Summer,2023.0,2023-06-01,3.0855578370978782,False,Active,,
28838,GreenTally,Summer 2023,Summer,2023.0,2023-06-01,3.0855578370978782,False,Inactive,,
28839,Spine AI,Summer 2023,Summer,2023.0,2023-06-01,3.0855578370978782,False,Active,,
28841,Baud,Summer 2026,Summer,2026.0,2026-06-01,0.08487337440109514,False,Active,,
28842,Capi Money,Summer 2023,Summer,2023.0,2023-06-01,3.0855578370978782,False,Active,,
28843,SID,Summer 2023,Summer,2023.0,2023-06-01,3.0855578370978782,False,Active,,
28844,Alguna,Summer 2023,Summer,2023.0,2023-06-01,3.0855578370978782,False,Active,,
28845,Campfire,Summer 2023,Summer,2023.0,2023-06-01,3.0855578370978782,False,Active,,
28846,Parea,Summer 2023,Summer,2023.0,2023-06-01,3.0855578370978782,False,Active,,
28847,Venta AI,Summer 2023,Summer,2023.0,2023-06-01,3.0855578370978782,False,Active,,
28849,Punchcard,Summer 2023,Summer,2023.0,2023-06-01,3.0855578370978782,False,Active,,
28851,Bronco AI,Summer 2023,Summer,2023.0,2023-06-01,3.0855578370978782,False,Active,,
28852,Kite,Summer 2023,Summer,2023.0,2023-06-01,3.0855578370978782,False,Active,,
28853,Obento Health,Summer 2023,Summer,2023.0,2023-06-01,3.0855578370978782,False,Active,,
28854,Docsum,Summer 2023,Summer,2023.0,2023-06-01,3.0855578370978782,False,Active,,
28857,Arcimus,Summer 2023,Summer,2023.0,2023-06-01,3.0855578370978782,False,Active,,
28858,CraftOS,Summer 2023,Summer,2023.0,2023-06-01,3.0855578370978782,False,Inactive,,
28859,MICSI,Summer 2023,Summer,2023.0,2023-06-01,3.0855578370978782,False,Active,,
28860,Terminal,Summer 2023,Summer,2023.0,2023-06-01,3.0855578370978782,False,Active,,
28862,Corgea,Summer 2023,Summer,2023.0,2023-06-01,3.0855578370978782,False,Active,,
28863,Serra,Summer 2023,Summer,2023.0,2023-06-01,3.0855578370978782,False,Active,,
28864,Outset,Summer 2023,Summer,2023.0,2023-06-01,3.0855578370978782,False,Active,,
28865,Hegel AI,Summer 2023,Summer,2023.0,2023-06-01,3.0855578370978782,False,Active,,
28867,Shasta Health,Summer 2023,Summer,2023.0,2023-06-01,3.0855578370978782,False,Active,,
28868,Briefer,Summer 2023,Summer,2023.0,2023-06-01,3.0855578370978782,False,Inactive,,
28869,Health Harbor,Summer 2023,Summer,2023.0,2023-06-01,3.0855578370978782,False,Active,,
28879,Menza,Winter 2026,Winter,2026.0,2026-01-01,0.49828884325804246,False,Active,,
28880,FleetWorks,Summer 2023,Summer,2023.0,2023-06-01,3.0855578370978782,False,Active,,
28881,Chow Central Inc,Summer 2023,Summer,2023.0,2023-06-01,3.0855578370978782,False,Active,,
28882,Repaint,Summer 2023,Summer,2023.0,2023-06-01,3.0855578370978782,False,Active,,
28883,Margin,Summer 2023,Summer,2023.0,2023-06-01,3.0855578370978782,False,Active,,
28884,Dialtone,Summer 2023,Summer,2023.0,2023-06-01,3.0855578370978782,False,Active,,
28885,Hiro,Summer 2023,Summer,2023.0,2023-06-01,3.0855578370978782,False,Active,,
28886,Cardinal Gray,Summer 2023,Summer,2023.0,2023-06-01,3.0855578370978782,False,Active,,
28887,Skyvern,Summer 2023,Summer,2023.0,2023-06-01,3.0855578370978782,False,Active,,
28890,Decoda Health,Summer 2023,Summer,2023.0,2023-06-01,3.0855578370978782,False,Active,,
28891,Numen,Summer 2023,Summer,2023.0,2023-06-01,3.0855578370978782,False,Active,,
28893,VetRec,Summer 2023,Summer,2023.0,2023-06-01,3.0855578370978782,False,Active,,
28894,Lysto,Summer 2023,Summer,2023.0,2023-06-01,3.0855578370978782,False,Inactive,,
28896,GovernGPT,Winter 2024,Winter,2024.0,2024-01-01,2.4996577686516086,False,Active,,
28899,Maintouch,Summer 2023,Summer,2023.0,2023-06-01,3.0855578370978782,False,Active,,
28900,Epsilla,Summer 2023,Summer,2023.0,2023-06-01,3.0855578370978782,False,Active,,
28902,Sidenote,Summer 2023,Summer,2023.0,2023-06-01,3.0855578370978782,False,Inactive,,
28907,refine,Summer 2023,Summer,2023.0,2023-06-01,3.0855578370978782,False,Active,,
28911,CandorIQ,Summer 2023,Summer,2023.0,2023-06-01,3.0855578370978782,False,Active,,
28920,Unhaze,Summer 2023,Summer,2023.0,2023-06-01,3.0855578370978782,False,Inactive,,
28921,Surface Labs,Summer 2023,Summer,2023.0,2023-06-01,3.0855578370978782,False,Active,,
28922,Egress Health,Winter 2025,Winter,2025.0,2025-01-01,1.4976043805612593,False,Acquired,,
28923,Maven Bio,Summer 2023,Summer,2023.0,2023-06-01,3.0855578370978782,False,Active,,
28926,Upstream,Summer 2023,Summer,2023.0,2023-06-01,3.0855578370978782,False,Active,,
28927,Metalware,Summer 2023,Summer,2023.0,2023-06-01,3.0855578370978782,False,Active,,
28928,MediSearch,Summer 2023,Summer,2023.0,2023-06-01,3.0855578370978782,False,Active,,
28929,Bretton AI,Summer 2023,Summer,2023.0,2023-06-01,3.0855578370978782,False,Active,,
28930,Midrender,Summer 2023,Summer,2023.0,2023-06-01,3.0855578370978782,False,Active,,
28931,Vizly,Summer 2023,Summer,2023.0,2023-06-01,3.0855578370978782,False,Inactive,,
28932,AgentCollect,Summer 2023,Summer,2023.0,2023-06-01,3.0855578370978782,False,Active,,
28933,Aglide,Summer 2023,Summer,2023.0,2023-06-01,3.0855578370978782,False,Active,,
28935,Fortuna Health,Summer 2023,Summer,2023.0,2023-06-01,3.0855578370978782,False,Active,,
28936,Empirical Health,Summer 2023,Summer,2023.0,2023-06-01,3.0855578370978782,False,Active,,
28937,LifestyleRx,Summer 2023,Summer,2023.0,2023-06-01,3.0855578370978782,False,Active,,
28938,Glade,Summer 2023,Summer,2023.0,2023-06-01,3.0855578370978782,False,Active,,
28939,CareOasis,Summer 2023,Summer,2023.0,2023-06-01,3.0855578370978782,False,Active,,
28940,Guac,Summer 2023,Summer,2023.0,2023-06-01,3.0855578370978782,False,Active,,
28956,Letter AI,Summer 2023,Summer,2023.0,2023-06-01,3.0855578370978782,False,Active,,
28957,Continue,Summer 2023,Summer,2023.0,2023-06-01,3.0855578370978782,False,Acquired,,
28958,Rimward,Summer 2023,Summer,2023.0,2023-06-01,3.0855578370978782,False,Active,,
28959,sizeless,Summer 2023,Summer,2023.0,2023-06-01,3.0855578370978782,False,Active,,
28960,Apoxy,Summer 2023,Summer,2023.0,2023-06-01,3.0855578370978782,False,Active,,
28965,Yenmo,Winter 2024,Winter,2024.0,2024-01-01,2.4996577686516086,False,Active,,
28966,Pincites,Summer 2023,Summer,2023.0,2023-06-01,3.0855578370978782,False,Acquired,,
28967,MantleBio,Summer 2023,Summer,2023.0,2023-06-01,3.0855578370978782,False,Inactive,,
28968,Trainy,Summer 2023,Summer,2023.0,2023-06-01,3.0855578370978782,False,Active,,
28969,Studdy,Summer 2023,Summer,2023.0,2023-06-01,3.0855578370978782,False,Active,,
28971,Kobalt Labs,Summer 2023,Summer,2023.0,2023-06-01,3.0855578370978782,False,Active,,
28974,Gleam,Summer 2023,Summer,2023.0,2023-06-01,3.0855578370978782,False,Active,,
28976,Bolto,Summer 2023,Summer,2023.0,2023-06-01,3.0855578370978782,False,Active,,
28977,VaultPay,Summer 2023,Summer,2023.0,2023-06-01,3.0855578370978782,False,Active,,
28978,Khoj,Summer 2023,Summer,2023.0,2023-06-01,3.0855578370978782,False,Active,,
28979,Slicker,Summer 2023,Summer,2023.0,2023-06-01,3.0855578370978782,False,Active,,
28980,Osium AI,Summer 2023,Summer,2023.0,2023-06-01,3.0855578370978782,False,Active,,
28981,CambioML,Summer 2023,Summer,2023.0,2023-06-01,3.0855578370978782,False,Active,,
28982,Flint,Summer 2023,Summer,2023.0,2023-06-01,3.0855578370978782,False,Active,,
28983,Converge,Summer 2023,Summer,2023.0,2023-06-01,3.0855578370978782,False,Active,,
28991,Inlet,Summer 2023,Summer,2023.0,2023-06-01,3.0855578370978782,False,Active,,
28992,Rankai,Summer 2023,Summer,2023.0,2023-06-01,3.0855578370978782,False,Active,,
28994,Vango AI,Summer 2023,Summer,2023.0,2023-06-01,3.0855578370978782,False,Inactive,,
28996,Sola,Summer 2023,Summer,2023.0,2023-06-01,3.0855578370978782,False,Active,,
28997,Read Bean,Summer 2023,Summer,2023.0,2023-06-01,3.0855578370978782,False,Active,,
28998,Automorphic,Summer 2023,Summer,2023.0,2023-06-01,3.0855578370978782,False,Active,,
28999,Baserun,Summer 2023,Summer,2023.0,2023-06-01,3.0855578370978782,False,Active,,
29000,SafetyKit,Summer 2023,Summer,2023.0,2023-06-01,3.0855578370978782,False,Active,,
29001,VectorShift,Summer 2023,Summer,2023.0,2023-06-01,3.0855578370978782,False,Active,,
29002,Envelope,Summer 2023,Summer,2023.0,2023-06-01,3.0855578370978782,False,Active,,
29003,DisputeNinja,Summer 2023,Summer,2023.0,2023-06-01,3.0855578370978782,False,Active,,
29004,Chatter,Summer 2023,Summer,2023.0,2023-06-01,3.0855578370978782,False,Acquired,,
29005,Roundtable,Summer 2023,Summer,2023.0,2023-06-01,3.0855578370978782,False,Active,,
29006,Inari,Summer 2023,Summer,2023.0,2023-06-01,3.0855578370978782,False,Acquired,,
29008,Andromeda Surgical,Summer 2023,Summer,2023.0,2023-06-01,3.0855578370978782,False,Active,,
29010,Silimate,Summer 2023,Summer,2023.0,2023-06-01,3.0855578370978782,False,Active,,
29013,Sweep,Summer 2023,Summer,2023.0,2023-06-01,3.0855578370978782,False,Active,,
29018,sudocode,Summer 2023,Summer,2023.0,2023-06-01,3.0855578370978782,False,Active,,
29019,Sendblue,Summer 2023,Summer,2023.0,2023-06-01,3.0855578370978782,False,Active,,
29021,Fragment,Summer 2023,Summer,2023.0,2023-06-01,3.0855578370978782,False,Acquired,,
29026,SyntheticFi,Summer 2023,Summer,2023.0,2023-06-01,3.0855578370978782,False,Active,,
29040,Inventive AI,Summer 2023,Summer,2023.0,2023-06-01,3.0855578370978782,False,Active,,
29041,Langdock,Summer 2023,Summer,2023.0,2023-06-01,3.0855578370978782,False,Active,,
29042,Santé,Summer 2023,Summer,2023.0,2023-06-01,3.0855578370978782,False,Active,,
29045,Movley,Summer 2023,Summer,2023.0,2023-06-01,3.0855578370978782,False,Inactive,,
29046,Elythea,Summer 2023,Summer,2023.0,2023-06-01,3.0855578370978782,False,Active,,
29051,Nanograb,Summer 2023,Summer,2023.0,2023-06-01,3.0855578370978782,False,Active,,
29053,Pure,Summer 2023,Summer,2023.0,2023-06-01,3.0855578370978782,False,Active,,
29069,HappyRobot,Summer 2023,Summer,2023.0,2023-06-01,3.0855578370978782,False,Active,,
29071,Cedalio,Summer 2023,Summer,2023.0,2023-06-01,3.0855578370978782,False,Active,,
29072,Certainly Health,Summer 2023,Summer,2023.0,2023-06-01,3.0855578370978782,False,Active,,
29073,Terracotta AI,Summer 2023,Summer,2023.0,2023-06-01,3.0855578370978782,False,Active,,
29074,Fiber AI,Summer 2023,Summer,2023.0,2023-06-01,3.0855578370978782,False,Active,,
29078,RecipeUI,Summer 2023,Summer,2023.0,2023-06-01,3.0855578370978782,False,Active,,
29079,Tiptap,Summer 2023,Summer,2023.0,2023-06-01,3.0855578370978782,False,Active,,
29080,Smobi,Summer 2023,Summer,2023.0,2023-06-01,3.0855578370978782,False,Active,,
29081,Minded,Summer 2023,Summer,2023.0,2023-06-01,3.0855578370978782,False,Active,,
29082,Strada,Summer 2023,Summer,2023.0,2023-06-01,3.0855578370978782,False,Active,,
29085,Quill Bills,Summer 2023,Summer,2023.0,2023-06-01,3.0855578370978782,False,Active,,
29086,Eden Care,Summer 2023,Summer,2023.0,2023-06-01,3.0855578370978782,False,Active,,
29087,ParadeDB,Summer 2023,Summer,2023.0,2023-06-01,3.0855578370978782,False,Active,,
29088,Cair Health,Summer 2023,Summer,2023.0,2023-06-01,3.0855578370978782,False,Active,,
29089,Line.Build,Summer 2023,Summer,2023.0,2023-06-01,3.0855578370978782,False,Inactive,,
29090,Trayd,Summer 2023,Summer,2023.0,2023-06-01,3.0855578370978782,False,Active,,
29091,Webhound,Summer 2023,Summer,2023.0,2023-06-01,3.0855578370978782,False,Active,,
29092,dili,Summer 2023,Summer,2023.0,2023-06-01,3.0855578370978782,False,Active,,
29093,Roame,Summer 2023,Summer,2023.0,2023-06-01,3.0855578370978782,False,Active,,
29100,CheqUPI,Summer 2023,Summer,2023.0,2023-06-01,3.0855578370978782,False,Acquired,,
29101,Cargo,Summer 2023,Summer,2023.0,2023-06-01,3.0855578370978782,False,Active,,
29102,Kips Health,Summer 2023,Summer,2023.0,2023-06-01,3.0855578370978782,False,Inactive,,
29103,Inconvo,Summer 2023,Summer,2023.0,2023-06-01,3.0855578370978782,False,Active,,
29104,Shadeform,Summer 2023,Summer,2023.0,2023-06-01,3.0855578370978782,False,Active,,
29105,FlowiseAI,Summer 2023,Summer,2023.0,2023-06-01,3.0855578370978782,False,Acquired,,
29106,Affinity,Summer 2023,Summer,2023.0,2023-06-01,3.0855578370978782,False,Active,,
29107,Saatvy,Summer 2023,Summer,2023.0,2023-06-01,3.0855578370978782,False,Inactive,,
29108,Giga,Summer 2023,Summer,2023.0,2023-06-01,3.0855578370978782,False,Active,,
29110,AiSDR,Summer 2023,Summer,2023.0,2023-06-01,3.0855578370978782,False,Active,,
29112,Foundation,Summer 2023,Summer,2023.0,2023-06-01,3.0855578370978782,False,Active,,
29113,Simbie AI,Summer 2023,Summer,2023.0,2023-06-01,3.0855578370978782,False,Active,,
29115,Mocha,Summer 2023,Summer,2023.0,2023-06-01,3.0855578370978782,False,Acquired,,
29117,Twine,Summer 2023,Summer,2023.0,2023-06-01,3.0855578370978782,False,Active,,
29118,Structured Labs,Summer 2023,Summer,2023.0,2023-06-01,3.0855578370978782,False,Active,,
29119,Nowadays,Summer 2023,Summer,2023.0,2023-06-01,3.0855578370978782,False,Active,,
29120,Morph,Summer 2023,Summer,2023.0,2023-06-01,3.0855578370978782,False,Active,,
29121,Constructable,Summer 2023,Summer,2023.0,2023-06-01,3.0855578370978782,False,Active,,
29122,Wattson Health,Summer 2023,Summer,2023.0,2023-06-01,3.0855578370978782,False,Active,,
29123,Glide,Summer 2023,Summer,2023.0,2023-06-01,3.0855578370978782,False,Active,,
29124,Onward,Summer 2023,Summer,2023.0,2023-06-01,3.0855578370978782,False,Inactive,,
29125,truemetrics,Summer 2023,Summer,2023.0,2023-06-01,3.0855578370978782,False,Active,,
29128,Olio Labs,Summer 2023,Summer,2023.0,2023-06-01,3.0855578370978782,False,Active,,
29134,Cognitio Labs,Summer 2023,Summer,2023.0,2023-06-01,3.0855578370978782,False,Active,,
29136,Autotab,Summer 2023,Summer,2023.0,2023-06-01,3.0855578370978782,False,Acquired,,
29137,Opensteer,Summer 2023,Summer,2023.0,2023-06-01,3.0855578370978782,False,Active,,
29150,Tempo,Summer 2023,Summer,2023.0,2023-06-01,3.0855578370978782,False,Active,,
29152,Cembla,Summer 2023,Summer,2023.0,2023-06-01,3.0855578370978782,False,Active,,
29153,Coba,Summer 2023,Summer,2023.0,2023-06-01,3.0855578370978782,False,Active,,
29154,Catamaran,Summer 2023,Summer,2023.0,2023-06-01,3.0855578370978782,False,Acquired,,
29155,jo,Spring 2026,Spring,2026.0,2026-04-01,0.2518822724161533,False,Active,,
29156,CodeStory,Summer 2023,Summer,2023.0,2023-06-01,3.0855578370978782,False,Inactive,,
29157,Orbio Earth,Summer 2023,Summer,2023.0,2023-06-01,3.0855578370978782,False,Active,,
29158,Feanix Biotechnologies,Summer 2023,Summer,2023.0,2023-06-01,3.0855578370978782,False,Active,,
29159,Healthtech 1,Summer 2023,Summer,2023.0,2023-06-01,3.0855578370978782,False,Active,,
29160,Letterbook,Summer 2023,Summer,2023.0,2023-06-01,3.0855578370978782,False,Active,,
29161,Goldbridge,Fall 2025,Fall,2025.0,2025-09-01,0.8323066392881588,False,Active,,
29162,Flex,Summer 2023,Summer,2023.0,2023-06-01,3.0855578370978782,False,Active,,
29177,Onyx,Winter 2024,Winter,2024.0,2024-01-01,2.4996577686516086,False,Active,,
29178,Lantern,Winter 2024,Winter,2024.0,2024-01-01,2.4996577686516086,False,Inactive,,
29179,Driver,Winter 2024,Winter,2024.0,2024-01-01,2.4996577686516086,False,Active,,
29180,Gumloop,Winter 2024,Winter,2024.0,2024-01-01,2.4996577686516086,False,Active,,
29181,Event Horizon Labs,Winter 2024,Winter,2024.0,2024-01-01,2.4996577686516086,False,Active,,
29182,Upsolve AI,Winter 2024,Winter,2024.0,2024-01-01,2.4996577686516086,False,Active,,
29183,Navier AI,Winter 2024,Winter,2024.0,2024-01-01,2.4996577686516086,False,Active,,
29184,DryMerge,Winter 2024,Winter,2024.0,2024-01-01,2.4996577686516086,False,Active,,
29185,Relari,Winter 2024,Winter,2024.0,2024-01-01,2.4996577686516086,False,Active,,
29186,Tesseral,Winter 2024,Winter,2024.0,2024-01-01,2.4996577686516086,False,Inactive,,
29187,OpenPipe,Summer 2023,Summer,2023.0,2023-06-01,3.0855578370978782,False,Acquired,,
29189,RadMate AI,Winter 2024,Winter,2024.0,2024-01-01,2.4996577686516086,False,Inactive,,
29196,Scritch,Winter 2024,Winter,2024.0,2024-01-01,2.4996577686516086,False,Active,,
29201,Legora,Winter 2024,Winter,2024.0,2024-01-01,2.4996577686516086,False,Active,,
29205,ego,Winter 2024,Winter,2024.0,2024-01-01,2.4996577686516086,False,Active,,
29206,Stitch Technologies,Winter 2024,Winter,2024.0,2024-01-01,2.4996577686516086,False,Inactive,,
29207,Cora,Winter 2024,Winter,2024.0,2024-01-01,2.4996577686516086,False,Active,,
29226,Greptile,Winter 2024,Winter,2024.0,2024-01-01,2.4996577686516086,False,Active,,
29231,Ubicloud,Winter 2024,Winter,2024.0,2024-01-01,2.4996577686516086,False,Active,,
29233,Happenstance,Winter 2024,Winter,2024.0,2024-01-01,2.4996577686516086,False,Active,,
29238,Duckie,Winter 2024,Winter,2024.0,2024-01-01,2.4996577686516086,False,Active,,
29239,ion design,Winter 2024,Winter,2024.0,2024-01-01,2.4996577686516086,False,Active,,
29241,Tekton Dynamics,Winter 2024,Winter,2024.0,2024-01-01,2.4996577686516086,False,Active,,
29244,Sonia,Winter 2024,Winter,2024.0,2024-01-01,2.4996577686516086,False,Active,,
29245,Kabilah,Winter 2024,Winter,2024.0,2024-01-01,2.4996577686516086,False,Active,,
29246,Tracecat,Winter 2024,Winter,2024.0,2024-01-01,2.4996577686516086,False,Active,,
29247,Precip,Winter 2024,Winter,2024.0,2024-01-01,2.4996577686516086,False,Active,,
29249,Nuanced,Winter 2024,Winter,2024.0,2024-01-01,2.4996577686516086,False,Active,,
29251,Poka Labs,Summer 2024,Summer,2024.0,2024-06-01,2.083504449007529,False,Active,,
29252,Maia,Winter 2024,Winter,2024.0,2024-01-01,2.4996577686516086,False,Active,,
29253,Andon Labs,Winter 2024,Winter,2024.0,2024-01-01,2.4996577686516086,False,Active,,
29254,Reducto,Winter 2024,Winter,2024.0,2024-01-01,2.4996577686516086,False,Active,,
29256,Momentic,Winter 2024,Winter,2024.0,2024-01-01,2.4996577686516086,False,Active,,
29257,Tuesday Labs,Winter 2024,Winter,2024.0,2024-01-01,2.4996577686516086,False,Active,,
29258,Saga AI,Winter 2024,Winter,2024.0,2024-01-01,2.4996577686516086,False,Active,,
29259,Newton,Winter 2024,Winter,2024.0,2024-01-01,2.4996577686516086,False,Active,,
29260,Quary,Winter 2024,Winter,2024.0,2024-01-01,2.4996577686516086,False,Inactive,,
29261,malibou,Winter 2024,Winter,2024.0,2024-01-01,2.4996577686516086,False,Active,,
29263,Alex,Winter 2024,Winter,2024.0,2024-01-01,2.4996577686516086,False,Active,,
29265,Pretzel AI,Winter 2024,Winter,2024.0,2024-01-01,2.4996577686516086,False,Active,,
29266,nCompass Technologies,Winter 2024,Winter,2024.0,2024-01-01,2.4996577686516086,False,Active,,
29267,"Argon AI, Inc.",Winter 2024,Winter,2024.0,2024-01-01,2.4996577686516086,False,Active,,
29268,Mango Health,Winter 2024,Winter,2024.0,2024-01-01,2.4996577686516086,False,Inactive,,
29269,Garage,Winter 2024,Winter,2024.0,2024-01-01,2.4996577686516086,False,Active,,
29270,Keystroke,Winter 2024,Winter,2024.0,2024-01-01,2.4996577686516086,False,Active,,
29271,DGI Apparel,Winter 2024,Winter,2024.0,2024-01-01,2.4996577686516086,False,Inactive,,
29272,Aidy,Winter 2024,Winter,2024.0,2024-01-01,2.4996577686516086,False,Active,,
29273,Pivot Robotics,Winter 2024,Winter,2024.0,2024-01-01,2.4996577686516086,False,Active,,
29274,Fractal Labs,Winter 2024,Winter,2024.0,2024-01-01,2.4996577686516086,False,Active,,
29275,Agentic Labs,Winter 2024,Winter,2024.0,2024-01-01,2.4996577686516086,False,Active,,
29276,Carousel Technologies,Winter 2024,Winter,2024.0,2024-01-01,2.4996577686516086,False,Active,,
29277,Basalt,Winter 2024,Winter,2024.0,2024-01-01,2.4996577686516086,False,Active,,
29278,Leaping,Winter 2024,Winter,2024.0,2024-01-01,2.4996577686516086,False,Active,,
29281,MathDash,Winter 2024,Winter,2024.0,2024-01-01,2.4996577686516086,False,Active,,
29283,Wavelength,Winter 2024,Winter,2024.0,2024-01-01,2.4996577686516086,False,Active,,
29284,AveryIQ,Winter 2024,Winter,2024.0,2024-01-01,2.4996577686516086,False,Active,,
29285,Patchwork,Winter 2024,Winter,2024.0,2024-01-01,2.4996577686516086,False,Inactive,,
29286,PointOne,Winter 2024,Winter,2024.0,2024-01-01,2.4996577686516086,False,Active,,
29287,Paradigm,Winter 2024,Winter,2024.0,2024-01-01,2.4996577686516086,False,Active,,
29288,Arini,Winter 2024,Winter,2024.0,2024-01-01,2.4996577686516086,False,Active,,
29290,FurtherAI,Winter 2024,Winter,2024.0,2024-01-01,2.4996577686516086,False,Active,,
29291,ROE,Winter 2024,Winter,2024.0,2024-01-01,2.4996577686516086,False,Active,,
29293,SuretyNow,Winter 2024,Winter,2024.0,2024-01-01,2.4996577686516086,False,Active,,
29294,Octolane AI,Winter 2024,Winter,2024.0,2024-01-01,2.4996577686516086,False,Active,,
29295,Artisan,Winter 2024,Winter,2024.0,2024-01-01,2.4996577686516086,False,Active,,
29296,Simplex,Summer 2024,Summer,2024.0,2024-06-01,2.083504449007529,False,Active,,
29297,Eggnog,Winter 2024,Winter,2024.0,2024-01-01,2.4996577686516086,False,Active,,
29298,Greenboard,Winter 2024,Winter,2024.0,2024-01-01,2.4996577686516086,False,Active,,
29299,Ecliptor,Winter 2024,Winter,2024.0,2024-01-01,2.4996577686516086,False,Active,,
29300,Trellis AI,Winter 2024,Winter,2024.0,2024-01-01,2.4996577686516086,False,Active,,
29301,Topo,Winter 2024,Winter,2024.0,2024-01-01,2.4996577686516086,False,Active,,
29302,Verse Therapy,Winter 2024,Winter,2024.0,2024-01-01,2.4996577686516086,False,Acquired,,
29303,Panelytic,Winter 2024,Winter,2024.0,2024-01-01,2.4996577686516086,False,Active,,
29304,Yoneda Labs,Winter 2024,Winter,2024.0,2024-01-01,2.4996577686516086,False,Active,,
29305,SynsoryBio,Winter 2024,Winter,2024.0,2024-01-01,2.4996577686516086,False,Active,,
29306,Copper Health,Winter 2024,Winter,2024.0,2024-01-01,2.4996577686516086,False,Active,,
29307,Blume Benefits,Winter 2024,Winter,2024.0,2024-01-01,2.4996577686516086,False,Inactive,,
29308,atopile,Winter 2024,Winter,2024.0,2024-01-01,2.4996577686516086,False,Active,,
29309,PartnerHQ,Winter 2024,Winter,2024.0,2024-01-01,2.4996577686516086,False,Active,,
29310,Tusk,Winter 2024,Winter,2024.0,2024-01-01,2.4996577686516086,False,Active,,
29311,Engines,Winter 2024,Winter,2024.0,2024-01-01,2.4996577686516086,False,Inactive,,
29312,OneGrep,Winter 2024,Winter,2024.0,2024-01-01,2.4996577686516086,False,Active,,
29313,Selera Medical,Winter 2024,Winter,2024.0,2024-01-01,2.4996577686516086,False,Inactive,,
29314,Lucite,Winter 2024,Winter,2024.0,2024-01-01,2.4996577686516086,False,Active,,
29315,Attunement,Winter 2024,Winter,2024.0,2024-01-01,2.4996577686516086,False,Active,,
29317,CloudCruise,Winter 2024,Winter,2024.0,2024-01-01,2.4996577686516086,False,Active,,
29318,StarJar,Winter 2024,Winter,2024.0,2024-01-01,2.4996577686516086,False,Acquired,,
29319,Meticulate,Winter 2024,Winter,2024.0,2024-01-01,2.4996577686516086,False,Active,,
29320,Celest,Winter 2024,Winter,2024.0,2024-01-01,2.4996577686516086,False,Inactive,,
29322,Glimmer,Winter 2024,Winter,2024.0,2024-01-01,2.4996577686516086,False,Inactive,,
29323,Zaymo,Winter 2024,Winter,2024.0,2024-01-01,2.4996577686516086,False,Active,,
29324,PromptArmor,Winter 2024,Winter,2024.0,2024-01-01,2.4996577686516086,False,Active,,
29325,Respan,Winter 2024,Winter,2024.0,2024-01-01,2.4996577686516086,False,Active,,
29326,OmniAI,Winter 2024,Winter,2024.0,2024-01-01,2.4996577686516086,False,Active,,
29327,Central,Summer 2024,Summer,2024.0,2024-06-01,2.083504449007529,False,Acquired,,
29328,Guide Labs,Winter 2024,Winter,2024.0,2024-01-01,2.4996577686516086,False,Active,,
29330,Speck,Winter 2024,Winter,2024.0,2024-01-01,2.4996577686516086,False,Acquired,,
29332,Polished,Winter 2024,Winter,2024.0,2024-01-01,2.4996577686516086,False,Active,,
29333,LemonSlice,Winter 2024,Winter,2024.0,2024-01-01,2.4996577686516086,False,Active,,
29334,Decipher AI,Winter 2024,Winter,2024.0,2024-01-01,2.4996577686516086,False,Active,,
29335,Toolify,Winter 2024,Winter,2024.0,2024-01-01,2.4996577686516086,False,Inactive,,
29336,Scout,Winter 2024,Winter,2024.0,2024-01-01,2.4996577686516086,False,Active,,
29338,Consul,Winter 2024,Winter,2024.0,2024-01-01,2.4996577686516086,False,Active,,
29339,Clarion,Winter 2024,Winter,2024.0,2024-01-01,2.4996577686516086,False,Active,,
29340,Tamarind Bio,Winter 2024,Winter,2024.0,2024-01-01,2.4996577686516086,False,Active,,
29341,14.ai,Winter 2024,Winter,2024.0,2024-01-01,2.4996577686516086,False,Active,,
29342,InQuery,Winter 2024,Winter,2024.0,2024-01-01,2.4996577686516086,False,Active,,
29343,Infinity,Winter 2024,Winter,2024.0,2024-01-01,2.4996577686516086,False,Active,,
29345,PandasAI,Winter 2024,Winter,2024.0,2024-01-01,2.4996577686516086,False,Active,,
29346,sync.,Winter 2024,Winter,2024.0,2024-01-01,2.4996577686516086,False,Active,,
29347,Vibrant Labs,Winter 2024,Winter,2024.0,2024-01-01,2.4996577686516086,False,Active,,
29348,Parallel,Winter 2024,Winter,2024.0,2024-01-01,2.4996577686516086,False,Active,,
29349,Fuse,Summer 2024,Summer,2024.0,2024-06-01,2.083504449007529,False,Active,,
29350,Aether,Winter 2024,Winter,2024.0,2024-01-01,2.4996577686516086,False,Active,,
29352,Firebender,Winter 2024,Winter,2024.0,2024-01-01,2.4996577686516086,False,Active,,
29353,Resonance,Winter 2024,Winter,2024.0,2024-01-01,2.4996577686516086,False,Acquired,,
29354,crmCopilot,Winter 2024,Winter,2024.0,2024-01-01,2.4996577686516086,False,Inactive,,
29355,NanoCorp,Winter 2024,Winter,2024.0,2024-01-01,2.4996577686516086,False,Active,,
29356,Centralize,Winter 2024,Winter,2024.0,2024-01-01,2.4996577686516086,False,Active,,
29357,Salvy,Winter 2024,Winter,2024.0,2024-01-01,2.4996577686516086,False,Active,,
29358,Aedilic,Winter 2024,Winter,2024.0,2024-01-01,2.4996577686516086,False,Inactive,,
29360,Open,Winter 2024,Winter,2024.0,2024-01-01,2.4996577686516086,False,Active,,
29361,Wuri,Winter 2024,Winter,2024.0,2024-01-01,2.4996577686516086,False,Inactive,,
29362,Pazi,Winter 2024,Winter,2024.0,2024-01-01,2.4996577686516086,False,Active,,
29363,Solari AI,Winter 2024,Winter,2024.0,2024-01-01,2.4996577686516086,False,Active,,
29364,Dime,Winter 2024,Winter,2024.0,2024-01-01,2.4996577686516086,False,Active,,
29365,Ellipsis,Winter 2024,Winter,2024.0,2024-01-01,2.4996577686516086,False,Active,,
29366,Metofico,Winter 2024,Winter,2024.0,2024-01-01,2.4996577686516086,False,Active,,
29367,Draftaid,Winter 2024,Winter,2024.0,2024-01-01,2.4996577686516086,False,Active,,
29368,CodeAnt AI,Winter 2024,Winter,2024.0,2024-01-01,2.4996577686516086,False,Active,,
29369,Astro Mechanica,Winter 2024,Winter,2024.0,2024-01-01,2.4996577686516086,False,Active,,
29370,Browser Buddy,Winter 2024,Winter,2024.0,2024-01-01,2.4996577686516086,False,Acquired,,
29372,SevnAI,Winter 2024,Winter,2024.0,2024-01-01,2.4996577686516086,False,Active,,
29373,Bilanc,Winter 2024,Winter,2024.0,2024-01-01,2.4996577686516086,False,Active,,
29374,Superagent,Winter 2024,Winter,2024.0,2024-01-01,2.4996577686516086,False,Active,,
29375,Preloop,Winter 2024,Winter,2024.0,2024-01-01,2.4996577686516086,False,Active,,
29376,Carma,Winter 2024,Winter,2024.0,2024-01-01,2.4996577686516086,False,Active,,
29377,Toma,Winter 2024,Winter,2024.0,2024-01-01,2.4996577686516086,False,Active,,
29378,Whip,Winter 2024,Winter,2024.0,2024-01-01,2.4996577686516086,False,Active,,
29379,Trieve,Winter 2024,Winter,2024.0,2024-01-01,2.4996577686516086,False,Acquired,,
29380,Conduit,Winter 2024,Winter,2024.0,2024-01-01,2.4996577686516086,False,Active,,
29381,Elodin,Winter 2024,Winter,2024.0,2024-01-01,2.4996577686516086,False,Active,,
29382,Soundry AI,Winter 2024,Winter,2024.0,2024-01-01,2.4996577686516086,False,Active,,
29383,Aftercare,Winter 2024,Winter,2024.0,2024-01-01,2.4996577686516086,False,Active,,
29384,Shiboleth,Winter 2024,Winter,2024.0,2024-01-01,2.4996577686516086,False,Active,,
29385,Hazel,Winter 2024,Winter,2024.0,2024-01-01,2.4996577686516086,False,Active,,
29386,Andy AI,Winter 2024,Winter,2024.0,2024-01-01,2.4996577686516086,False,Active,,
29387,Overeasy,Summer 2024,Summer,2024.0,2024-06-01,2.083504449007529,False,Active,,
29390,OffDeal,Winter 2024,Winter,2024.0,2024-01-01,2.4996577686516086,False,Active,,
29391,Abel,Winter 2024,Winter,2024.0,2024-01-01,2.4996577686516086,False,Inactive,,
29393,Voicepanel,Winter 2024,Winter,2024.0,2024-01-01,2.4996577686516086,False,Active,,
29394,Opencall,Winter 2024,Winter,2024.0,2024-01-01,2.4996577686516086,False,Active,,
29395,Clarum,Winter 2024,Winter,2024.0,2024-01-01,2.4996577686516086,False,Active,,
29396,EdgeTrace,Winter 2024,Winter,2024.0,2024-01-01,2.4996577686516086,False,Active,,
29397,Manifold Freight,Winter 2024,Winter,2024.0,2024-01-01,2.4996577686516086,False,Active,,
29398,ProSights,Winter 2024,Winter,2024.0,2024-01-01,2.4996577686516086,False,Active,,
29399,Centauri AI,Winter 2024,Winter,2024.0,2024-01-01,2.4996577686516086,False,Active,,
29400,floatingpoint,Winter 2024,Winter,2024.0,2024-01-01,2.4996577686516086,False,Active,,
29401,Raindrop,Winter 2024,Winter,2024.0,2024-01-01,2.4996577686516086,False,Active,,
29402,Yondu,Winter 2024,Winter,2024.0,2024-01-01,2.4996577686516086,False,Active,,
29403,HeartByte,Winter 2024,Winter,2024.0,2024-01-01,2.4996577686516086,False,Active,,
29404,Diana,Winter 2024,Winter,2024.0,2024-01-01,2.4996577686516086,False,Active,,
29405,Risotto,Winter 2024,Winter,2024.0,2024-01-01,2.4996577686516086,False,Active,,
29406,ACX,Summer 2024,Summer,2024.0,2024-06-01,2.083504449007529,False,Active,,
29407,JustAI,Winter 2024,Winter,2024.0,2024-01-01,2.4996577686516086,False,Active,,
29408,Circleback,Winter 2024,Winter,2024.0,2024-01-01,2.4996577686516086,False,Active,,
29409,BetterBasket,Winter 2024,Winter,2024.0,2024-01-01,2.4996577686516086,False,Active,,
29410,Model ML,Winter 2024,Winter,2024.0,2024-01-01,2.4996577686516086,False,Active,,
29411,Artos,Winter 2024,Winter,2024.0,2024-01-01,2.4996577686516086,False,Active,,
29412,Ligo Biosciences,Summer 2024,Summer,2024.0,2024-06-01,2.083504449007529,False,Active,,
29413,Oma Care,Winter 2024,Winter,2024.0,2024-01-01,2.4996577686516086,False,Active,,
29414,Cleva,Winter 2024,Winter,2024.0,2024-01-01,2.4996577686516086,False,Active,,
29415,Givefront,Winter 2024,Winter,2024.0,2024-01-01,2.4996577686516086,False,Active,,
29416,Focal,Winter 2024,Winter,2024.0,2024-01-01,2.4996577686516086,False,Active,,
29417,Brainbase Labs,Winter 2024,Winter,2024.0,2024-01-01,2.4996577686516086,False,Active,,
29418,Sample,Winter 2024,Winter,2024.0,2024-01-01,2.4996577686516086,False,Acquired,,
29419,Lumetric,Winter 2024,Winter,2024.0,2024-01-01,2.4996577686516086,False,Active,,
29420,Alai,Winter 2024,Winter,2024.0,2024-01-01,2.4996577686516086,False,Active,,
29421,Thorntale,Winter 2024,Winter,2024.0,2024-01-01,2.4996577686516086,False,Inactive,,
29422,Deep24,Winter 2024,Winter,2024.0,2024-01-01,2.4996577686516086,False,Active,,
29423,Triply,Winter 2024,Winter,2024.0,2024-01-01,2.4996577686516086,False,Active,,
29424,Openmart,Winter 2024,Winter,2024.0,2024-01-01,2.4996577686516086,False,Active,,
29425,Zep AI,Winter 2024,Winter,2024.0,2024-01-01,2.4996577686516086,False,Active,,
29429,Velorum Therapeutics,Winter 2024,Winter,2024.0,2024-01-01,2.4996577686516086,False,Active,,
29430,BiteSight,Winter 2024,Winter,2024.0,2024-01-01,2.4996577686516086,False,Active,,
29431,Sonauto,Winter 2024,Winter,2024.0,2024-01-01,2.4996577686516086,False,Active,,
29432,Shepherd,Winter 2024,Winter,2024.0,2024-01-01,2.4996577686516086,False,Active,,
29433,Hatchet,Winter 2024,Winter,2024.0,2024-01-01,2.4996577686516086,False,Active,,
29434,Stacksync,Winter 2024,Winter,2024.0,2024-01-01,2.4996577686516086,False,Active,,
29435,Terrakotta,Winter 2024,Winter,2024.0,2024-01-01,2.4996577686516086,False,Active,,
29436,Downlink,Winter 2024,Winter,2024.0,2024-01-01,2.4996577686516086,False,Active,,
29438,Spark,Winter 2024,Winter,2024.0,2024-01-01,2.4996577686516086,False,Active,,
29439,camelAI,Winter 2024,Winter,2024.0,2024-01-01,2.4996577686516086,False,Active,,
29440,Rove,Winter 2024,Winter,2024.0,2024-01-01,2.4996577686516086,False,Active,,
29441,Retell AI,Winter 2024,Winter,2024.0,2024-01-01,2.4996577686516086,False,Active,,
29442,Ocular AI,Winter 2024,Winter,2024.0,2024-01-01,2.4996577686516086,False,Active,,
29443,Adapted,Winter 2024,Winter,2024.0,2024-01-01,2.4996577686516086,False,Active,,
29444,Vista Power,Winter 2024,Winter,2024.0,2024-01-01,2.4996577686516086,False,Active,,
29447,Deepnight,Winter 2024,Winter,2024.0,2024-01-01,2.4996577686516086,False,Active,,
29448,xPay,Winter 2024,Winter,2024.0,2024-01-01,2.4996577686516086,False,Active,,
29449,Fileforge,Winter 2024,Winter,2024.0,2024-01-01,2.4996577686516086,False,Inactive,,
29450,Aqua Voice,Winter 2024,Winter,2024.0,2024-01-01,2.4996577686516086,False,Active,,
29451,Basepilot,Winter 2024,Winter,2024.0,2024-01-01,2.4996577686516086,False,Active,,
29452,Fluently,Winter 2024,Winter,2024.0,2024-01-01,2.4996577686516086,False,Active,,
29453,Miden,Winter 2024,Winter,2024.0,2024-01-01,2.4996577686516086,False,Active,,
29454,Veles,Winter 2024,Winter,2024.0,2024-01-01,2.4996577686516086,False,Active,,
29455,CommodityAI,Winter 2024,Winter,2024.0,2024-01-01,2.4996577686516086,False,Active,,
29456,Marblism,Winter 2024,Winter,2024.0,2024-01-01,2.4996577686516086,False,Active,,
29457,Datacurve,Winter 2024,Winter,2024.0,2024-01-01,2.4996577686516086,False,Active,,
29459,Lumona,Winter 2024,Winter,2024.0,2024-01-01,2.4996577686516086,False,Inactive,,
29460,Ryse,Winter 2024,Winter,2024.0,2024-01-01,2.4996577686516086,False,Active,,
29461,Magic Hour,Winter 2024,Winter,2024.0,2024-01-01,2.4996577686516086,False,Active,,
29463,Penciled,Winter 2024,Winter,2024.0,2024-01-01,2.4996577686516086,False,Active,,
29464,Arcane,Winter 2024,Winter,2024.0,2024-01-01,2.4996577686516086,False,Acquired,,
29465,Polar,Winter 2024,Winter,2024.0,2024-01-01,2.4996577686516086,False,Active,,
29466,OpenFoundry,Winter 2024,Winter,2024.0,2024-01-01,2.4996577686516086,False,Active,,
29467,Powder,Winter 2024,Winter,2024.0,2024-01-01,2.4996577686516086,False,Active,,
29470,Eris Biotech,Winter 2024,Winter,2024.0,2024-01-01,2.4996577686516086,False,Active,,
29471,Senso,Winter 2024,Winter,2024.0,2024-01-01,2.4996577686516086,False,Active,,
29472,Silogy,Winter 2024,Winter,2024.0,2024-01-01,2.4996577686516086,False,Active,,
29473,OddsView,Winter 2024,Winter,2024.0,2024-01-01,2.4996577686516086,False,Active,,
29474,Spur,Summer 2024,Summer,2024.0,2024-06-01,2.083504449007529,False,Active,,
29475,Evolvere BioSciences,Summer 2024,Summer,2024.0,2024-06-01,2.083504449007529,False,Active,,
29476,Junction Bioscience,Winter 2024,Winter,2024.0,2024-01-01,2.4996577686516086,False,Active,,
29477,Piramidal,Winter 2024,Winter,2024.0,2024-01-01,2.4996577686516086,False,Active,,
29478,Reform,Winter 2024,Winter,2024.0,2024-01-01,2.4996577686516086,False,Active,,
29481,CoCrafter,Winter 2024,Winter,2024.0,2024-01-01,2.4996577686516086,False,Active,,
29482,TrueClaim,Winter 2024,Winter,2024.0,2024-01-01,2.4996577686516086,False,Active,,
29483,Healia,Winter 2024,Winter,2024.0,2024-01-01,2.4996577686516086,False,Active,,
29484,Haplotype Labs,Winter 2024,Winter,2024.0,2024-01-01,2.4996577686516086,False,Active,,
29485,Granza Bio,Winter 2024,Winter,2024.0,2024-01-01,2.4996577686516086,False,Active,,
29496,VoxOps AI,Winter 2024,Winter,2024.0,2024-01-01,2.4996577686516086,False,Active,,
29498,Integuru,Winter 2024,Winter,2024.0,2024-01-01,2.4996577686516086,False,Active,,
29499,Forge,Winter 2024,Winter,2024.0,2024-01-01,2.4996577686516086,False,Active,,
29500,The New Money Company,Winter 2024,Winter,2024.0,2024-01-01,2.4996577686516086,False,Active,,
29501,Latted,Winter 2024,Winter,2024.0,2024-01-01,2.4996577686516086,False,Active,,
29502,renderlet,Winter 2024,Winter,2024.0,2024-01-01,2.4996577686516086,False,Active,,
29503,Dragoneye,Winter 2024,Winter,2024.0,2024-01-01,2.4996577686516086,False,Active,,
29504,Quivr,Winter 2024,Winter,2024.0,2024-01-01,2.4996577686516086,False,Active,,
29505,Tower,Winter 2024,Winter,2024.0,2024-01-01,2.4996577686516086,False,Active,,
29506,Mathos,Winter 2024,Winter,2024.0,2024-01-01,2.4996577686516086,False,Active,,
29507,kater.ai,Winter 2024,Winter,2024.0,2024-01-01,2.4996577686516086,False,Active,,
29508,CrowdVolt,Winter 2024,Winter,2024.0,2024-01-01,2.4996577686516086,False,Active,,
29509,Blacksmith,Winter 2024,Winter,2024.0,2024-01-01,2.4996577686516086,False,Active,,
29510,Yarn,Winter 2024,Winter,2024.0,2024-01-01,2.4996577686516086,False,Active,,
29511,InspectMind AI,Winter 2024,Winter,2024.0,2024-01-01,2.4996577686516086,False,Active,,
29512,Reprompt,Winter 2024,Winter,2024.0,2024-01-01,2.4996577686516086,False,Active,,
29513,GetCrux,Winter 2024,Winter,2024.0,2024-01-01,2.4996577686516086,False,Active,,
29515,NowHouse,Winter 2024,Winter,2024.0,2024-01-01,2.4996577686516086,False,Active,,
29516,Million,Winter 2024,Winter,2024.0,2024-01-01,2.4996577686516086,False,Active,,
29517,RetailReady,Winter 2024,Winter,2024.0,2024-01-01,2.4996577686516086,False,Active,,
29518,Dropback,Winter 2024,Winter,2024.0,2024-01-01,2.4996577686516086,False,Active,,
29519,Forge Rewards,Winter 2024,Winter,2024.0,2024-01-01,2.4996577686516086,False,Active,,
29522,Marr Labs,Winter 2024,Winter,2024.0,2024-01-01,2.4996577686516086,False,Active,,
29523,K-Scale Labs,Winter 2024,Winter,2024.0,2024-01-01,2.4996577686516086,False,Inactive,,
29524,Coval,Summer 2024,Summer,2024.0,2024-06-01,2.083504449007529,False,Active,,
29527,ParcelBio,Winter 2024,Winter,2024.0,2024-01-01,2.4996577686516086,False,Active,,
29532,Ångström AI,Summer 2024,Summer,2024.0,2024-06-01,2.083504449007529,False,Active,,
29533,Indemni,Winter 2024,Winter,2024.0,2024-01-01,2.4996577686516086,False,Active,,
29557,Ultra,Summer 2024,Summer,2024.0,2024-06-01,2.083504449007529,False,Active,,
29558,Abel Police,Summer 2024,Summer,2024.0,2024-06-01,2.083504449007529,False,Active,,
29568,Roger,Summer 2024,Summer,2024.0,2024-06-01,2.083504449007529,False,Active,,
29569,Miru,Summer 2024,Summer,2024.0,2024-06-01,2.083504449007529,False,Active,,
29570,Spherecast,Summer 2024,Summer,2024.0,2024-06-01,2.083504449007529,False,Active,,
29571,Apten,Summer 2024,Summer,2024.0,2024-06-01,2.083504449007529,False,Active,,
29572,Domu Technology Inc.,Summer 2024,Summer,2024.0,2024-06-01,2.083504449007529,False,Active,,
29573,Undermind,Summer 2024,Summer,2024.0,2024-06-01,2.083504449007529,False,Active,,
29574,Superunit,Summer 2024,Summer,2024.0,2024-06-01,2.083504449007529,False,Active,,
29575,Doublezero,Summer 2024,Summer,2024.0,2024-06-01,2.083504449007529,False,Active,,
29577,Variant,Fall 2024,Fall,2024.0,2024-09-01,1.8316221765913758,False,Active,,
29579,Understood Care,Summer 2024,Summer,2024.0,2024-06-01,2.083504449007529,False,Active,,
29582,Cheers,Summer 2024,Summer,2024.0,2024-06-01,2.083504449007529,False,Active,,
29585,Mem0,Summer 2024,Summer,2024.0,2024-06-01,2.083504449007529,False,Active,,
29586,Glasskube,Summer 2024,Summer,2024.0,2024-06-01,2.083504449007529,False,Active,,
29588,Saphira AI,Summer 2024,Summer,2024.0,2024-06-01,2.083504449007529,False,Active,,
29589,Theseus,Summer 2024,Summer,2024.0,2024-06-01,2.083504449007529,False,Active,,
29591,Synnax,Summer 2024,Summer,2024.0,2024-06-01,2.083504449007529,False,Active,,
29596,Comfy Deploy,Summer 2024,Summer,2024.0,2024-06-01,2.083504449007529,False,Active,,
29597,Spaceium Inc,Summer 2024,Summer,2024.0,2024-06-01,2.083504449007529,False,Active,,
29605,Educato,Summer 2024,Summer,2024.0,2024-06-01,2.083504449007529,False,Active,,
29607,ProhostAI,Summer 2024,Summer,2024.0,2024-06-01,2.083504449007529,False,Active,,
29608,Pre,Summer 2024,Summer,2024.0,2024-06-01,2.083504449007529,False,Inactive,,
29610,Hamming AI,Summer 2024,Summer,2024.0,2024-06-01,2.083504449007529,False,Active,,
29611,mdhub,Summer 2024,Summer,2024.0,2024-06-01,2.083504449007529,False,Active,,
29613,ClaimSorted,Summer 2024,Summer,2024.0,2024-06-01,2.083504449007529,False,Active,,
29623,Entangl,Summer 2024,Summer,2024.0,2024-06-01,2.083504449007529,False,Active,,
29627,Codes Health,Summer 2024,Summer,2024.0,2024-06-01,2.083504449007529,False,Active,,
29633,Unsloth AI,Summer 2024,Summer,2024.0,2024-06-01,2.083504449007529,False,Active,,
29634,Random Labs,Summer 2024,Summer,2024.0,2024-06-01,2.083504449007529,False,Active,,
29635,DigitalCarbon,Summer 2024,Summer,2024.0,2024-06-01,2.083504449007529,False,Active,,
29636,Bayesline,Summer 2024,Summer,2024.0,2024-06-01,2.083504449007529,False,Active,,
29637,Flyflow,Summer 2024,Summer,2024.0,2024-06-01,2.083504449007529,False,Inactive,,
29639,Callback,Summer 2024,Summer,2024.0,2024-06-01,2.083504449007529,False,Active,,
29640,Tabula,Summer 2024,Summer,2024.0,2024-06-01,2.083504449007529,False,Active,,
29641,Invaria,Summer 2024,Summer,2024.0,2024-06-01,2.083504449007529,False,Inactive,,
29642,Hexclave,Summer 2024,Summer,2024.0,2024-06-01,2.083504449007529,False,Active,,
29643,Sage Care,Summer 2024,Summer,2024.0,2024-06-01,2.083504449007529,False,Active,,
29644,VideoGen,Summer 2024,Summer,2024.0,2024-06-01,2.083504449007529,False,Active,,
29645,Phonely,Summer 2024,Summer,2024.0,2024-06-01,2.083504449007529,False,Active,,
29646,Corgi Insurance,Summer 2024,Summer,2024.0,2024-06-01,2.083504449007529,False,Active,,
29647,Maitai,Summer 2024,Summer,2024.0,2024-06-01,2.083504449007529,False,Active,,
29649,Wordware,Summer 2024,Summer,2024.0,2024-06-01,2.083504449007529,False,Active,,
29650,Sorcerer,Summer 2024,Summer,2024.0,2024-06-01,2.083504449007529,False,Active,,
29651,FirstWork,Summer 2024,Summer,2024.0,2024-06-01,2.083504449007529,False,Active,,
29653,ideate.xyz,Summer 2024,Summer,2024.0,2024-06-01,2.083504449007529,False,Active,,
29654,Stardrift,Summer 2024,Summer,2024.0,2024-06-01,2.083504449007529,False,Active,,
29655,Decisional AI,Summer 2024,Summer,2024.0,2024-06-01,2.083504449007529,False,Active,,
29656,Leeroo,Spring 2025,Spring,2025.0,2025-04-01,1.2511978097193703,False,Active,,
29657,Azalea Robotics Corporation,Summer 2024,Summer,2024.0,2024-06-01,2.083504449007529,False,Active,,
29658,RetroFix,Summer 2024,Summer,2024.0,2024-06-01,2.083504449007529,False,Active,,
29659,Unbound,Summer 2024,Summer,2024.0,2024-06-01,2.083504449007529,False,Active,,
29660,Hyrex,Summer 2024,Summer,2024.0,2024-06-01,2.083504449007529,False,Active,,
29661,Silurian,Summer 2024,Summer,2024.0,2024-06-01,2.083504449007529,False,Active,,
29662,Atum Works,Spring 2025,Spring,2025.0,2025-04-01,1.2511978097193703,False,Active,,
29663,NetworkOcean,Summer 2024,Summer,2024.0,2024-06-01,2.083504449007529,False,Active,,
29665,Cloudglue,Summer 2024,Summer,2024.0,2024-06-01,2.083504449007529,False,Active,,
29666,Willow,Spring 2025,Spring,2025.0,2025-04-01,1.2511978097193703,False,Active,,
29667,Rewbi,Summer 2024,Summer,2024.0,2024-06-01,2.083504449007529,False,Active,,
29668,Proxis,Summer 2024,Summer,2024.0,2024-06-01,2.083504449007529,False,Active,,
29670,Zuni,Summer 2024,Summer,2024.0,2024-06-01,2.083504449007529,False,Active,,
29671,Scape,Summer 2024,Summer,2024.0,2024-06-01,2.083504449007529,False,Active,,
29672,"DeepSim, Inc.",Summer 2024,Summer,2024.0,2024-06-01,2.083504449007529,False,Active,,
29673,Storia AI,Summer 2024,Summer,2024.0,2024-06-01,2.083504449007529,False,Active,,
29675,Offstream,Summer 2024,Summer,2024.0,2024-06-01,2.083504449007529,False,Active,,
29676,Elevate,Summer 2024,Summer,2024.0,2024-06-01,2.083504449007529,False,Active,,
29678,Lucible,Summer 2024,Summer,2024.0,2024-06-01,2.083504449007529,False,Active,,
29679,Dodo,Summer 2024,Summer,2024.0,2024-06-01,2.083504449007529,False,Active,,
29680,Ares Industries,Summer 2024,Summer,2024.0,2024-06-01,2.083504449007529,False,Active,,
29682,RunLocal AI,Summer 2024,Summer,2024.0,2024-06-01,2.083504449007529,False,Active,,
29683,CodeViz,Summer 2024,Summer,2024.0,2024-06-01,2.083504449007529,False,Active,,
29684,Parahelp,Summer 2024,Summer,2024.0,2024-06-01,2.083504449007529,False,Active,,
29685,Lore,Summer 2024,Summer,2024.0,2024-06-01,2.083504449007529,False,Active,,
29687,MinusX,Summer 2024,Summer,2024.0,2024-06-01,2.083504449007529,False,Active,,
29688,camfer,Summer 2024,Summer,2024.0,2024-06-01,2.083504449007529,False,Active,,
29689,Tivara,Summer 2024,Summer,2024.0,2024-06-01,2.083504449007529,False,Active,,
29690,Kenley,Summer 2024,Summer,2024.0,2024-06-01,2.083504449007529,False,Active,,
29691,Tandem,Summer 2024,Summer,2024.0,2024-06-01,2.083504449007529,False,Active,,
29692,Weave Robotics,Summer 2024,Summer,2024.0,2024-06-01,2.083504449007529,False,Active,,
29693,Gauge,Summer 2024,Summer,2024.0,2024-06-01,2.083504449007529,False,Active,,
29694,AminoAnalytica,Summer 2024,Summer,2024.0,2024-06-01,2.083504449007529,False,Active,,
29695,Dench.com,Summer 2024,Summer,2024.0,2024-06-01,2.083504449007529,False,Active,,
29697,Stormy,Summer 2025,Summer,2025.0,2025-06-01,1.0841889117043122,False,Active,,
29698,AutoPallet Robotics,Summer 2024,Summer,2024.0,2024-06-01,2.083504449007529,False,Active,,
29699,Pulse,Summer 2024,Summer,2024.0,2024-06-01,2.083504449007529,False,Active,,
29701,Plume,Summer 2024,Summer,2024.0,2024-06-01,2.083504449007529,False,Active,,
29702,LedgerUp,Summer 2024,Summer,2024.0,2024-06-01,2.083504449007529,False,Active,,
29703,d_model,Summer 2024,Summer,2024.0,2024-06-01,2.083504449007529,False,Active,,
29704,Modus,Summer 2024,Summer,2024.0,2024-06-01,2.083504449007529,False,Active,,
29705,Lighthouz AI,Summer 2024,Summer,2024.0,2024-06-01,2.083504449007529,False,Active,,
29706,Mito Health,Summer 2024,Summer,2024.0,2024-06-01,2.083504449007529,False,Active,,
29708,The Synthesis Company,Summer 2024,Summer,2024.0,2024-06-01,2.083504449007529,False,Active,,
29709,Substrate,Summer 2024,Summer,2024.0,2024-06-01,2.083504449007529,False,Active,,
29710,TaxGPT,Summer 2024,Summer,2024.0,2024-06-01,2.083504449007529,False,Active,,
29711,Fazeshift,Summer 2024,Summer,2024.0,2024-06-01,2.083504449007529,False,Active,,
29712,Benchify,Summer 2024,Summer,2024.0,2024-06-01,2.083504449007529,False,Active,,
29713,Anthrogen,Summer 2024,Summer,2024.0,2024-06-01,2.083504449007529,False,Active,,
29714,Kopra Bio,Summer 2024,Summer,2024.0,2024-06-01,2.083504449007529,False,Active,,
29715,Kastle,Summer 2024,Summer,2024.0,2024-06-01,2.083504449007529,False,Active,,
29716,CreativeMode,Summer 2024,Summer,2024.0,2024-06-01,2.083504449007529,False,Active,,
29717,Conveo,Summer 2024,Summer,2024.0,2024-06-01,2.083504449007529,False,Active,,
29719,Manaflow,Summer 2024,Summer,2024.0,2024-06-01,2.083504449007529,False,Active,,
29721,Panora,Summer 2024,Summer,2024.0,2024-06-01,2.083504449007529,False,Active,,
29723,Aluna,Summer 2024,Summer,2024.0,2024-06-01,2.083504449007529,False,Active,,
29724,Ontra Mobility,Summer 2024,Summer,2024.0,2024-06-01,2.083504449007529,False,Active,,
29725,Promi,Summer 2024,Summer,2024.0,2024-06-01,2.083504449007529,False,Active,,
29727,Overstand Labs,Winter 2025,Winter,2025.0,2025-01-01,1.4976043805612593,False,Active,,
29728,expand.ai,Summer 2024,Summer,2024.0,2024-06-01,2.083504449007529,False,Active,,
29729,Clearly AI,Summer 2024,Summer,2024.0,2024-06-01,2.083504449007529,False,Active,,
29730,Saturn,Summer 2024,Summer,2024.0,2024-06-01,2.083504449007529,False,Active,,
29731,Zoa Research,Summer 2024,Summer,2024.0,2024-06-01,2.083504449007529,False,Active,,
29732,ReactWise,Summer 2024,Summer,2024.0,2024-06-01,2.083504449007529,False,Active,,
29733,1849 bio,Summer 2024,Summer,2024.0,2024-06-01,2.083504449007529,False,Active,,
29734,Vibe,Summer 2024,Summer,2024.0,2024-06-01,2.083504449007529,False,Active,,
29735,FINNY AI,Summer 2024,Summer,2024.0,2024-06-01,2.083504449007529,False,Active,,
29736,MagiCode,Summer 2024,Summer,2024.0,2024-06-01,2.083504449007529,False,Active,,
29737,"Hestus, Inc.",Summer 2024,Summer,2024.0,2024-06-01,2.083504449007529,False,Active,,
29738,Anara,Summer 2024,Summer,2024.0,2024-06-01,2.083504449007529,False,Active,,
29739,Planbase,Summer 2024,Summer,2024.0,2024-06-01,2.083504449007529,False,Active,,
29740,Redouble AI,Summer 2024,Summer,2024.0,2024-06-01,2.083504449007529,False,Active,,
29741,Dimely,Summer 2024,Summer,2024.0,2024-06-01,2.083504449007529,False,Active,,
29745,Sharpe,Summer 2024,Summer,2024.0,2024-06-01,2.083504449007529,False,Active,,
29746,Drillbit,Summer 2024,Summer,2024.0,2024-06-01,2.083504449007529,False,Active,,
29747,deepsilicon,Summer 2024,Summer,2024.0,2024-06-01,2.083504449007529,False,Inactive,,
29748,Seals AI,Summer 2024,Summer,2024.0,2024-06-01,2.083504449007529,False,Active,,
29749,Biocartesian,Summer 2024,Summer,2024.0,2024-06-01,2.083504449007529,False,Active,,
29750,winfunc,Summer 2024,Summer,2024.0,2024-06-01,2.083504449007529,False,Active,,
29751,Opslane,Summer 2024,Summer,2024.0,2024-06-01,2.083504449007529,False,Active,,
29753,Autumn Labs,Summer 2024,Summer,2024.0,2024-06-01,2.083504449007529,False,Active,,
29754,Conductor Quantum,Summer 2024,Summer,2024.0,2024-06-01,2.083504449007529,False,Active,,
29755,Pax,Summer 2024,Summer,2024.0,2024-06-01,2.083504449007529,False,Active,,
29756,Stempad,Summer 2024,Summer,2024.0,2024-06-01,2.083504449007529,False,Active,,
29758,BeeBettor,Summer 2024,Summer,2024.0,2024-06-01,2.083504449007529,False,Active,,
29759,David AI,Summer 2024,Summer,2024.0,2024-06-01,2.083504449007529,False,Active,,
29760,Mage Legal,Summer 2024,Summer,2024.0,2024-06-01,2.083504449007529,False,Active,,
29761,Distro,Summer 2024,Summer,2024.0,2024-06-01,2.083504449007529,False,Active,,
29762,Remade,Summer 2024,Summer,2024.0,2024-06-01,2.083504449007529,False,Acquired,,
29763,Piggy Robotics,Fall 2025,Fall,2025.0,2025-09-01,0.8323066392881588,False,Active,,
29764,Zeit AI,Summer 2024,Summer,2024.0,2024-06-01,2.083504449007529,False,Active,,
29765,Emergent,Summer 2024,Summer,2024.0,2024-06-01,2.083504449007529,False,Active,,
29766,Kura AI,Summer 2024,Summer,2024.0,2024-06-01,2.083504449007529,False,Active,,
29767,Thunder Compute,Summer 2024,Summer,2024.0,2024-06-01,2.083504449007529,False,Active,,
29768,Ember Robotics,Summer 2024,Summer,2024.0,2024-06-01,2.083504449007529,False,Active,,
29769,Pinnacle,Summer 2024,Summer,2024.0,2024-06-01,2.083504449007529,False,Active,,
29770,Intryc,Summer 2024,Summer,2024.0,2024-06-01,2.083504449007529,False,Active,,
29772,Parley,Summer 2024,Summer,2024.0,2024-06-01,2.083504449007529,False,Active,,
29773,Soff,Summer 2024,Summer,2024.0,2024-06-01,2.083504449007529,False,Active,,
29774,Mineflow,Summer 2024,Summer,2024.0,2024-06-01,2.083504449007529,False,Active,,
29775,Brighterway,Summer 2024,Summer,2024.0,2024-06-01,2.083504449007529,False,Active,,
29776,SchemeFlow,Summer 2024,Summer,2024.0,2024-06-01,2.083504449007529,False,Active,,
29777,Zettascale,Summer 2024,Summer,2024.0,2024-06-01,2.083504449007529,False,Active,,
29778,Praxos,Summer 2024,Summer,2024.0,2024-06-01,2.083504449007529,False,Active,,
29779,The Forecasting Company,Summer 2024,Summer,2024.0,2024-06-01,2.083504449007529,False,Active,,
29780,Presti AI,Summer 2024,Summer,2024.0,2024-06-01,2.083504449007529,False,Active,,
29781,Cerulion,Summer 2024,Summer,2024.0,2024-06-01,2.083504449007529,False,Active,,
29782,Laminar,Summer 2024,Summer,2024.0,2024-06-01,2.083504449007529,False,Active,,
29783,Guardian RF,Summer 2024,Summer,2024.0,2024-06-01,2.083504449007529,False,Active,,
29784,Sensei,Summer 2024,Summer,2024.0,2024-06-01,2.083504449007529,False,Active,,
29785,Simple AI,Summer 2024,Summer,2024.0,2024-06-01,2.083504449007529,False,Active,,
29786,Palmier,Summer 2024,Summer,2024.0,2024-06-01,2.083504449007529,False,Active,,
29787,Lilac Labs,Summer 2024,Summer,2024.0,2024-06-01,2.083504449007529,False,Active,,
29788,Refactor,Summer 2024,Summer,2024.0,2024-06-01,2.083504449007529,False,Active,,
29789,Paasa,Summer 2024,Summer,2024.0,2024-06-01,2.083504449007529,False,Active,,
29790,YouShift,Winter 2025,Winter,2025.0,2025-01-01,1.4976043805612593,False,Active,,
29791,Cartage,Summer 2024,Summer,2024.0,2024-06-01,2.083504449007529,False,Active,,
29792,Sonatoria,Summer 2024,Summer,2024.0,2024-06-01,2.083504449007529,False,Active,,
29793,RiskAngle,Summer 2024,Summer,2024.0,2024-06-01,2.083504449007529,False,Inactive,,
29794,Baseline AI,Summer 2024,Summer,2024.0,2024-06-01,2.083504449007529,False,Active,,
29795,Odo,Summer 2024,Summer,2024.0,2024-06-01,2.083504449007529,False,Active,,
29796,Finosu,Summer 2024,Summer,2024.0,2024-06-01,2.083504449007529,False,Active,,
29797,Haystack,Summer 2024,Summer,2024.0,2024-06-01,2.083504449007529,False,Active,,
29798,&AI,Summer 2024,Summer,2024.0,2024-06-01,2.083504449007529,False,Active,,
29799,Helium,Summer 2024,Summer,2024.0,2024-06-01,2.083504449007529,False,Active,,
29800,HeroUI,Summer 2024,Summer,2024.0,2024-06-01,2.083504449007529,False,Active,,
29801,Rescript,Summer 2024,Summer,2024.0,2024-06-01,2.083504449007529,False,Active,,
29803,Ionworks,Summer 2024,Summer,2024.0,2024-06-01,2.083504449007529,False,Active,,
29804,Thyme,Summer 2024,Summer,2024.0,2024-06-01,2.083504449007529,False,Acquired,,
29805,Handled,Summer 2024,Summer,2024.0,2024-06-01,2.083504449007529,False,Active,,
29807,Dataleap,Summer 2024,Summer,2024.0,2024-06-01,2.083504449007529,False,Active,,
29808,Starcloud,Summer 2024,Summer,2024.0,2024-06-01,2.083504449007529,False,Active,,
29810,bluedoor,Summer 2024,Summer,2024.0,2024-06-01,2.083504449007529,False,Active,,
29812,ZeroPath,Summer 2024,Summer,2024.0,2024-06-01,2.083504449007529,False,Active,,
29813,Argil,Summer 2024,Summer,2024.0,2024-06-01,2.083504449007529,False,Active,,
29814,Vendra,Summer 2024,Summer,2024.0,2024-06-01,2.083504449007529,False,Active,,
29815,Propaya,Summer 2024,Summer,2024.0,2024-06-01,2.083504449007529,False,Active,,
29818,Entropy,Summer 2024,Summer,2024.0,2024-06-01,2.083504449007529,False,Active,,
29819,Weel,Summer 2024,Summer,2024.0,2024-06-01,2.083504449007529,False,Active,,
29820,Kontigo,Summer 2024,Summer,2024.0,2024-06-01,2.083504449007529,False,Active,,
29821,Polymet,Summer 2024,Summer,2024.0,2024-06-01,2.083504449007529,False,Active,,
29822,omnidock,Summer 2024,Summer,2024.0,2024-06-01,2.083504449007529,False,Active,,
29823,autarc,Summer 2024,Summer,2024.0,2024-06-01,2.083504449007529,False,Active,,
29824,Assembly HOA,Summer 2024,Summer,2024.0,2024-06-01,2.083504449007529,False,Active,,
29825,Sepal AI,Summer 2024,Summer,2024.0,2024-06-01,2.083504449007529,False,Acquired,,
29826,Orca Client,Summer 2024,Summer,2024.0,2024-06-01,2.083504449007529,False,Active,,
29828,Draft The Record,Summer 2024,Summer,2024.0,2024-06-01,2.083504449007529,False,Active,,
29829,Moreta,Summer 2024,Summer,2024.0,2024-06-01,2.083504449007529,False,Active,,
29830,Typa,Summer 2024,Summer,2024.0,2024-06-01,2.083504449007529,False,Active,,
29833,Quetzal,Summer 2024,Summer,2024.0,2024-06-01,2.083504449007529,False,Active,,
29834,Rastro,Summer 2024,Summer,2024.0,2024-06-01,2.083504449007529,False,Active,,
29835,Voker,Summer 2024,Summer,2024.0,2024-06-01,2.083504449007529,False,Active,,
29836,TradeFlow,Summer 2024,Summer,2024.0,2024-06-01,2.083504449007529,False,Active,,
29837,RentFlow,Summer 2024,Summer,2024.0,2024-06-01,2.083504449007529,False,Active,,
29839,pap!,Summer 2024,Summer,2024.0,2024-06-01,2.083504449007529,False,Active,,
29840,Blaze,Summer 2024,Summer,2024.0,2024-06-01,2.083504449007529,False,Active,,
29841,Elayne,Summer 2024,Summer,2024.0,2024-06-01,2.083504449007529,False,Active,,
29844,Oway,Summer 2024,Summer,2024.0,2024-06-01,2.083504449007529,False,Active,,
29847,Bucket Robotics,Summer 2024,Summer,2024.0,2024-06-01,2.083504449007529,False,Active,,
29848,Saldor,Summer 2024,Summer,2024.0,2024-06-01,2.083504449007529,False,Active,,
29849,Usul,Summer 2024,Summer,2024.0,2024-06-01,2.083504449007529,False,Active,,
29850,SureBright,Summer 2024,Summer,2024.0,2024-06-01,2.083504449007529,False,Active,,
29851,"Diode Computers, Inc.",Summer 2024,Summer,2024.0,2024-06-01,2.083504449007529,False,Active,,
29852,Dayflow,Summer 2024,Summer,2024.0,2024-06-01,2.083504449007529,False,Active,,
29853,No Logo,Summer 2024,Summer,2024.0,2024-06-01,2.083504449007529,False,Active,,
29854,Keet,Summer 2024,Summer,2024.0,2024-06-01,2.083504449007529,False,Active,,
29856,et al.,Summer 2024,Summer,2024.0,2024-06-01,2.083504449007529,False,Active,,
29857,Pharos,Summer 2024,Summer,2024.0,2024-06-01,2.083504449007529,False,Active,,
29858,Vera Health,Summer 2024,Summer,2024.0,2024-06-01,2.083504449007529,False,Active,,
29950,Pipeshift,Summer 2024,Summer,2024.0,2024-06-01,2.083504449007529,False,Active,,
29951,Rowboat Labs,Summer 2024,Summer,2024.0,2024-06-01,2.083504449007529,False,Active,,
29952,Ficra,Summer 2024,Summer,2024.0,2024-06-01,2.083504449007529,False,Active,,
29953,Hey Revia,Summer 2024,Summer,2024.0,2024-06-01,2.083504449007529,False,Acquired,,
29954,Henry,Summer 2024,Summer,2024.0,2024-06-01,2.083504449007529,False,Active,,
29955,BrowserOS,Summer 2024,Summer,2024.0,2024-06-01,2.083504449007529,False,Active,,
29956,XTraffic,Summer 2024,Summer,2024.0,2024-06-01,2.083504449007529,False,Active,,
29957,Anglera,Summer 2024,Summer,2024.0,2024-06-01,2.083504449007529,False,Active,,
29959,Uncommon Therapeutics,Winter 2025,Winter,2025.0,2025-01-01,1.4976043805612593,False,Active,,
29960,Void,Summer 2024,Summer,2024.0,2024-06-01,2.083504449007529,False,Active,,
29963,Capitol AI,Summer 2024,Summer,2024.0,2024-06-01,2.083504449007529,False,Active,,
29964,Overlap,Summer 2024,Summer,2024.0,2024-06-01,2.083504449007529,False,Active,,
29965,Formula Insight,Summer 2024,Summer,2024.0,2024-06-01,2.083504449007529,False,Active,,
29966,Mica AI,Summer 2024,Summer,2024.0,2024-06-01,2.083504449007529,False,Active,,
29967,Village Labs,Summer 2024,Summer,2024.0,2024-06-01,2.083504449007529,False,Active,,
29968,Patched,Summer 2024,Summer,2024.0,2024-06-01,2.083504449007529,False,Active,,
29969,OrgOrg,Summer 2024,Summer,2024.0,2024-06-01,2.083504449007529,False,Active,,
29972,Affil.ai,Summer 2024,Summer,2024.0,2024-06-01,2.083504449007529,False,Active,,
29973,Arva AI,Summer 2024,Summer,2024.0,2024-06-01,2.083504449007529,False,Active,,
29976,Freestyle,Summer 2024,Summer,2024.0,2024-06-01,2.083504449007529,False,Active,,
29977,Merlin AI,Summer 2024,Summer,2024.0,2024-06-01,2.083504449007529,False,Active,,
29978,SimCare,Summer 2024,Summer,2024.0,2024-06-01,2.083504449007529,False,Active,,
29980,Midship,Summer 2024,Summer,2024.0,2024-06-01,2.083504449007529,False,Acquired,,
29982,Bits to Atoms,Summer 2024,Summer,2024.0,2024-06-01,2.083504449007529,False,Active,,
29983,PathPilot,Summer 2024,Summer,2024.0,2024-06-01,2.083504449007529,False,Active,,
29986,Exin Therapeutics,Winter 2025,Winter,2025.0,2025-01-01,1.4976043805612593,False,Active,,
29987,Syntra,Summer 2024,Summer,2024.0,2024-06-01,2.083504449007529,False,Active,,
29988,Delineate,Winter 2025,Winter,2025.0,2025-01-01,1.4976043805612593,False,Active,,
29989,Conductor,Summer 2024,Summer,2024.0,2024-06-01,2.083504449007529,False,Active,,
29990,DreamRP,Summer 2024,Summer,2024.0,2024-06-01,2.083504449007529,False,Active,,
29992,Outerport,Summer 2024,Summer,2024.0,2024-06-01,2.083504449007529,False,Active,,
29999,Onlook,Winter 2025,Winter,2025.0,2025-01-01,1.4976043805612593,False,Active,,
30014,Clarus,Fall 2024,Fall,2024.0,2024-09-01,1.8316221765913758,False,Active,,
30016,Zeroframe,Fall 2024,Fall,2024.0,2024-09-01,1.8316221765913758,False,Inactive,,
30017,Riveter,Fall 2024,Fall,2024.0,2024-09-01,1.8316221765913758,False,Active,,
30018,Galini,Fall 2024,Fall,2024.0,2024-09-01,1.8316221765913758,False,Active,,
30019,Avora,Fall 2024,Fall,2024.0,2024-09-01,1.8316221765913758,False,Active,,
30020,Invo,Winter 2025,Winter,2025.0,2025-01-01,1.4976043805612593,False,Active,,
30021,telli,Fall 2024,Fall,2024.0,2024-09-01,1.8316221765913758,False,Active,,
30022,Symphony,Fall 2024,Fall,2024.0,2024-09-01,1.8316221765913758,False,Active,,
30023,Streamable,Fall 2024,Fall,2024.0,2024-09-01,1.8316221765913758,False,Active,,
30024,Crouton,Fall 2024,Fall,2024.0,2024-09-01,1.8316221765913758,False,Active,,
30027,Durate,Fall 2024,Fall,2024.0,2024-09-01,1.8316221765913758,False,Active,,
30028,Gait,Fall 2024,Fall,2024.0,2024-09-01,1.8316221765913758,False,Inactive,,
30029,Moonset Health,Fall 2024,Fall,2024.0,2024-09-01,1.8316221765913758,False,Active,,
30030,Candle,Fall 2024,Fall,2024.0,2024-09-01,1.8316221765913758,False,Active,,
30031,Getcho,Fall 2024,Fall,2024.0,2024-09-01,1.8316221765913758,False,Active,,
30032,Darkgrade,Fall 2024,Fall,2024.0,2024-09-01,1.8316221765913758,False,Active,,
30033,OpenFunnel,Fall 2024,Fall,2024.0,2024-09-01,1.8316221765913758,False,Active,,
30034,HealthSpark,Fall 2024,Fall,2024.0,2024-09-01,1.8316221765913758,False,Active,,
30036,Rulebase,Fall 2024,Fall,2024.0,2024-09-01,1.8316221765913758,False,Active,,
30037,Afternoon.co,Fall 2024,Fall,2024.0,2024-09-01,1.8316221765913758,False,Active,,
30038,Lightscreen AI,Fall 2024,Fall,2024.0,2024-09-01,1.8316221765913758,False,Active,,
30039,Raycaster,Fall 2024,Fall,2024.0,2024-09-01,1.8316221765913758,False,Active,,
30040,supercontrast,Fall 2024,Fall,2024.0,2024-09-01,1.8316221765913758,False,Inactive,,
30041,Revyl,Fall 2024,Fall,2024.0,2024-09-01,1.8316221765913758,False,Active,,
30042,VortexifyAI,Fall 2024,Fall,2024.0,2024-09-01,1.8316221765913758,False,Active,,
30043,Vespper,Fall 2024,Fall,2024.0,2024-09-01,1.8316221765913758,False,Active,,
30044,Sandra AI,Fall 2024,Fall,2024.0,2024-09-01,1.8316221765913758,False,Active,,
30045,Archil,Fall 2024,Fall,2024.0,2024-09-01,1.8316221765913758,False,Active,,
30046,Cekura,Fall 2024,Fall,2024.0,2024-09-01,1.8316221765913758,False,Active,,
30047,Endstack,Fall 2024,Fall,2024.0,2024-09-01,1.8316221765913758,False,Active,,
30048,Matcha,Fall 2024,Fall,2024.0,2024-09-01,1.8316221765913758,False,Active,,
30049,Reticular,Fall 2024,Fall,2024.0,2024-09-01,1.8316221765913758,False,Active,,
30050,Smooth,Fall 2024,Fall,2024.0,2024-09-01,1.8316221765913758,False,Active,,
30051,attimet,Fall 2024,Fall,2024.0,2024-09-01,1.8316221765913758,False,Active,,
30052,ISSEN,Fall 2024,Fall,2024.0,2024-09-01,1.8316221765913758,False,Active,,
30053,RevisionDojo,Fall 2024,Fall,2024.0,2024-09-01,1.8316221765913758,False,Active,,
30054,CTGT,Fall 2024,Fall,2024.0,2024-09-01,1.8316221765913758,False,Active,,
30055,RiskCube,Fall 2024,Fall,2024.0,2024-09-01,1.8316221765913758,False,Active,,
30056,Keye,Fall 2024,Fall,2024.0,2024-09-01,1.8316221765913758,False,Active,,
30057,Luthor,Fall 2024,Fall,2024.0,2024-09-01,1.8316221765913758,False,Active,,
30059,Sphinx,Fall 2024,Fall,2024.0,2024-09-01,1.8316221765913758,False,Active,,
30060,Lingo.dev,Fall 2024,Fall,2024.0,2024-09-01,1.8316221765913758,False,Active,,
30062,Karmen,Fall 2024,Fall,2024.0,2024-09-01,1.8316221765913758,False,Active,,
30063,Freebuff,Fall 2024,Fall,2024.0,2024-09-01,1.8316221765913758,False,Active,,
30064,HYBRD,Fall 2024,Fall,2024.0,2024-09-01,1.8316221765913758,False,Active,,
30065,Charm,Fall 2024,Fall,2024.0,2024-09-01,1.8316221765913758,False,Active,,
30066,Unusual,Fall 2024,Fall,2024.0,2024-09-01,1.8316221765913758,False,Active,,
30067,Beglaubigt.de,Fall 2024,Fall,2024.0,2024-09-01,1.8316221765913758,False,Active,,
30068,Stewdio,Fall 2024,Fall,2024.0,2024-09-01,1.8316221765913758,False,Active,,
30073,Pearson Labs,Fall 2024,Fall,2024.0,2024-09-01,1.8316221765913758,False,Active,,
30074,vly.ai,Fall 2024,Fall,2024.0,2024-09-01,1.8316221765913758,False,Active,,
30075,Tiny,Fall 2024,Fall,2024.0,2024-09-01,1.8316221765913758,False,Active,,
30076,Crustdata,Fall 2024,Fall,2024.0,2024-09-01,1.8316221765913758,False,Active,,
30077,AutoComputer,Fall 2024,Fall,2024.0,2024-09-01,1.8316221765913758,False,Active,,
30078,Abundant,Fall 2024,Fall,2024.0,2024-09-01,1.8316221765913758,False,Active,,
30079,Moonshine,Fall 2024,Fall,2024.0,2024-09-01,1.8316221765913758,False,Active,,
30080,Dexter,Fall 2024,Fall,2024.0,2024-09-01,1.8316221765913758,False,Active,,
30083,Curo,Fall 2024,Fall,2024.0,2024-09-01,1.8316221765913758,False,Active,,
30086,Autumn,Summer 2025,Summer,2025.0,2025-06-01,1.0841889117043122,False,Active,,
30087,Gecko Security,Fall 2024,Fall,2024.0,2024-09-01,1.8316221765913758,False,Active,,
30088,PermitPortal,Fall 2024,Fall,2024.0,2024-09-01,1.8316221765913758,False,Active,,
30089,Fresco,Fall 2024,Fall,2024.0,2024-09-01,1.8316221765913758,False,Active,,
30090,Origami,Fall 2024,Fall,2024.0,2024-09-01,1.8316221765913758,False,Active,,
30091,CollectWise,Fall 2024,Fall,2024.0,2024-09-01,1.8316221765913758,False,Active,,
30095,Consus,Fall 2024,Fall,2024.0,2024-09-01,1.8316221765913758,False,Active,,
30096,Capy,Fall 2024,Fall,2024.0,2024-09-01,1.8316221765913758,False,Active,,
30097,Innate,Fall 2024,Fall,2024.0,2024-09-01,1.8316221765913758,False,Active,,
30099,Gander,Fall 2024,Fall,2024.0,2024-09-01,1.8316221765913758,False,Acquired,,
30100,Alex,Fall 2024,Fall,2024.0,2024-09-01,1.8316221765913758,False,Active,,
30101,Kilvin,Fall 2024,Fall,2024.0,2024-09-01,1.8316221765913758,False,Active,,
30102,Diffusion Studio,Fall 2024,Fall,2024.0,2024-09-01,1.8316221765913758,False,Active,,
30103,Metreecs,Fall 2024,Fall,2024.0,2024-09-01,1.8316221765913758,False,Active,,
30104,Revi,Fall 2024,Fall,2024.0,2024-09-01,1.8316221765913758,False,Active,,
30105,ArchiLabs,Fall 2024,Fall,2024.0,2024-09-01,1.8316221765913758,False,Active,,
30106,Sunset,Fall 2024,Fall,2024.0,2024-09-01,1.8316221765913758,False,Active,,
30107,Surge,Fall 2024,Fall,2024.0,2024-09-01,1.8316221765913758,False,Active,,
30108,Struct,Fall 2024,Fall,2024.0,2024-09-01,1.8316221765913758,False,Active,,
30109,FutureClinic,Fall 2024,Fall,2024.0,2024-09-01,1.8316221765913758,False,Active,,
30110,Forerunner AI,Fall 2024,Fall,2024.0,2024-09-01,1.8316221765913758,False,Active,,
30111,x1,Fall 2024,Fall,2024.0,2024-09-01,1.8316221765913758,False,Active,,
30112,Vaya,Fall 2024,Fall,2024.0,2024-09-01,1.8316221765913758,False,Active,,
30113,Melder,Fall 2024,Fall,2024.0,2024-09-01,1.8316221765913758,False,Active,,
30114,Ryvn,Fall 2024,Fall,2024.0,2024-09-01,1.8316221765913758,False,Active,,
30115,Laminar,Fall 2024,Fall,2024.0,2024-09-01,1.8316221765913758,False,Active,,
30116,Freestyle,Fall 2024,Fall,2024.0,2024-09-01,1.8316221765913758,False,Active,,
30117,Relvy AI,Fall 2024,Fall,2024.0,2024-09-01,1.8316221765913758,False,Active,,
30118,Ember,Fall 2024,Fall,2024.0,2024-09-01,1.8316221765913758,False,Active,,
30119,Canvas,Fall 2024,Fall,2024.0,2024-09-01,1.8316221765913758,False,Active,,
30124,Careforce,Fall 2024,Fall,2024.0,2024-09-01,1.8316221765913758,False,Active,,
30125,Synth,Fall 2024,Fall,2024.0,2024-09-01,1.8316221765913758,False,Active,,
30126,Roundabout Technologies,Fall 2024,Fall,2024.0,2024-09-01,1.8316221765913758,False,Active,,
30127,Loombotic,Fall 2024,Fall,2024.0,2024-09-01,1.8316221765913758,False,Active,,
30129,HumanLayer,Fall 2024,Fall,2024.0,2024-09-01,1.8316221765913758,False,Active,,
30130,Apolink,Fall 2024,Fall,2024.0,2024-09-01,1.8316221765913758,False,Active,,
30131,Asha Health,Fall 2024,Fall,2024.0,2024-09-01,1.8316221765913758,False,Active,,
30160,Quantstruct,Winter 2025,Winter,2025.0,2025-01-01,1.4976043805612593,False,Active,,
30165,Edexia,Winter 2025,Winter,2025.0,2025-01-01,1.4976043805612593,False,Active,,
30172,Enhanced Radar,Winter 2025,Winter,2025.0,2025-01-01,1.4976043805612593,False,Active,,
30173,Aviro,Spring 2025,Spring,2025.0,2025-04-01,1.2511978097193703,False,Active,,
30174,Revise Robotics,Winter 2025,Winter,2025.0,2025-01-01,1.4976043805612593,False,Active,,
30176,Outship,Winter 2025,Winter,2025.0,2025-01-01,1.4976043805612593,False,Active,,
30177,Bild AI,Winter 2025,Winter,2025.0,2025-01-01,1.4976043805612593,False,Active,,
30178,Candor,Winter 2025,Winter,2025.0,2025-01-01,1.4976043805612593,False,Active,,
30179,Vetnio,Winter 2025,Winter,2025.0,2025-01-01,1.4976043805612593,False,Active,,
30181,Leaping AI,Winter 2025,Winter,2025.0,2025-01-01,1.4976043805612593,False,Active,,
30182,Flowtel,Winter 2025,Winter,2025.0,2025-01-01,1.4976043805612593,False,Active,,
30183,Tweeks.io,Winter 2025,Winter,2025.0,2025-01-01,1.4976043805612593,False,Active,,
30185,Excellence Learning,Winter 2025,Winter,2025.0,2025-01-01,1.4976043805612593,False,Active,,
30187,Praxim,Winter 2025,Winter,2025.0,2025-01-01,1.4976043805612593,False,Active,,
30188,Hey Telo,Winter 2025,Winter,2025.0,2025-01-01,1.4976043805612593,False,Active,,
30189,SubImage,Winter 2025,Winter,2025.0,2025-01-01,1.4976043805612593,False,Active,,
30190,Steinmetz,Winter 2025,Winter,2025.0,2025-01-01,1.4976043805612593,False,Active,,
30191,Partcl,Spring 2025,Spring,2025.0,2025-04-01,1.2511978097193703,False,Active,,
30192,Axiom,Winter 2025,Winter,2025.0,2025-01-01,1.4976043805612593,False,Active,,
30193,Bud,Winter 2025,Winter,2025.0,2025-01-01,1.4976043805612593,False,Active,,
30194,Splash Inc.,Winter 2025,Winter,2025.0,2025-01-01,1.4976043805612593,False,Active,,
30196,Stamp,Winter 2025,Winter,2025.0,2025-01-01,1.4976043805612593,False,Active,,
30197,Alice.tech,Winter 2025,Winter,2025.0,2025-01-01,1.4976043805612593,False,Active,,
30198,Dollyglot,Winter 2025,Winter,2025.0,2025-01-01,1.4976043805612593,False,Active,,
30199,awen,Winter 2025,Winter,2025.0,2025-01-01,1.4976043805612593,False,Active,,
30200,Karoo,Winter 2025,Winter,2025.0,2025-01-01,1.4976043805612593,False,Active,,
30201,Dartboard Energy,Winter 2025,Winter,2025.0,2025-01-01,1.4976043805612593,False,Active,,
30202,Astro,Winter 2025,Winter,2025.0,2025-01-01,1.4976043805612593,False,Active,,
30203,Vocality Health,Winter 2025,Winter,2025.0,2025-01-01,1.4976043805612593,False,Active,,
30204,Subtrace,Winter 2025,Winter,2025.0,2025-01-01,1.4976043805612593,False,Active,,
30205,Scout,Winter 2025,Winter,2025.0,2025-01-01,1.4976043805612593,False,Active,,
30207,Promptless,Winter 2025,Winter,2025.0,2025-01-01,1.4976043805612593,False,Active,,
30209,Closure,Winter 2025,Winter,2025.0,2025-01-01,1.4976043805612593,False,Active,,
30210,Conntour,Winter 2025,Winter,2025.0,2025-01-01,1.4976043805612593,False,Active,,
30212,superglue,Winter 2025,Winter,2025.0,2025-01-01,1.4976043805612593,False,Active,,
30213,Truffle AI,Winter 2025,Winter,2025.0,2025-01-01,1.4976043805612593,False,Active,,
30214,Ovlo,Winter 2025,Winter,2025.0,2025-01-01,1.4976043805612593,False,Active,,
30215,Contrario,Winter 2025,Winter,2025.0,2025-01-01,1.4976043805612593,False,Active,,
30216,Sublingual,Winter 2025,Winter,2025.0,2025-01-01,1.4976043805612593,False,Inactive,,
30217,Rocketable,Winter 2025,Winter,2025.0,2025-01-01,1.4976043805612593,False,Active,,
30218,Toothy AI,Winter 2025,Winter,2025.0,2025-01-01,1.4976043805612593,False,Active,,
30220,Verbiflow,Winter 2025,Winter,2025.0,2025-01-01,1.4976043805612593,False,Active,,
30221,A1Zap by A1Base,Winter 2025,Winter,2025.0,2025-01-01,1.4976043805612593,False,Active,,
30222,Altrina,Winter 2025,Winter,2025.0,2025-01-01,1.4976043805612593,False,Active,,
30223,a0.dev,Winter 2025,Winter,2025.0,2025-01-01,1.4976043805612593,False,Active,,
30224,Maritime Fusion,Winter 2025,Winter,2025.0,2025-01-01,1.4976043805612593,False,Active,,
30225,Trava,Winter 2025,Winter,2025.0,2025-01-01,1.4976043805612593,False,Active,,
30226,Tejas AI,Winter 2025,Winter,2025.0,2025-01-01,1.4976043805612593,False,Active,,
30227,Caseflood.ai,Winter 2025,Winter,2025.0,2025-01-01,1.4976043805612593,False,Active,,
30228,Weave,Winter 2025,Winter,2025.0,2025-01-01,1.4976043805612593,False,Active,,
30229,Maive,Winter 2025,Winter,2025.0,2025-01-01,1.4976043805612593,False,Active,,
30230,SalesPatriot,Winter 2025,Winter,2025.0,2025-01-01,1.4976043805612593,False,Active,,
30231,Paragon,Winter 2025,Winter,2025.0,2025-01-01,1.4976043805612593,False,Active,,
30232,careCycle,Winter 2025,Winter,2025.0,2025-01-01,1.4976043805612593,False,Active,,
30233,Inversion Semiconductor,Winter 2025,Winter,2025.0,2025-01-01,1.4976043805612593,False,Active,,
30234,Adam,Winter 2025,Winter,2025.0,2025-01-01,1.4976043805612593,False,Active,,
30235,Rally,Winter 2025,Winter,2025.0,2025-01-01,1.4976043805612593,False,Active,,
30236,Tergle,Winter 2025,Winter,2025.0,2025-01-01,1.4976043805612593,False,Active,,
30237,Trim,Winter 2025,Winter,2025.0,2025-01-01,1.4976043805612593,False,Active,,
30238,Amby Health,Winter 2025,Winter,2025.0,2025-01-01,1.4976043805612593,False,Active,,
30239,Cardamon,Winter 2025,Winter,2025.0,2025-01-01,1.4976043805612593,False,Active,,
30240,Bezel,Winter 2025,Winter,2025.0,2025-01-01,1.4976043805612593,False,Active,,
30241,ZeroEntropy,Winter 2025,Winter,2025.0,2025-01-01,1.4976043805612593,False,Active,,
30242,Oki,Winter 2025,Winter,2025.0,2025-01-01,1.4976043805612593,False,Active,,
30243,Cifrato,Winter 2025,Winter,2025.0,2025-01-01,1.4976043805612593,False,Active,,
30244,Mosaic,Winter 2025,Winter,2025.0,2025-01-01,1.4976043805612593,False,Active,,
30246,Swerve,Winter 2025,Winter,2025.0,2025-01-01,1.4976043805612593,False,Active,,
30247,Osmosis,Winter 2025,Winter,2025.0,2025-01-01,1.4976043805612593,False,Active,,
30248,Operand,Winter 2025,Winter,2025.0,2025-01-01,1.4976043805612593,False,Active,,
30249,HealthKey,Winter 2025,Winter,2025.0,2025-01-01,1.4976043805612593,False,Active,,
30250,10x,Winter 2025,Winter,2025.0,2025-01-01,1.4976043805612593,False,Active,,
30251,Mecha Health,Winter 2025,Winter,2025.0,2025-01-01,1.4976043805612593,False,Active,,
30252,Cuckoo Labs,Winter 2025,Winter,2025.0,2025-01-01,1.4976043805612593,False,Active,,
30253,finbar,Winter 2025,Winter,2025.0,2025-01-01,1.4976043805612593,False,Active,,
30254,hud,Winter 2025,Winter,2025.0,2025-01-01,1.4976043805612593,False,Active,,
30255,Olive,Winter 2025,Winter,2025.0,2025-01-01,1.4976043805612593,False,Active,,
30256,PAX Markets,Winter 2025,Winter,2025.0,2025-01-01,1.4976043805612593,False,Active,,
30257,Pave Robotics,Winter 2025,Winter,2025.0,2025-01-01,1.4976043805612593,False,Active,,
30258,Gale,Winter 2025,Winter,2025.0,2025-01-01,1.4976043805612593,False,Active,,
30259,Asteroid,Winter 2025,Winter,2025.0,2025-01-01,1.4976043805612593,False,Active,,
30260,Macadamia,Winter 2025,Winter,2025.0,2025-01-01,1.4976043805612593,False,Active,,
30261,Lucid,Winter 2025,Winter,2025.0,2025-01-01,1.4976043805612593,False,Active,,
30262,Pickle,Winter 2025,Winter,2025.0,2025-01-01,1.4976043805612593,False,Active,,
30263,Bindwell,Winter 2025,Winter,2025.0,2025-01-01,1.4976043805612593,False,Active,,
30264,Stillwind,Winter 2025,Winter,2025.0,2025-01-01,1.4976043805612593,False,Active,,
30265,Harbera,Winter 2025,Winter,2025.0,2025-01-01,1.4976043805612593,False,Active,,
30266,Cenote,Winter 2025,Winter,2025.0,2025-01-01,1.4976043805612593,False,Active,,
30267,Lopus,Winter 2025,Winter,2025.0,2025-01-01,1.4976043805612593,False,Active,,
30268,AthenaHQ,Winter 2025,Winter,2025.0,2025-01-01,1.4976043805612593,False,Active,,
30269,Pluto,Winter 2025,Winter,2025.0,2025-01-01,1.4976043805612593,False,Active,,
30270,G LNK,Winter 2025,Winter,2025.0,2025-01-01,1.4976043805612593,False,Active,,
30271,Mundo AI,Winter 2025,Winter,2025.0,2025-01-01,1.4976043805612593,False,Active,,
30272,Lucidic AI,Winter 2025,Winter,2025.0,2025-01-01,1.4976043805612593,False,Active,,
30273,Candor,Winter 2025,Winter,2025.0,2025-01-01,1.4976043805612593,False,Active,,
30274,Trata,Winter 2025,Winter,2025.0,2025-01-01,1.4976043805612593,False,Active,,
30275,Solidroad,Winter 2025,Winter,2025.0,2025-01-01,1.4976043805612593,False,Active,,
30276,General Trajectory,Winter 2025,Winter,2025.0,2025-01-01,1.4976043805612593,False,Active,,
30277,ReJot,Winter 2025,Winter,2025.0,2025-01-01,1.4976043805612593,False,Active,,
30278,Agentin AI,Winter 2025,Winter,2025.0,2025-01-01,1.4976043805612593,False,Active,,
30279,Bystreet,Winter 2025,Winter,2025.0,2025-01-01,1.4976043805612593,False,Active,,
30281,Waypoint Transit,Winter 2025,Winter,2025.0,2025-01-01,1.4976043805612593,False,Active,,
30282,Riviera,Winter 2025,Winter,2025.0,2025-01-01,1.4976043805612593,False,Active,,
30283,Confident AI,Winter 2025,Winter,2025.0,2025-01-01,1.4976043805612593,False,Active,,
30284,Exla,Winter 2025,Winter,2025.0,2025-01-01,1.4976043805612593,False,Active,,
30285,Karsa,Winter 2025,Winter,2025.0,2025-01-01,1.4976043805612593,False,Active,,
30286,Nitrode,Winter 2025,Winter,2025.0,2025-01-01,1.4976043805612593,False,Active,,
30287,Calltree,Winter 2025,Winter,2025.0,2025-01-01,1.4976043805612593,False,Active,,
30288,Harper,Winter 2025,Winter,2025.0,2025-01-01,1.4976043805612593,False,Active,,
30290,Tire Swing,Winter 2025,Winter,2025.0,2025-01-01,1.4976043805612593,False,Active,,
30291,Outlit,Winter 2025,Winter,2025.0,2025-01-01,1.4976043805612593,False,Active,,
30292,Mesh,Winter 2025,Winter,2025.0,2025-01-01,1.4976043805612593,False,Active,,
30293,Orbital Operations,Winter 2025,Winter,2025.0,2025-01-01,1.4976043805612593,False,Active,,
30294,Sennu AI,Winter 2025,Winter,2025.0,2025-01-01,1.4976043805612593,False,Active,,
30295,Infinite,Winter 2025,Winter,2025.0,2025-01-01,1.4976043805612593,False,Active,,
30296,Peppr AI,Winter 2025,Winter,2025.0,2025-01-01,1.4976043805612593,False,Active,,
30297,OpenIntake,Winter 2025,Winter,2025.0,2025-01-01,1.4976043805612593,False,Active,,
30298,Artificial Societies,Winter 2025,Winter,2025.0,2025-01-01,1.4976043805612593,False,Active,,
30299,Miyagi Labs,Winter 2025,Winter,2025.0,2025-01-01,1.4976043805612593,False,Active,,
30301,FuseAI,Winter 2025,Winter,2025.0,2025-01-01,1.4976043805612593,False,Active,,
30302,Misprint,Winter 2025,Winter,2025.0,2025-01-01,1.4976043805612593,False,Active,,
30303,AfterQuery,Winter 2025,Winter,2025.0,2025-01-01,1.4976043805612593,False,Active,,
30304,Mastra,Winter 2025,Winter,2025.0,2025-01-01,1.4976043805612593,False,Active,,
30305,Forge Automation,Winter 2025,Winter,2025.0,2025-01-01,1.4976043805612593,False,Active,,
30307,Archon,Winter 2025,Winter,2025.0,2025-01-01,1.4976043805612593,False,Active,,
30312,Retrofit,Winter 2025,Winter,2025.0,2025-01-01,1.4976043805612593,False,Active,,
30314,Pinch,Winter 2025,Winter,2025.0,2025-01-01,1.4976043805612593,False,Active,,
30315,Optifye.ai,Winter 2025,Winter,2025.0,2025-01-01,1.4976043805612593,False,Active,,
30316,Reditus Space,Winter 2025,Winter,2025.0,2025-01-01,1.4976043805612593,False,Active,,
30317,Permitify,Winter 2025,Winter,2025.0,2025-01-01,1.4976043805612593,False,Active,,
30318,Wildcard,Winter 2025,Winter,2025.0,2025-01-01,1.4976043805612593,False,Active,,
30319,Corsair,Winter 2025,Winter,2025.0,2025-01-01,1.4976043805612593,False,Active,,
30320,Proception Inc,Winter 2025,Winter,2025.0,2025-01-01,1.4976043805612593,False,Active,,
30321,Woz,Winter 2025,Winter,2025.0,2025-01-01,1.4976043805612593,False,Active,,
30322,Spott,Winter 2025,Winter,2025.0,2025-01-01,1.4976043805612593,False,Active,,
30324,Rebolt,Winter 2025,Winter,2025.0,2025-01-01,1.4976043805612593,False,Active,,
30325,Roark,Winter 2025,Winter,2025.0,2025-01-01,1.4976043805612593,False,Active,,
30328,Dalus,Winter 2025,Winter,2025.0,2025-01-01,1.4976043805612593,False,Active,,
30329,Waffle,Spring 2025,Spring,2025.0,2025-04-01,1.2511978097193703,False,Active,,
30333,TensorPool,Winter 2025,Winter,2025.0,2025-01-01,1.4976043805612593,False,Active,,
30334,Bluebook,Winter 2025,Winter,2025.0,2025-01-01,1.4976043805612593,False,Active,,
30335,Butter,Winter 2025,Winter,2025.0,2025-01-01,1.4976043805612593,False,Active,,
30336,Atlog,Spring 2025,Spring,2025.0,2025-04-01,1.2511978097193703,False,Active,,
30337,Paratus Health,Winter 2025,Winter,2025.0,2025-01-01,1.4976043805612593,False,Active,,
30338,CopyCat,Winter 2025,Winter,2025.0,2025-01-01,1.4976043805612593,False,Active,,
30339,Ergo,Winter 2025,Winter,2025.0,2025-01-01,1.4976043805612593,False,Active,,
30340,TamLabs,Winter 2025,Winter,2025.0,2025-01-01,1.4976043805612593,False,Active,,
30341,Browser Use,Winter 2025,Winter,2025.0,2025-01-01,1.4976043805612593,False,Active,,
30343,Cedar,Winter 2025,Winter,2025.0,2025-01-01,1.4976043805612593,False,Active,,
30345,Tee Time Tommy,Winter 2025,Winter,2025.0,2025-01-01,1.4976043805612593,False,Active,,
30346,Mercura,Winter 2025,Winter,2025.0,2025-01-01,1.4976043805612593,False,Active,,
30347,Instinct,Winter 2025,Winter,2025.0,2025-01-01,1.4976043805612593,False,Active,,
30348,SAMMY Labs,Winter 2025,Winter,2025.0,2025-01-01,1.4976043805612593,False,Active,,
30349,Hudson,Winter 2025,Winter,2025.0,2025-01-01,1.4976043805612593,False,Active,,
30350,TrainLoop,Winter 2025,Winter,2025.0,2025-01-01,1.4976043805612593,False,Active,,
30351,Dex,Winter 2025,Winter,2025.0,2025-01-01,1.4976043805612593,False,Active,,
30352,Monte,Summer 2025,Summer,2025.0,2025-06-01,1.0841889117043122,False,Active,,
30353,Axal,Winter 2025,Winter,2025.0,2025-01-01,1.4976043805612593,False,Active,,
30354,Artifact,Winter 2025,Winter,2025.0,2025-01-01,1.4976043805612593,False,Active,,
30355,assistant-ui,Winter 2025,Winter,2025.0,2025-01-01,1.4976043805612593,False,Active,,
30356,Fira,Winter 2025,Winter,2025.0,2025-01-01,1.4976043805612593,False,Active,,
30357,Vantel,Winter 2025,Winter,2025.0,2025-01-01,1.4976043805612593,False,Active,,
30362,Ambral,Summer 2025,Summer,2025.0,2025-06-01,1.0841889117043122,False,Active,,
30363,BlindPay,Winter 2025,Winter,2025.0,2025-01-01,1.4976043805612593,False,Active,,
30364,Wayline,Summer 2025,Summer,2025.0,2025-06-01,1.0841889117043122,False,Active,,
30365,Mentra,Winter 2025,Winter,2025.0,2025-01-01,1.4976043805612593,False,Active,,
30366,Blaxel,Spring 2025,Spring,2025.0,2025-04-01,1.2511978097193703,False,Active,,
30367,QFEX,Spring 2025,Spring,2025.0,2025-04-01,1.2511978097193703,False,Active,,
30368,Red Barn Robotics,Winter 2025,Winter,2025.0,2025-01-01,1.4976043805612593,False,Active,,
30384,Chestnut,Spring 2025,Spring,2025.0,2025-04-01,1.2511978097193703,False,Active,,
30399,Frekil,Spring 2025,Spring,2025.0,2025-04-01,1.2511978097193703,False,Active,,
30400,Plexe,Spring 2025,Spring,2025.0,2025-04-01,1.2511978097193703,False,Active,,
30402,Kashikoi,Spring 2025,Spring,2025.0,2025-04-01,1.2511978097193703,False,Active,,
30403,Aravolta,Spring 2025,Spring,2025.0,2025-04-01,1.2511978097193703,False,Active,,
30404,Vybe,Spring 2025,Spring,2025.0,2025-04-01,1.2511978097193703,False,Active,,
30405,nao Labs,Spring 2025,Spring,2025.0,2025-04-01,1.2511978097193703,False,Active,,
30406,BitBoard,Spring 2025,Spring,2025.0,2025-04-01,1.2511978097193703,False,Active,,
30407,Golf,Spring 2025,Spring,2025.0,2025-04-01,1.2511978097193703,False,Active,,
30408,Autostep,Spring 2026,Spring,2026.0,2026-04-01,0.2518822724161533,False,Active,,
30411,cubic,Spring 2025,Spring,2025.0,2025-04-01,1.2511978097193703,False,Active,,
30412,Bloom,Spring 2025,Spring,2025.0,2025-04-01,1.2511978097193703,False,Active,,
30413,Serafis,Summer 2025,Summer,2025.0,2025-06-01,1.0841889117043122,False,Active,,
30415,Avallon AI,Spring 2025,Spring,2025.0,2025-04-01,1.2511978097193703,False,Active,,
30417,GroundControl,Spring 2025,Spring,2025.0,2025-04-01,1.2511978097193703,False,Active,,
30418,Kanava AI,Spring 2025,Spring,2025.0,2025-04-01,1.2511978097193703,False,Inactive,,
30419,Minerva,Spring 2025,Spring,2025.0,2025-04-01,1.2511978097193703,False,Active,,
30420,Cua,Spring 2025,Spring,2025.0,2025-04-01,1.2511978097193703,False,Active,,
30421,Synthio Labs,Spring 2025,Spring,2025.0,2025-04-01,1.2511978097193703,False,Active,,
30422,Galen AI,Spring 2025,Spring,2025.0,2025-04-01,1.2511978097193703,False,Acquired,,
30423,neoncoral,Spring 2025,Spring,2025.0,2025-04-01,1.2511978097193703,False,Active,,
30425,Auctor,Spring 2025,Spring,2025.0,2025-04-01,1.2511978097193703,False,Active,,
30426,Ralo,Spring 2025,Spring,2025.0,2025-04-01,1.2511978097193703,False,Active,,
30427,Acolite,Spring 2025,Spring,2025.0,2025-04-01,1.2511978097193703,False,Active,,
30428,Capacitive,Spring 2025,Spring,2025.0,2025-04-01,1.2511978097193703,False,Active,,
30429,Claim Health,Spring 2025,Spring,2025.0,2025-04-01,1.2511978097193703,False,Active,,
30430,Almond,Spring 2025,Spring,2025.0,2025-04-01,1.2511978097193703,False,Active,,
30431,Feyn,Spring 2025,Spring,2025.0,2025-04-01,1.2511978097193703,False,Active,,
30432,HelixDB,Spring 2025,Spring,2025.0,2025-04-01,1.2511978097193703,False,Active,,
30433,The Robot Learning Company,Spring 2025,Spring,2025.0,2025-04-01,1.2511978097193703,False,Active,,
30434,Zeon Systems,Spring 2025,Spring,2025.0,2025-04-01,1.2511978097193703,False,Active,,
30435,Alpha Research,Spring 2025,Spring,2025.0,2025-04-01,1.2511978097193703,False,Active,,
30437,Kaelio,Spring 2025,Spring,2025.0,2025-04-01,1.2511978097193703,False,Active,,
30438,Beluga,Spring 2025,Spring,2025.0,2025-04-01,1.2511978097193703,False,Active,,
30439,Clarm,Spring 2025,Spring,2025.0,2025-04-01,1.2511978097193703,False,Active,,
30440,Sim,Spring 2025,Spring,2025.0,2025-04-01,1.2511978097193703,False,Active,,
30441,stratify,Spring 2025,Spring,2025.0,2025-04-01,1.2511978097193703,False,Active,,
30442,YouLearn,Spring 2025,Spring,2025.0,2025-04-01,1.2511978097193703,False,Active,,
30443,Units,Spring 2025,Spring,2025.0,2025-04-01,1.2511978097193703,False,Active,,
30444,Percival,Spring 2025,Spring,2025.0,2025-04-01,1.2511978097193703,False,Active,,
30445,Mbodi AI,Spring 2025,Spring,2025.0,2025-04-01,1.2511978097193703,False,Active,,
30446,Kirana AI,Spring 2025,Spring,2025.0,2025-04-01,1.2511978097193703,False,Active,,
30447,Caucus,Spring 2025,Spring,2025.0,2025-04-01,1.2511978097193703,False,Inactive,,
30448,PgDog,Spring 2025,Spring,2025.0,2025-04-01,1.2511978097193703,False,Active,,
30449,Attune,Spring 2025,Spring,2025.0,2025-04-01,1.2511978097193703,False,Active,,
30450,Kestral,Spring 2025,Spring,2025.0,2025-04-01,1.2511978097193703,False,Active,,
30451,Bluejay,Spring 2025,Spring,2025.0,2025-04-01,1.2511978097193703,False,Active,,
30452,Better Auth,Spring 2025,Spring,2025.0,2025-04-01,1.2511978097193703,False,Active,,
30453,Parsewise,Spring 2025,Spring,2025.0,2025-04-01,1.2511978097193703,False,Active,,
30454,Refresh,Spring 2025,Spring,2025.0,2025-04-01,1.2511978097193703,False,Active,,
30455,The LLM Data Company,Spring 2025,Spring,2025.0,2025-04-01,1.2511978097193703,False,Active,,
30456,Tinfoil,Spring 2025,Spring,2025.0,2025-04-01,1.2511978097193703,False,Active,,
30457,Trapeze,Spring 2025,Spring,2025.0,2025-04-01,1.2511978097193703,False,Active,,
30458,Jeevy Fabrication,Spring 2025,Spring,2025.0,2025-04-01,1.2511978097193703,False,Active,,
30459,Chiron,Spring 2025,Spring,2025.0,2025-04-01,1.2511978097193703,False,Active,,
30460,VoiceOS,Spring 2025,Spring,2025.0,2025-04-01,1.2511978097193703,False,Active,,
30461,Combinely,Spring 2025,Spring,2025.0,2025-04-01,1.2511978097193703,False,Active,,
30462,Freesolo,Spring 2025,Spring,2025.0,2025-04-01,1.2511978097193703,False,Active,,
30463,Tegore,Spring 2025,Spring,2025.0,2025-04-01,1.2511978097193703,False,Active,,
30464,Sixtyfour,Spring 2025,Spring,2025.0,2025-04-01,1.2511978097193703,False,Active,,
30465,Photonium,Spring 2025,Spring,2025.0,2025-04-01,1.2511978097193703,False,Active,,
30466,Labric,Spring 2025,Spring,2025.0,2025-04-01,1.2511978097193703,False,Active,,
30467,Opusense AI,Spring 2025,Spring,2025.0,2025-04-01,1.2511978097193703,False,Active,,
30468,Clidey,Spring 2025,Spring,2025.0,2025-04-01,1.2511978097193703,False,Active,,
30469,HABIT,Spring 2025,Spring,2025.0,2025-04-01,1.2511978097193703,False,Active,,
30471,Kaizen,Spring 2025,Spring,2025.0,2025-04-01,1.2511978097193703,False,Active,,
30472,Ticket Wallet,Spring 2025,Spring,2025.0,2025-04-01,1.2511978097193703,False,Active,,
30474,RunRL,Spring 2025,Spring,2025.0,2025-04-01,1.2511978097193703,False,Active,,
30475,Morphik,Spring 2025,Spring,2025.0,2025-04-01,1.2511978097193703,False,Active,,
30476,Nomi,Spring 2025,Spring,2025.0,2025-04-01,1.2511978097193703,False,Active,,
30477,Casco,Spring 2025,Spring,2025.0,2025-04-01,1.2511978097193703,False,Active,,
30479,Crimson,Spring 2025,Spring,2025.0,2025-04-01,1.2511978097193703,False,Active,,
30480,Flott HQ,Spring 2025,Spring,2025.0,2025-04-01,1.2511978097193703,False,Active,,
30482,Lucis,Spring 2025,Spring,2025.0,2025-04-01,1.2511978097193703,False,Active,,
30484,throxy,Spring 2025,Spring,2025.0,2025-04-01,1.2511978097193703,False,Active,,
30485,Anana,Spring 2025,Spring,2025.0,2025-04-01,1.2511978097193703,False,Active,,
30487,Lyra,Spring 2025,Spring,2025.0,2025-04-01,1.2511978097193703,False,Active,,
30488,Theta,Spring 2025,Spring,2025.0,2025-04-01,1.2511978097193703,False,Active,,
30491,Novoflow,Spring 2025,Spring,2025.0,2025-04-01,1.2511978097193703,False,Active,,
30492,Prism,Spring 2025,Spring,2025.0,2025-04-01,1.2511978097193703,False,Active,,
30494,Nixo,Summer 2025,Summer,2025.0,2025-06-01,1.0841889117043122,False,Active,,
30496,QualGent,Spring 2025,Spring,2025.0,2025-04-01,1.2511978097193703,False,Active,,
30497,Human Behavior,Spring 2025,Spring,2025.0,2025-04-01,1.2511978097193703,False,Active,,
30498,Alkali,Spring 2025,Spring,2025.0,2025-04-01,1.2511978097193703,False,Active,,
30500,Besimple AI,Spring 2025,Spring,2025.0,2025-04-01,1.2511978097193703,False,Active,,
30501,Cartpole,Spring 2025,Spring,2025.0,2025-04-01,1.2511978097193703,False,Active,,
30502,PowerMatrix,Spring 2025,Spring,2025.0,2025-04-01,1.2511978097193703,False,Active,,
30503,Vesence,Spring 2025,Spring,2025.0,2025-04-01,1.2511978097193703,False,Active,,
30504,Third Chair,Spring 2025,Spring,2025.0,2025-04-01,1.2511978097193703,False,Active,,
30506,Klavis AI,Spring 2025,Spring,2025.0,2025-04-01,1.2511978097193703,False,Active,,
30507,ParaQuery,Spring 2025,Spring,2025.0,2025-04-01,1.2511978097193703,False,Active,,
30508,Sygaldry Technologies,Spring 2025,Spring,2025.0,2025-04-01,1.2511978097193703,False,Active,,
30509,Boost Robotics,Spring 2025,Spring,2025.0,2025-04-01,1.2511978097193703,False,Active,,
30510,Cactus,Summer 2025,Summer,2025.0,2025-06-01,1.0841889117043122,False,Active,,
30511,Vassar Robotics,Spring 2025,Spring,2025.0,2025-04-01,1.2511978097193703,False,Active,,
30512,MorphoAI,Spring 2025,Spring,2025.0,2025-04-01,1.2511978097193703,False,Active,,
30513,Eloquent AI,Spring 2025,Spring,2025.0,2025-04-01,1.2511978097193703,False,Active,,
30514,Scalar Field,Spring 2025,Spring,2025.0,2025-04-01,1.2511978097193703,False,Active,,
30515,Libretto,Spring 2025,Spring,2025.0,2025-04-01,1.2511978097193703,False,Active,,
30516,Bramante,Spring 2025,Spring,2025.0,2025-04-01,1.2511978097193703,False,Active,,
30517,ValueMate,Spring 2025,Spring,2025.0,2025-04-01,1.2511978097193703,False,Active,,
30518,Orchid,Spring 2025,Spring,2025.0,2025-04-01,1.2511978097193703,False,Active,,
30519,Hemut,Spring 2025,Spring,2025.0,2025-04-01,1.2511978097193703,False,Active,,
30520,Synthetic Society,Summer 2025,Summer,2025.0,2025-06-01,1.0841889117043122,False,Active,,
30521,Kairos,Spring 2025,Spring,2025.0,2025-04-01,1.2511978097193703,False,Active,,
30522,Naïve,Spring 2025,Spring,2025.0,2025-04-01,1.2511978097193703,False,Active,,
30523,Mesmer,Spring 2025,Spring,2025.0,2025-04-01,1.2511978097193703,False,Active,,
30526,chrt,Spring 2025,Spring,2025.0,2025-04-01,1.2511978097193703,False,Active,,
30527,MindFort,Spring 2025,Spring,2025.0,2025-04-01,1.2511978097193703,False,Active,,
30528,Probo,Spring 2025,Spring,2025.0,2025-04-01,1.2511978097193703,False,Active,,
30529,Adentris,Spring 2025,Spring,2025.0,2025-04-01,1.2511978097193703,False,Active,,
30530,Rimba,Spring 2025,Spring,2025.0,2025-04-01,1.2511978097193703,False,Active,,
30531,Moby Analytics,Spring 2025,Spring,2025.0,2025-04-01,1.2511978097193703,False,Active,,
30532,Nimbic AI,Spring 2025,Spring,2025.0,2025-04-01,1.2511978097193703,False,Active,,
30533,Pelica,Spring 2025,Spring,2025.0,2025-04-01,1.2511978097193703,False,Active,,
30535,Cotool,Spring 2025,Spring,2025.0,2025-04-01,1.2511978097193703,False,Active,,
30536,Propolis,Spring 2025,Spring,2025.0,2025-04-01,1.2511978097193703,False,Acquired,,
30538,Den,Spring 2025,Spring,2025.0,2025-04-01,1.2511978097193703,False,Active,,
30539,mlop,Spring 2025,Spring,2025.0,2025-04-01,1.2511978097193703,False,Active,,
30540,Lumari,Spring 2025,Spring,2025.0,2025-04-01,1.2511978097193703,False,Active,,
30541,Code Four,Spring 2025,Spring,2025.0,2025-04-01,1.2511978097193703,False,Active,,
30542,Vision Lab,Spring 2025,Spring,2025.0,2025-04-01,1.2511978097193703,False,Active,,
30543,Cactus,Spring 2025,Spring,2025.0,2025-04-01,1.2511978097193703,False,Active,,
30544,Wavedash,Spring 2025,Spring,2025.0,2025-04-01,1.2511978097193703,False,Active,,
30545,StarSling,Spring 2025,Spring,2025.0,2025-04-01,1.2511978097193703,False,Active,,
30547,Text.ai,Spring 2025,Spring,2025.0,2025-04-01,1.2511978097193703,False,Active,,
30548,Theorem,Spring 2025,Spring,2025.0,2025-04-01,1.2511978097193703,False,Active,,
30549,Airweave,Spring 2025,Spring,2025.0,2025-04-01,1.2511978097193703,False,Active,,
30552,sieve,Spring 2025,Spring,2025.0,2025-04-01,1.2511978097193703,False,Active,,
30553,Blueshoe,Spring 2025,Spring,2025.0,2025-04-01,1.2511978097193703,False,Active,,
30554,Bond,Spring 2025,Spring,2025.0,2025-04-01,1.2511978097193703,False,Active,,
30556,Cascade Space,Spring 2025,Spring,2025.0,2025-04-01,1.2511978097193703,False,Active,,
30557,Aegis,Spring 2025,Spring,2025.0,2025-04-01,1.2511978097193703,False,Active,,
30558,BitPatrol,Spring 2025,Spring,2025.0,2025-04-01,1.2511978097193703,False,Acquired,,
30559,Godela,Spring 2025,Spring,2025.0,2025-04-01,1.2511978097193703,False,Active,,
30560,Foundation Industries,Spring 2025,Spring,2025.0,2025-04-01,1.2511978097193703,False,Active,,
30561,Sureform,Spring 2025,Spring,2025.0,2025-04-01,1.2511978097193703,False,Active,,
30562,Docket,Spring 2025,Spring,2025.0,2025-04-01,1.2511978097193703,False,Active,,
30565,Cohesive,Spring 2025,Spring,2025.0,2025-04-01,1.2511978097193703,False,Active,,
30566,Preseen,Summer 2025,Summer,2025.0,2025-06-01,1.0841889117043122,False,Active,,
30569,Fifth Door,Fall 2025,Fall,2025.0,2025-09-01,0.8323066392881588,False,Active,,
30582,Pingo AI,Summer 2025,Summer,2025.0,2025-06-01,1.0841889117043122,False,Active,,
30591,Autonomous Technologies Group,Fall 2025,Fall,2025.0,2025-09-01,0.8323066392881588,False,Active,,
30592,Prox,Fall 2025,Fall,2025.0,2025-09-01,0.8323066392881588,False,Active,,
30596,Adaptional,Summer 2025,Summer,2025.0,2025-06-01,1.0841889117043122,False,Active,,
30598,GETASAP,Summer 2025,Summer,2025.0,2025-06-01,1.0841889117043122,False,Active,,
30602,Meteor,Summer 2025,Summer,2025.0,2025-06-01,1.0841889117043122,False,Active,,
30603,Closera,Summer 2025,Summer,2025.0,2025-06-01,1.0841889117043122,False,Active,,
30604,Parametric,Fall 2025,Fall,2025.0,2025-09-01,0.8323066392881588,False,Active,,
30605,Dedalus Labs,Summer 2025,Summer,2025.0,2025-06-01,1.0841889117043122,False,Active,,
30606,Acrely,Summer 2025,Summer,2025.0,2025-06-01,1.0841889117043122,False,Active,,
30607,The Prompting Company,Summer 2025,Summer,2025.0,2025-06-01,1.0841889117043122,False,Active,,
30608,MangoDesk,Summer 2025,Summer,2025.0,2025-06-01,1.0841889117043122,False,Active,,
30609,Halluminate,Summer 2025,Summer,2025.0,2025-06-01,1.0841889117043122,False,Active,,
30610,TraceRoot.AI,Summer 2025,Summer,2025.0,2025-06-01,1.0841889117043122,False,Active,,
30611,AgentMail,Summer 2025,Summer,2025.0,2025-06-01,1.0841889117043122,False,Active,,
30612,truthsystems,Summer 2025,Summer,2025.0,2025-06-01,1.0841889117043122,False,Active,,
30613,Blank Bio,Summer 2025,Summer,2025.0,2025-06-01,1.0841889117043122,False,Active,,
30614,Astor,Summer 2025,Summer,2025.0,2025-06-01,1.0841889117043122,False,Active,,
30615,Lanesurf,Summer 2025,Summer,2025.0,2025-06-01,1.0841889117043122,False,Active,,
30616,args,Summer 2025,Summer,2025.0,2025-06-01,1.0841889117043122,False,Active,,
30618,Golpo,Summer 2025,Summer,2025.0,2025-06-01,1.0841889117043122,False,Active,,
30619,Shor,Summer 2025,Summer,2025.0,2025-06-01,1.0841889117043122,False,Active,,
30620,Bidflow,Winter 2026,Winter,2026.0,2026-01-01,0.49828884325804246,False,Active,,
30622,Liva AI,Summer 2025,Summer,2025.0,2025-06-01,1.0841889117043122,False,Active,,
30623,Playgent,Summer 2025,Summer,2025.0,2025-06-01,1.0841889117043122,False,Active,,
30624,Verne Robotics,Summer 2025,Summer,2025.0,2025-06-01,1.0841889117043122,False,Active,,
30625,LLM Stats,Summer 2025,Summer,2025.0,2025-06-01,1.0841889117043122,False,Active,,
30626,ContextFort,Summer 2025,Summer,2025.0,2025-06-01,1.0841889117043122,False,Active,,
30628,Datafruit,Summer 2025,Summer,2025.0,2025-06-01,1.0841889117043122,False,Active,,
30629,Topological,Summer 2025,Summer,2025.0,2025-06-01,1.0841889117043122,False,Active,,
30630,Lark,Summer 2025,Summer,2025.0,2025-06-01,1.0841889117043122,False,Active,,
30631,Null Labs,Fall 2025,Fall,2025.0,2025-09-01,0.8323066392881588,False,Active,,
30634,bitrig,Summer 2025,Summer,2025.0,2025-06-01,1.0841889117043122,False,Active,,
30635,"Galactic Resource Utilization Space, Inc. (GRU Space)",Winter 2026,Winter,2026.0,2026-01-01,0.49828884325804246,False,Active,,
30636,EffiGov,Summer 2025,Summer,2025.0,2025-06-01,1.0841889117043122,False,Active,,
30637,Design Arena,Summer 2025,Summer,2025.0,2025-06-01,1.0841889117043122,False,Active,,
30638,Lotas,Summer 2025,Summer,2025.0,2025-06-01,1.0841889117043122,False,Active,,
30639,Signals,Winter 2026,Winter,2026.0,2026-01-01,0.49828884325804246,False,Active,,
30640,Monarcha,Summer 2025,Summer,2025.0,2025-06-01,1.0841889117043122,False,Active,,
30641,Overdrive Health,Winter 2026,Winter,2026.0,2026-01-01,0.49828884325804246,False,Active,,
30642,Orange Slice,Summer 2025,Summer,2025.0,2025-06-01,1.0841889117043122,False,Active,,
30643,Nuntius,Summer 2025,Summer,2025.0,2025-06-01,1.0841889117043122,False,Inactive,,
30644,Wafer,Summer 2025,Summer,2025.0,2025-06-01,1.0841889117043122,False,Active,,
30645,Panels,Summer 2025,Summer,2025.0,2025-06-01,1.0841889117043122,False,Active,,
30646,Humwork,Spring 2026,Spring,2026.0,2026-04-01,0.2518822724161533,False,Active,,
30647,Cyberdesk,Summer 2025,Summer,2025.0,2025-06-01,1.0841889117043122,False,Active,,
30648,Janet AI,Summer 2025,Summer,2025.0,2025-06-01,1.0841889117043122,False,Active,,
30649,Lilac,Summer 2025,Summer,2025.0,2025-06-01,1.0841889117043122,False,Active,,
30650,Imprezia,Summer 2025,Summer,2025.0,2025-06-01,1.0841889117043122,False,Active,,
30651,Alter,Summer 2025,Summer,2025.0,2025-06-01,1.0841889117043122,False,Active,,
30652,OnDeck AI,Summer 2025,Summer,2025.0,2025-06-01,1.0841889117043122,False,Active,,
30653,Async,Summer 2025,Summer,2025.0,2025-06-01,1.0841889117043122,False,Active,,
30655,Frizzle,Summer 2025,Summer,2025.0,2025-06-01,1.0841889117043122,False,Active,,
30656,DeepGrove,Summer 2025,Summer,2025.0,2025-06-01,1.0841889117043122,False,Active,,
30657,Nori,Fall 2025,Fall,2025.0,2025-09-01,0.8323066392881588,False,Active,,
30659,Proliferate,Summer 2025,Summer,2025.0,2025-06-01,1.0841889117043122,False,Active,,
30660,Magnitude,Summer 2025,Summer,2025.0,2025-06-01,1.0841889117043122,False,Active,,
30661,Stockline,Summer 2025,Summer,2025.0,2025-06-01,1.0841889117043122,False,Active,,
30662,DeepAware AI,Summer 2025,Summer,2025.0,2025-06-01,1.0841889117043122,False,Active,,
30663,Tesora,Summer 2025,Summer,2025.0,2025-06-01,1.0841889117043122,False,Active,,
30664,Kestroll,Summer 2025,Summer,2025.0,2025-06-01,1.0841889117043122,False,Active,,
30665,Pangolin,Summer 2025,Summer,2025.0,2025-06-01,1.0841889117043122,False,Active,,
30666,CareSwift,Summer 2025,Summer,2025.0,2025-06-01,1.0841889117043122,False,Active,,
30668,Wedge,Summer 2025,Summer,2025.0,2025-06-01,1.0841889117043122,False,Active,,
30669,Slashy,Summer 2025,Summer,2025.0,2025-06-01,1.0841889117043122,False,Active,,
30670,cocreate,Summer 2025,Summer,2025.0,2025-06-01,1.0841889117043122,False,Active,,
30671,Panoptive,Summer 2025,Summer,2025.0,2025-06-01,1.0841889117043122,False,Active,,
30673,Nexa Labs,Summer 2025,Summer,2025.0,2025-06-01,1.0841889117043122,False,Acquired,,
30675,BootLoop,Summer 2025,Summer,2025.0,2025-06-01,1.0841889117043122,False,Active,,
30676,Stellon Labs,Summer 2025,Summer,2025.0,2025-06-01,1.0841889117043122,False,Active,,
30677,Kalinda,Summer 2025,Summer,2025.0,2025-06-01,1.0841889117043122,False,Active,,
30680,Riverbank,Summer 2025,Summer,2025.0,2025-06-01,1.0841889117043122,False,Active,,
30681,Parachute,Summer 2025,Summer,2025.0,2025-06-01,1.0841889117043122,False,Active,,
30683,Theora,Summer 2025,Summer,2025.0,2025-06-01,1.0841889117043122,False,Active,,
30684,Doe,Summer 2025,Summer,2025.0,2025-06-01,1.0841889117043122,False,Active,,
30685,IronLedger.ai,Summer 2025,Summer,2025.0,2025-06-01,1.0841889117043122,False,Active,,
30686,Interface,Summer 2025,Summer,2025.0,2025-06-01,1.0841889117043122,False,Active,,
30687,Trace,Summer 2025,Summer,2025.0,2025-06-01,1.0841889117043122,False,Active,,
30688,Fulcrum,Summer 2025,Summer,2025.0,2025-06-01,1.0841889117043122,False,Active,,
30689,b12 Labs,Summer 2025,Summer,2025.0,2025-06-01,1.0841889117043122,False,Active,,
30690,Flai,Summer 2025,Summer,2025.0,2025-06-01,1.0841889117043122,False,Active,,
30691,Embedder,Summer 2025,Summer,2025.0,2025-06-01,1.0841889117043122,False,Active,,
30692,Costream,Summer 2025,Summer,2025.0,2025-06-01,1.0841889117043122,False,Active,,
30694,Epicenter,Summer 2025,Summer,2025.0,2025-06-01,1.0841889117043122,False,Active,,
30695,Channel3,Summer 2025,Summer,2025.0,2025-06-01,1.0841889117043122,False,Active,,
30696,GhostEye,Summer 2025,Summer,2025.0,2025-06-01,1.0841889117043122,False,Active,,
30697,Normal,Summer 2025,Summer,2025.0,2025-06-01,1.0841889117043122,False,Active,,
30698,Comena,Summer 2025,Summer,2025.0,2025-06-01,1.0841889117043122,False,Active,,
30699,VibeFlow,Summer 2025,Summer,2025.0,2025-06-01,1.0841889117043122,False,Active,,
30700,Nozomio,Summer 2025,Summer,2025.0,2025-06-01,1.0841889117043122,False,Active,,
30701,Mimos,Summer 2025,Summer,2025.0,2025-06-01,1.0841889117043122,False,Active,,
30702,TwentyTwo,Summer 2025,Summer,2025.0,2025-06-01,1.0841889117043122,False,Active,,
30703,Physical Turing,Summer 2025,Summer,2025.0,2025-06-01,1.0841889117043122,False,Active,,
30704,Albacore Inc.,Summer 2025,Summer,2025.0,2025-06-01,1.0841889117043122,False,Active,,
30706,Solva,Summer 2025,Summer,2025.0,2025-06-01,1.0841889117043122,False,Active,,
30707,Phases,Summer 2025,Summer,2025.0,2025-06-01,1.0841889117043122,False,Active,,
30708,Perseus Defense,Summer 2025,Summer,2025.0,2025-06-01,1.0841889117043122,False,Active,,
30709,Novaflow,Summer 2025,Summer,2025.0,2025-06-01,1.0841889117043122,False,Active,,
30710,Manufact,Summer 2025,Summer,2025.0,2025-06-01,1.0841889117043122,False,Active,,
30711,Char,Summer 2025,Summer,2025.0,2025-06-01,1.0841889117043122,False,Active,,
30712,Relling,Summer 2025,Summer,2025.0,2025-06-01,1.0841889117043122,False,Active,,
30713,Motives,Summer 2025,Summer,2025.0,2025-06-01,1.0841889117043122,False,Active,,
30715,Autumn AI,Winter 2026,Winter,2026.0,2026-01-01,0.49828884325804246,False,Active,,
30716,Finto,Summer 2025,Summer,2025.0,2025-06-01,1.0841889117043122,False,Active,,
30717,Iron Grid,Summer 2025,Summer,2025.0,2025-06-01,1.0841889117043122,False,Active,,
30719,ProcIndex,Summer 2025,Summer,2025.0,2025-06-01,1.0841889117043122,False,Active,,
30720,Autosana,Summer 2025,Summer,2025.0,2025-06-01,1.0841889117043122,False,Active,,
30721,Knowlify,Summer 2025,Summer,2025.0,2025-06-01,1.0841889117043122,False,Active,,
30722,Omnara,Summer 2025,Summer,2025.0,2025-06-01,1.0841889117043122,False,Active,,
30723,Miso Labs,Spring 2026,Spring,2026.0,2026-04-01,0.2518822724161533,False,Active,,
30724,Risely AI,Summer 2025,Summer,2025.0,2025-06-01,1.0841889117043122,False,Active,,
30725,Minimal AI,Summer 2025,Summer,2025.0,2025-06-01,1.0841889117043122,False,Active,,
30726,Socratix AI,Summer 2025,Summer,2025.0,2025-06-01,1.0841889117043122,False,Active,,
30727,Alara,Summer 2025,Summer,2025.0,2025-06-01,1.0841889117043122,False,Active,,
30728,OS3,Summer 2026,Summer,2026.0,2026-06-01,0.08487337440109514,False,Active,,
30729,Floot,Summer 2025,Summer,2025.0,2025-06-01,1.0841889117043122,False,Active,,
30730,Idler,Summer 2025,Summer,2025.0,2025-06-01,1.0841889117043122,False,Active,,
30731,Maximal,Summer 2025,Summer,2025.0,2025-06-01,1.0841889117043122,False,Active,,
30732,Humoniq,Summer 2025,Summer,2025.0,2025-06-01,1.0841889117043122,False,Active,,
30733,Nautilus,Summer 2025,Summer,2025.0,2025-06-01,1.0841889117043122,False,Active,,
30734,Avelis Health,Summer 2025,Summer,2025.0,2025-06-01,1.0841889117043122,False,Active,,
30736,PARES AI,Summer 2025,Summer,2025.0,2025-06-01,1.0841889117043122,False,Active,,
30737,Foresight,Spring 2026,Spring,2026.0,2026-04-01,0.2518822724161533,False,Active,,
30738,Altur,Summer 2025,Summer,2025.0,2025-06-01,1.0841889117043122,False,Active,,
30739,Quotain,Summer 2025,Summer,2025.0,2025-06-01,1.0841889117043122,False,Active,,
30740,Metis,Summer 2025,Summer,2025.0,2025-06-01,1.0841889117043122,False,Acquired,,
30741,F4 Industries,Summer 2025,Summer,2025.0,2025-06-01,1.0841889117043122,False,Active,,
30742,Sira,Summer 2025,Summer,2025.0,2025-06-01,1.0841889117043122,False,Active,,
30743,Opennote,Summer 2025,Summer,2025.0,2025-06-01,1.0841889117043122,False,Active,,
30744,SigmanticAI,Summer 2025,Summer,2025.0,2025-06-01,1.0841889117043122,False,Active,,
30747,Convexia,Summer 2025,Summer,2025.0,2025-06-01,1.0841889117043122,False,Active,,
30748,Pleom,Summer 2025,Summer,2025.0,2025-06-01,1.0841889117043122,False,Active,,
30749,Fernstone,Fall 2025,Fall,2025.0,2025-09-01,0.8323066392881588,False,Active,,
30754,Locata,Summer 2025,Summer,2025.0,2025-06-01,1.0841889117043122,False,Active,,
30755,Pally,Summer 2025,Summer,2025.0,2025-06-01,1.0841889117043122,False,Active,,
30756,Notte,Summer 2025,Summer,2025.0,2025-06-01,1.0841889117043122,False,Active,,
30758,Hera,Summer 2025,Summer,2025.0,2025-06-01,1.0841889117043122,False,Active,,
30759,Certus AI,Summer 2025,Summer,2025.0,2025-06-01,1.0841889117043122,False,Active,,
30761,Reacher,Summer 2025,Summer,2025.0,2025-06-01,1.0841889117043122,False,Active,,
30762,KERNEL,Summer 2025,Summer,2025.0,2025-06-01,1.0841889117043122,False,Active,,
30763,Rebulk,Summer 2025,Summer,2025.0,2025-06-01,1.0841889117043122,False,Active,,
30765,Pollen,Winter 2026,Winter,2026.0,2026-01-01,0.49828884325804246,False,Active,,
30768,Okibi,Summer 2025,Summer,2025.0,2025-06-01,1.0841889117043122,False,Active,,
30769,Juxta,Summer 2025,Summer,2025.0,2025-06-01,1.0841889117043122,False,Active,,
30770,Button Computer,Winter 2026,Winter,2026.0,2026-01-01,0.49828884325804246,False,Active,,
30771,Flywheel AI,Summer 2025,Summer,2025.0,2025-06-01,1.0841889117043122,False,Active,,
30772,stagewise,Summer 2025,Summer,2025.0,2025-06-01,1.0841889117043122,False,Active,,
30774,CLODO,Summer 2025,Summer,2025.0,2025-06-01,1.0841889117043122,False,Active,,
30775,Fleetline,Summer 2025,Summer,2025.0,2025-06-01,1.0841889117043122,False,Active,,
30776,Magnetic,Summer 2025,Summer,2025.0,2025-06-01,1.0841889117043122,False,Active,,
30777,Modelence,Summer 2025,Summer,2025.0,2025-06-01,1.0841889117043122,False,Active,,
30778,Perspectives Health,Summer 2025,Summer,2025.0,2025-06-01,1.0841889117043122,False,Active,,
30779,Smartbase,Spring 2026,Spring,2026.0,2026-04-01,0.2518822724161533,False,Active,,
30781,Duranium,Summer 2025,Summer,2025.0,2025-06-01,1.0841889117043122,False,Active,,
30782,TectoAI,Summer 2025,Summer,2025.0,2025-06-01,1.0841889117043122,False,Active,,
30785,RowFlow,Summer 2025,Summer,2025.0,2025-06-01,1.0841889117043122,False,Active,,
30786,Munify,Summer 2025,Summer,2025.0,2025-06-01,1.0841889117043122,False,Active,,
30789,Interfere,Summer 2025,Summer,2025.0,2025-06-01,1.0841889117043122,False,Active,,
30791,Spotlight Realty,Summer 2025,Summer,2025.0,2025-06-01,1.0841889117043122,False,Active,,
30792,Bizzy AI,Summer 2025,Summer,2025.0,2025-06-01,1.0841889117043122,False,Active,,
30794,Vulcan Technologies,Summer 2025,Summer,2025.0,2025-06-01,1.0841889117043122,False,Active,,
30795,NOSO LABS,Summer 2025,Summer,2025.0,2025-06-01,1.0841889117043122,False,Active,,
30796,Outrove,Summer 2025,Summer,2025.0,2025-06-01,1.0841889117043122,False,Active,,
30797,Veritus,Summer 2025,Summer,2025.0,2025-06-01,1.0841889117043122,False,Active,,
30798,Ruvo,Summer 2025,Summer,2025.0,2025-06-01,1.0841889117043122,False,Active,,
30799,Avent,Summer 2025,Summer,2025.0,2025-06-01,1.0841889117043122,False,Active,,
30801,burnt,Summer 2025,Summer,2025.0,2025-06-01,1.0841889117043122,False,Active,,
30802,Freya,Summer 2025,Summer,2025.0,2025-06-01,1.0841889117043122,False,Active,,
30804,Luminal,Summer 2025,Summer,2025.0,2025-06-01,1.0841889117043122,False,Active,,
30805,RealRoots,Summer 2025,Summer,2025.0,2025-06-01,1.0841889117043122,False,Active,,
30806,Uplift AI,Summer 2025,Summer,2025.0,2025-06-01,1.0841889117043122,False,Active,,
30807,Paloma,Summer 2025,Summer,2025.0,2025-06-01,1.0841889117043122,False,Active,,
30812,Mixy,Fall 2025,Fall,2025.0,2025-09-01,0.8323066392881588,False,Active,,
30813,Blue,Summer 2025,Summer,2025.0,2025-06-01,1.0841889117043122,False,Active,,
30816,Digipals,Fall 2025,Fall,2025.0,2025-09-01,0.8323066392881588,False,Active,,
30818,Nox Metals,Summer 2025,Summer,2025.0,2025-06-01,1.0841889117043122,False,Active,,
30821,Efference,Fall 2025,Fall,2025.0,2025-09-01,0.8323066392881588,False,Active,,
30822,Lapis,Fall 2025,Fall,2025.0,2025-09-01,0.8323066392881588,False,Active,,
30828,Semiotic,Fall 2025,Fall,2025.0,2025-09-01,0.8323066392881588,False,Active,,
30829,Remedy,Fall 2025,Fall,2025.0,2025-09-01,0.8323066392881588,False,Acquired,,
30832,F2,Summer 2025,Summer,2025.0,2025-06-01,1.0841889117043122,False,Active,,
30835,Brickanta,Fall 2025,Fall,2025.0,2025-09-01,0.8323066392881588,False,Active,,
30837,AirCaps,Fall 2025,Fall,2025.0,2025-09-01,0.8323066392881588,False,Active,,
30844,Uplane,Fall 2025,Fall,2025.0,2025-09-01,0.8323066392881588,False,Active,,
30845,Structured AI,Fall 2025,Fall,2025.0,2025-09-01,0.8323066392881588,False,Active,,
30846,Parse,Fall 2025,Fall,2025.0,2025-09-01,0.8323066392881588,False,Active,,
30847,Brickwise,Fall 2025,Fall,2025.0,2025-09-01,0.8323066392881588,False,Active,,
30848,Parrot,Fall 2025,Fall,2025.0,2025-09-01,0.8323066392881588,False,Active,,
30849,MOVEdot,Fall 2025,Fall,2025.0,2025-09-01,0.8323066392881588,False,Active,,
30850,Zavo,Fall 2025,Fall,2025.0,2025-09-01,0.8323066392881588,False,Active,,
30851,Sylvian,Fall 2025,Fall,2025.0,2025-09-01,0.8323066392881588,False,Inactive,,
30852,Nexus,Fall 2025,Fall,2025.0,2025-09-01,0.8323066392881588,False,Active,,
30853,Bolna AI,Fall 2025,Fall,2025.0,2025-09-01,0.8323066392881588,False,Active,,
30854,Hyperspell,Fall 2025,Fall,2025.0,2025-09-01,0.8323066392881588,False,Active,,
30856,Scoop,Fall 2025,Fall,2025.0,2025-09-01,0.8323066392881588,False,Active,,
30857,Aspect,Fall 2025,Fall,2025.0,2025-09-01,0.8323066392881588,False,Active,,
30858,Deeptrace,Fall 2025,Fall,2025.0,2025-09-01,0.8323066392881588,False,Active,,
30859,Locus,Fall 2025,Fall,2025.0,2025-09-01,0.8323066392881588,False,Active,,
30860,Alt-X,Winter 2026,Winter,2026.0,2026-01-01,0.49828884325804246,False,Active,,
30861,Caddy,Fall 2025,Fall,2025.0,2025-09-01,0.8323066392881588,False,Active,,
30862,Sorce,Fall 2025,Fall,2025.0,2025-09-01,0.8323066392881588,False,Active,,
30863,The Context Company,Fall 2025,Fall,2025.0,2025-09-01,0.8323066392881588,False,Active,,
30864,dari.dev,Fall 2025,Fall,2025.0,2025-09-01,0.8323066392881588,False,Active,,
30865,Lunavo,Fall 2025,Fall,2025.0,2025-09-01,0.8323066392881588,False,Active,,
30867,Soren,Fall 2025,Fall,2025.0,2025-09-01,0.8323066392881588,False,Active,,
30868,Norra,Fall 2025,Fall,2025.0,2025-09-01,0.8323066392881588,False,Active,,
30869,Kaigo Health,Fall 2025,Fall,2025.0,2025-09-01,0.8323066392881588,False,Active,,
30870,Koyal,Fall 2025,Fall,2025.0,2025-09-01,0.8323066392881588,False,Active,,
30871,Bron,Fall 2025,Fall,2025.0,2025-09-01,0.8323066392881588,False,Active,,
30873,Tell if AI,Fall 2025,Fall,2025.0,2025-09-01,0.8323066392881588,False,Active,,
30874,Minro,Fall 2025,Fall,2025.0,2025-09-01,0.8323066392881588,False,Active,,
30875,Veria Labs,Fall 2025,Fall,2025.0,2025-09-01,0.8323066392881588,False,Active,,
30876,Velum Labs,Winter 2026,Winter,2026.0,2026-01-01,0.49828884325804246,False,Active,,
30877,Trelium,Fall 2025,Fall,2025.0,2025-09-01,0.8323066392881588,False,Active,,
30878,Cranston AI,Fall 2025,Fall,2025.0,2025-09-01,0.8323066392881588,False,Active,,
30879,Hypercubic,Fall 2025,Fall,2025.0,2025-09-01,0.8323066392881588,False,Active,,
30880,Nessie,Fall 2025,Fall,2025.0,2025-09-01,0.8323066392881588,False,Active,,
30881,Wardstone,Fall 2025,Fall,2025.0,2025-09-01,0.8323066392881588,False,Active,,
30882,AtlasGrid,Fall 2025,Fall,2025.0,2025-09-01,0.8323066392881588,False,Active,,
30883,hillclimb,Fall 2025,Fall,2025.0,2025-09-01,0.8323066392881588,False,Active,,
30884,Flick,Fall 2025,Fall,2025.0,2025-09-01,0.8323066392881588,False,Active,,
30885,Semble AI,Fall 2025,Fall,2025.0,2025-09-01,0.8323066392881588,False,Active,,
30886,Mod AI,Fall 2025,Fall,2025.0,2025-09-01,0.8323066392881588,False,Active,,
30887,SellRaze,Fall 2025,Fall,2025.0,2025-09-01,0.8323066392881588,False,Active,,
30888,Lakonia,Fall 2025,Fall,2025.0,2025-09-01,0.8323066392881588,False,Active,,
30889,Terrain,Fall 2025,Fall,2025.0,2025-09-01,0.8323066392881588,False,Active,,
30890,AnswerThis,Fall 2025,Fall,2025.0,2025-09-01,0.8323066392881588,False,Active,,
30891,SF Tensor,Fall 2025,Fall,2025.0,2025-09-01,0.8323066392881588,False,Active,,
30894,Unsiloed AI,Fall 2025,Fall,2025.0,2025-09-01,0.8323066392881588,False,Active,,
30895,Allus AI,Fall 2025,Fall,2025.0,2025-09-01,0.8323066392881588,False,Active,,
30896,Multifactor,Fall 2025,Fall,2025.0,2025-09-01,0.8323066392881588,False,Active,,
30899,Sciloop,Fall 2025,Fall,2025.0,2025-09-01,0.8323066392881588,False,Active,,
30900,LogosGuard,Fall 2025,Fall,2025.0,2025-09-01,0.8323066392881588,False,Active,,
30903,Kestrel AI,Fall 2025,Fall,2025.0,2025-09-01,0.8323066392881588,False,Active,,
30904,Tensr,Fall 2025,Fall,2025.0,2025-09-01,0.8323066392881588,False,Active,,
30905,Travo,Winter 2026,Winter,2026.0,2026-01-01,0.49828884325804246,False,Active,,
30906,Agentic Fabriq,Winter 2026,Winter,2026.0,2026-01-01,0.49828884325804246,False,Active,,
30907,Logical,Fall 2025,Fall,2025.0,2025-09-01,0.8323066392881588,False,Active,,
30910,Aleph Lab,Fall 2025,Fall,2025.0,2025-09-01,0.8323066392881588,False,Active,,
30911,Helonic,Fall 2025,Fall,2025.0,2025-09-01,0.8323066392881588,False,Active,,
30912,Redapto,Fall 2025,Fall,2025.0,2025-09-01,0.8323066392881588,False,Active,,
30913,Captain,Winter 2026,Winter,2026.0,2026-01-01,0.49828884325804246,False,Active,,
30914,Sunflower,Fall 2025,Fall,2025.0,2025-09-01,0.8323066392881588,False,Active,,
30915,FinalDose,Spring 2026,Spring,2026.0,2026-04-01,0.2518822724161533,False,Active,,
30916,Rovr,Fall 2025,Fall,2025.0,2025-09-01,0.8323066392881588,False,Inactive,,
30917,Bravi,Fall 2025,Fall,2025.0,2025-09-01,0.8323066392881588,False,Active,,
30918,ComplyDo,Fall 2025,Fall,2025.0,2025-09-01,0.8323066392881588,False,Active,,
30919,Codyco,Fall 2025,Fall,2025.0,2025-09-01,0.8323066392881588,False,Active,,
30920,Lexi,Fall 2025,Fall,2025.0,2025-09-01,0.8323066392881588,False,Active,,
30921,Compyle,Fall 2025,Fall,2025.0,2025-09-01,0.8323066392881588,False,Active,,
30922,Selfin,Fall 2025,Fall,2025.0,2025-09-01,0.8323066392881588,False,Active,,
30924,Casey,Fall 2025,Fall,2025.0,2025-09-01,0.8323066392881588,False,Active,,
30925,Play Health,Fall 2025,Fall,2025.0,2025-09-01,0.8323066392881588,False,Active,,
30927,Oxus,Winter 2026,Winter,2026.0,2026-01-01,0.49828884325804246,False,Active,,
30928,Thesis,Fall 2025,Fall,2025.0,2025-09-01,0.8323066392881588,False,Active,,
30929,Sol,Fall 2025,Fall,2025.0,2025-09-01,0.8323066392881588,False,Active,,
30930,Cortex AI,Fall 2025,Fall,2025.0,2025-09-01,0.8323066392881588,False,Active,,
30931,Pixley AI,Fall 2025,Fall,2025.0,2025-09-01,0.8323066392881588,False,Active,,
30932,Leadbay,Fall 2025,Fall,2025.0,2025-09-01,0.8323066392881588,False,Active,,
30933,Nucleo,Fall 2025,Fall,2025.0,2025-09-01,0.8323066392881588,False,Active,,
30934,Tornyol,Fall 2025,Fall,2025.0,2025-09-01,0.8323066392881588,False,Active,,
30935,s2.dev,Fall 2025,Fall,2025.0,2025-09-01,0.8323066392881588,False,Active,,
30936,Patent Watch,Fall 2025,Fall,2025.0,2025-09-01,0.8323066392881588,False,Active,,
30937,Anto Biosciences,Fall 2025,Fall,2025.0,2025-09-01,0.8323066392881588,False,Active,,
30938,Imagine AI,Fall 2025,Fall,2025.0,2025-09-01,0.8323066392881588,False,Active,,
30939,Expected Parrot,Fall 2025,Fall,2025.0,2025-09-01,0.8323066392881588,False,Active,,
30940,Everest,Fall 2025,Fall,2025.0,2025-09-01,0.8323066392881588,False,Active,,
30942,Scott AI,Fall 2025,Fall,2025.0,2025-09-01,0.8323066392881588,False,Active,,
30943,Aside,Fall 2025,Fall,2025.0,2025-09-01,0.8323066392881588,False,Active,,
30944,Prism,Spring 2026,Spring,2026.0,2026-04-01,0.2518822724161533,False,Active,,
30945,Zalos,Fall 2025,Fall,2025.0,2025-09-01,0.8323066392881588,False,Active,,
30946,Sourcebot,Fall 2025,Fall,2025.0,2025-09-01,0.8323066392881588,False,Active,,
30947,Philon,Fall 2025,Fall,2025.0,2025-09-01,0.8323066392881588,False,Active,,
30948,Lua Global Inc,Fall 2025,Fall,2025.0,2025-09-01,0.8323066392881588,False,Active,,
30949,Crunched,Fall 2025,Fall,2025.0,2025-09-01,0.8323066392881588,False,Active,,
30950,Narrative,Fall 2025,Fall,2025.0,2025-09-01,0.8323066392881588,False,Active,,
30953,Primer,Fall 2025,Fall,2025.0,2025-09-01,0.8323066392881588,False,Active,,
30954,Specific,Fall 2025,Fall,2025.0,2025-09-01,0.8323066392881588,False,Active,,
30956,Automax.ai,Fall 2025,Fall,2025.0,2025-09-01,0.8323066392881588,False,Active,,
30957,Clad Labs,Fall 2025,Fall,2025.0,2025-09-01,0.8323066392881588,False,Active,,
30958,Absurd,Fall 2025,Fall,2025.0,2025-09-01,0.8323066392881588,False,Active,,
30959,Kalpa Labs,Fall 2025,Fall,2025.0,2025-09-01,0.8323066392881588,False,Active,,
30960,Metorial,Fall 2025,Fall,2025.0,2025-09-01,0.8323066392881588,False,Active,,
30961,Arcten,Fall 2025,Fall,2025.0,2025-09-01,0.8323066392881588,False,Active,,
30962,Denki,Fall 2025,Fall,2025.0,2025-09-01,0.8323066392881588,False,Active,,
30963,TakeCareOS,Spring 2026,Spring,2026.0,2026-04-01,0.2518822724161533,False,Active,,
30964,Sava,Fall 2025,Fall,2025.0,2025-09-01,0.8323066392881588,False,Active,,
30965,Icarus,Fall 2025,Fall,2025.0,2025-09-01,0.8323066392881588,False,Active,,
30966,Karumi,Fall 2025,Fall,2025.0,2025-09-01,0.8323066392881588,False,Active,,
30967,Perseus,Fall 2025,Fall,2025.0,2025-09-01,0.8323066392881588,False,Active,,
30969,Lemma,Fall 2025,Fall,2025.0,2025-09-01,0.8323066392881588,False,Active,,
30970,Exonic,Fall 2025,Fall,2025.0,2025-09-01,0.8323066392881588,False,Active,,
30972,Jarmin,Fall 2025,Fall,2025.0,2025-09-01,0.8323066392881588,False,Active,,
30973,General Astronautics,Winter 2026,Winter,2026.0,2026-01-01,0.49828884325804246,False,Active,,
30975,MadeThis,Fall 2025,Fall,2025.0,2025-09-01,0.8323066392881588,False,Active,,
30977,Rovi Health,Fall 2025,Fall,2025.0,2025-09-01,0.8323066392881588,False,Active,,
30978,Miniswap,Fall 2025,Fall,2025.0,2025-09-01,0.8323066392881588,False,Active,,
30981,Freeport Markets,Fall 2025,Fall,2025.0,2025-09-01,0.8323066392881588,False,Active,,
30982,Boom AI,Fall 2025,Fall,2025.0,2025-09-01,0.8323066392881588,False,Active,,
30983,Telemetron,Fall 2025,Fall,2025.0,2025-09-01,0.8323066392881588,False,Active,,
30986,The Hog,Fall 2025,Fall,2025.0,2025-09-01,0.8323066392881588,False,Active,,
30987,Lightberry,Fall 2025,Fall,2025.0,2025-09-01,0.8323066392881588,False,Active,,
30989,Bluma,Fall 2025,Fall,2025.0,2025-09-01,0.8323066392881588,False,Active,,
30991,Forge Robotics,Fall 2025,Fall,2025.0,2025-09-01,0.8323066392881588,False,Active,,
30992,Amera,Fall 2025,Fall,2025.0,2025-09-01,0.8323066392881588,False,Active,,
30993,DiligenceSquared,Fall 2025,Fall,2025.0,2025-09-01,0.8323066392881588,False,Active,,
30995,Velvet,Fall 2025,Fall,2025.0,2025-09-01,0.8323066392881588,False,Active,,
30996,Nerviom,Fall 2025,Fall,2025.0,2025-09-01,0.8323066392881588,False,Active,,
30997,LunaBill,Fall 2025,Fall,2025.0,2025-09-01,0.8323066392881588,False,Active,,
30999,Antigen,Fall 2025,Fall,2025.0,2025-09-01,0.8323066392881588,False,Active,,
31000,Vector Legal,Winter 2026,Winter,2026.0,2026-01-01,0.49828884325804246,False,Active,,
31001,Fastshot,Fall 2025,Fall,2025.0,2025-09-01,0.8323066392881588,False,Active,,
31002,Clicks,Fall 2025,Fall,2025.0,2025-09-01,0.8323066392881588,False,Active,,
31003,Voltair,Winter 2026,Winter,2026.0,2026-01-01,0.49828884325804246,False,Active,,
31004,Dome,Fall 2025,Fall,2025.0,2025-09-01,0.8323066392881588,False,Inactive,,
31005,MarkIt,Fall 2025,Fall,2025.0,2025-09-01,0.8323066392881588,False,Active,,
31007,Zarna,Fall 2025,Fall,2025.0,2025-09-01,0.8323066392881588,False,Active,,
31008,Moss,Fall 2025,Fall,2025.0,2025-09-01,0.8323066392881588,False,Active,,
31009,Specific Labs,Fall 2025,Fall,2025.0,2025-09-01,0.8323066392881588,False,Active,,
31010,Amika,Fall 2025,Fall,2025.0,2025-09-01,0.8323066392881588,False,Active,,
31011,Openroll,Fall 2025,Fall,2025.0,2025-09-01,0.8323066392881588,False,Active,,
31013,Rivet,Fall 2025,Fall,2025.0,2025-09-01,0.8323066392881588,False,Active,,
31016,Crosslayer Labs,Winter 2026,Winter,2026.0,2026-01-01,0.49828884325804246,False,Active,,
31018,item,Fall 2025,Fall,2025.0,2025-09-01,0.8323066392881588,False,Active,,
31019,Ndea,Winter 2026,Winter,2026.0,2026-01-01,0.49828884325804246,False,Active,,
31020,Mayflower,Fall 2025,Fall,2025.0,2025-09-01,0.8323066392881588,False,Active,,
31021,Zephyr Fusion,Fall 2025,Fall,2025.0,2025-09-01,0.8323066392881588,False,Active,,
31022,Coasts,Fall 2025,Fall,2025.0,2025-09-01,0.8323066392881588,False,Active,,
31023,Inviscid AI,Winter 2026,Winter,2026.0,2026-01-01,0.49828884325804246,False,Active,,
31025,ClaimGlide,Winter 2026,Winter,2026.0,2026-01-01,0.49828884325804246,False,Active,,
31030,Haladir,Winter 2026,Winter,2026.0,2026-01-01,0.49828884325804246,False,Active,,
31036,Mantis,Winter 2026,Winter,2026.0,2026-01-01,0.49828884325804246,False,Active,,
31040,CatchBack Cards,Winter 2026,Winter,2026.0,2026-01-01,0.49828884325804246,False,Active,,
31041,Ploy,Spring 2026,Spring,2026.0,2026-04-01,0.2518822724161533,False,Active,,
31043,Advanced Metal Research,Spring 2026,Spring,2026.0,2026-04-01,0.2518822724161533,False,Active,,
31046,Linzumi,Spring 2026,Spring,2026.0,2026-04-01,0.2518822724161533,False,Active,,
31048,FullSeam,Winter 2026,Winter,2026.0,2026-01-01,0.49828884325804246,False,Active,,
31051,Corvera,Winter 2026,Winter,2026.0,2026-01-01,0.49828884325804246,False,Active,,
31054,ARC Prize Foundation,Winter 2026,Winter,2026.0,2026-01-01,0.49828884325804246,False,Active,,
31057,Valgo,Winter 2026,Winter,2026.0,2026-01-01,0.49828884325804246,False,Active,,
31058,Eos AI,Winter 2026,Winter,2026.0,2026-01-01,0.49828884325804246,False,Active,,
31062,Hlabs,Winter 2026,Winter,2026.0,2026-01-01,0.49828884325804246,False,Active,,
31063,Clara,Spring 2026,Spring,2026.0,2026-04-01,0.2518822724161533,False,Active,,
31064,Origin,Winter 2026,Winter,2026.0,2026-01-01,0.49828884325804246,False,Active,,
31066,Payna,Winter 2026,Winter,2026.0,2026-01-01,0.49828884325804246,False,Active,,
31076,Imperfect,Spring 2026,Spring,2026.0,2026-04-01,0.2518822724161533,False,Active,,
31077,Panta,Winter 2026,Winter,2026.0,2026-01-01,0.49828884325804246,False,Active,,
31080,Didit,Winter 2026,Winter,2026.0,2026-01-01,0.49828884325804246,False,Active,,
31081,One Robot,Winter 2026,Winter,2026.0,2026-01-01,0.49828884325804246,False,Active,,
31082,Syntropy,Winter 2026,Winter,2026.0,2026-01-01,0.49828884325804246,False,Active,,
31083,Kita,Winter 2026,Winter,2026.0,2026-01-01,0.49828884325804246,False,Active,,
31084,Klaus AI,Winter 2026,Winter,2026.0,2026-01-01,0.49828884325804246,False,Active,,
31085,Ruma Care,Winter 2026,Winter,2026.0,2026-01-01,0.49828884325804246,False,Active,,
31086,"Prescience, Inc.",Summer 2026,Summer,2026.0,2026-06-01,0.08487337440109514,False,Active,,
31087,Lucent,Winter 2026,Winter,2026.0,2026-01-01,0.49828884325804246,False,Active,,
31088,RunAnywhere,Winter 2026,Winter,2026.0,2026-01-01,0.49828884325804246,False,Active,,
31089,Lance,Winter 2026,Winter,2026.0,2026-01-01,0.49828884325804246,False,Active,,
31090,Docura Health,Winter 2026,Winter,2026.0,2026-01-01,0.49828884325804246,False,Active,,
31091,Sonarly,Winter 2026,Winter,2026.0,2026-01-01,0.49828884325804246,False,Active,,
31092,Axis,Winter 2026,Winter,2026.0,2026-01-01,0.49828884325804246,False,Active,,
31094,Lexius,Winter 2026,Winter,2026.0,2026-01-01,0.49828884325804246,False,Active,,
31095,Asimov,Winter 2026,Winter,2026.0,2026-01-01,0.49828884325804246,False,Active,,
31096,shortkit,Winter 2026,Winter,2026.0,2026-01-01,0.49828884325804246,False,Active,,
31097,REV1,Winter 2026,Winter,2026.0,2026-01-01,0.49828884325804246,False,Active,,
31098,10x Science,Winter 2026,Winter,2026.0,2026-01-01,0.49828884325804246,False,Active,,
31100,Sentrial,Winter 2026,Winter,2026.0,2026-01-01,0.49828884325804246,False,Active,,
31101,LegalOS,Winter 2026,Winter,2026.0,2026-01-01,0.49828884325804246,False,Active,,
31102,Fuchsia,Spring 2026,Spring,2026.0,2026-04-01,0.2518822724161533,False,Active,,
31104,Cofia,Winter 2026,Winter,2026.0,2026-01-01,0.49828884325804246,False,Active,,
31106,Protent,Winter 2026,Winter,2026.0,2026-01-01,0.49828884325804246,False,Active,,
31107,BaseFrame,Winter 2026,Winter,2026.0,2026-01-01,0.49828884325804246,False,Active,,
31108,Strand AI,Winter 2026,Winter,2026.0,2026-01-01,0.49828884325804246,False,Active,,
31109,Beacon Health,Winter 2026,Winter,2026.0,2026-01-01,0.49828884325804246,False,Active,,
31110,Cascade,Winter 2026,Winter,2026.0,2026-01-01,0.49828884325804246,False,Active,,
31111,Envariant,Winter 2026,Winter,2026.0,2026-01-01,0.49828884325804246,False,Active,,
31112,Burt,Winter 2026,Winter,2026.0,2026-01-01,0.49828884325804246,False,Active,,
31113,CellType,Winter 2026,Winter,2026.0,2026-01-01,0.49828884325804246,False,Active,,
31114,Piris Labs,Winter 2026,Winter,2026.0,2026-01-01,0.49828884325804246,False,Active,,
31116,OpenSpec,Winter 2026,Winter,2026.0,2026-01-01,0.49828884325804246,False,Active,,
31117,Cignara,Spring 2026,Spring,2026.0,2026-04-01,0.2518822724161533,False,Active,,
31118,Carson,Winter 2026,Winter,2026.0,2026-01-01,0.49828884325804246,False,Active,,
31119,ZeroSettle,Winter 2026,Winter,2026.0,2026-01-01,0.49828884325804246,False,Active,,
31120,Kyten Technologies,Winter 2026,Winter,2026.0,2026-01-01,0.49828884325804246,False,Active,,
31121,Avoice,Winter 2026,Winter,2026.0,2026-01-01,0.49828884325804246,False,Active,,
31123,21st,Winter 2026,Winter,2026.0,2026-01-01,0.49828884325804246,False,Active,,
31126,Palus Finance,Winter 2026,Winter,2026.0,2026-01-01,0.49828884325804246,False,Active,,
31127,Tepali,Winter 2026,Winter,2026.0,2026-01-01,0.49828884325804246,False,Active,,
31128,Cumulus Labs,Winter 2026,Winter,2026.0,2026-01-01,0.49828884325804246,False,Active,,
31129,Verdex,Winter 2026,Winter,2026.0,2026-01-01,0.49828884325804246,False,Active,,
31130,AutoSitu,Winter 2026,Winter,2026.0,2026-01-01,0.49828884325804246,False,Active,,
31131,Zatanna,Winter 2026,Winter,2026.0,2026-01-01,0.49828884325804246,False,Active,,
31132,MouseCat,Winter 2026,Winter,2026.0,2026-01-01,0.49828884325804246,False,Active,,
31133,Skillsync,Winter 2026,Winter,2026.0,2026-01-01,0.49828884325804246,False,Active,,
31135,RoboDock,Winter 2026,Winter,2026.0,2026-01-01,0.49828884325804246,False,Active,,
31136,Scheduling Wizard,Winter 2026,Winter,2026.0,2026-01-01,0.49828884325804246,False,Active,,
31137,Luel,Winter 2026,Winter,2026.0,2026-01-01,0.49828884325804246,False,Active,,
31138,Aemon,Winter 2026,Winter,2026.0,2026-01-01,0.49828884325804246,False,Active,,
31139,Ashr,Winter 2026,Winter,2026.0,2026-01-01,0.49828884325804246,False,Active,,
31140,CodeWisp,Winter 2026,Winter,2026.0,2026-01-01,0.49828884325804246,False,Active,,
31141,OctaPulse,Winter 2026,Winter,2026.0,2026-01-01,0.49828884325804246,False,Active,,
31142,Beyond Reach Labs,Winter 2026,Winter,2026.0,2026-01-01,0.49828884325804246,False,Active,,
31144,Milliray,Winter 2026,Winter,2026.0,2026-01-01,0.49828884325804246,False,Active,,
31145,RamAIn,Winter 2026,Winter,2026.0,2026-01-01,0.49828884325804246,False,Active,,
31146,Moritz,Winter 2026,Winter,2026.0,2026-01-01,0.49828884325804246,False,Active,,
31147,Salus,Winter 2026,Winter,2026.0,2026-01-01,0.49828884325804246,False,Active,,
31149,EigenPal,Winter 2026,Winter,2026.0,2026-01-01,0.49828884325804246,False,Active,,
31151,Sparkles,Winter 2026,Winter,2026.0,2026-01-01,0.49828884325804246,False,Active,,
31152,Fern,Winter 2026,Winter,2026.0,2026-01-01,0.49828884325804246,False,Active,,
31153,Perfectly,Winter 2026,Winter,2026.0,2026-01-01,0.49828884325804246,False,Active,,
31154,Orthogonal,Winter 2026,Winter,2026.0,2026-01-01,0.49828884325804246,False,Active,,
31155,Q2Q,Winter 2026,Winter,2026.0,2026-01-01,0.49828884325804246,False,Inactive,,
31156,Ventura,Winter 2026,Winter,2026.0,2026-01-01,0.49828884325804246,False,Active,,
31157,Drafted,Spring 2026,Spring,2026.0,2026-04-01,0.2518822724161533,False,Active,,
31158,Terranox AI,Winter 2026,Winter,2026.0,2026-01-01,0.49828884325804246,False,Active,,
31159,Sponge,Winter 2026,Winter,2026.0,2026-01-01,0.49828884325804246,False,Active,,
31160,Mango Medical,Winter 2026,Winter,2026.0,2026-01-01,0.49828884325804246,False,Active,,
31162,Confluence Labs,Winter 2026,Winter,2026.0,2026-01-01,0.49828884325804246,False,Active,,
31163,Opalite Health,Winter 2026,Winter,2026.0,2026-01-01,0.49828884325804246,False,Active,,
31164,Compresr,Winter 2026,Winter,2026.0,2026-01-01,0.49828884325804246,False,Active,,
31165,IncidentFox,Winter 2026,Winter,2026.0,2026-01-01,0.49828884325804246,False,Active,,
31166,Unisson,Winter 2026,Winter,2026.0,2026-01-01,0.49828884325804246,False,Active,,
31167,Stilta,Winter 2026,Winter,2026.0,2026-01-01,0.49828884325804246,False,Active,,
31168,Instinct,Winter 2026,Winter,2026.0,2026-01-01,0.49828884325804246,False,Active,,
31169,Proximitty,Winter 2026,Winter,2026.0,2026-01-01,0.49828884325804246,False,Active,,
31170,Cajal,Winter 2026,Winter,2026.0,2026-01-01,0.49828884325804246,False,Active,,
31171,Overshoot,Winter 2026,Winter,2026.0,2026-01-01,0.49828884325804246,False,Active,,
31172,Terminal Use,Winter 2026,Winter,2026.0,2026-01-01,0.49828884325804246,False,Active,,
31173,Laurence,Winter 2026,Winter,2026.0,2026-01-01,0.49828884325804246,False,Active,,
31174,Hex Security,Winter 2026,Winter,2026.0,2026-01-01,0.49828884325804246,False,Active,,
31175,Pax Historia,Winter 2026,Winter,2026.0,2026-01-01,0.49828884325804246,False,Active,,
31176,Rhizome AI,Winter 2026,Winter,2026.0,2026-01-01,0.49828884325804246,False,Active,,
31177,Prana,Winter 2026,Winter,2026.0,2026-01-01,0.49828884325804246,False,Active,,
31178,Cardboard,Winter 2026,Winter,2026.0,2026-01-01,0.49828884325804246,False,Active,,
31179,Jinba,Winter 2026,Winter,2026.0,2026-01-01,0.49828884325804246,False,Active,,
31180,Seeing Systems,Winter 2026,Winter,2026.0,2026-01-01,0.49828884325804246,False,Active,,
31181,Synthetic Sciences,Winter 2026,Winter,2026.0,2026-01-01,0.49828884325804246,False,Active,,
31182,Visibl Semiconductors,Winter 2026,Winter,2026.0,2026-01-01,0.49828884325804246,False,Active,,
31183,Patientdesk.ai,Winter 2026,Winter,2026.0,2026-01-01,0.49828884325804246,False,Active,,
31185,Chamber,Winter 2026,Winter,2026.0,2026-01-01,0.49828884325804246,False,Active,,
31186,End Close,Winter 2026,Winter,2026.0,2026-01-01,0.49828884325804246,False,Active,,
31187,Fenrock AI,Winter 2026,Winter,2026.0,2026-01-01,0.49828884325804246,False,Active,,
31188,Maywood,Winter 2026,Winter,2026.0,2026-01-01,0.49828884325804246,False,Active,,
31189,Revion,Winter 2026,Winter,2026.0,2026-01-01,0.49828884325804246,False,Active,,
31191,Traverse,Winter 2026,Winter,2026.0,2026-01-01,0.49828884325804246,False,Active,,
31192,Approxima,Winter 2026,Winter,2026.0,2026-01-01,0.49828884325804246,False,Active,,
31193,9 Mothers,Spring 2026,Spring,2026.0,2026-04-01,0.2518822724161533,False,Active,,
31194,Valence,Winter 2026,Winter,2026.0,2026-01-01,0.49828884325804246,False,Active,,
31195,Reframe,Winter 2026,Winter,2026.0,2026-01-01,0.49828884325804246,False,Active,,
31196,Congruent,Winter 2026,Winter,2026.0,2026-01-01,0.49828884325804246,False,Active,,
31197,InventoryQuant,Winter 2026,Winter,2026.0,2026-01-01,0.49828884325804246,False,Active,,
31199,Emdash,Winter 2026,Winter,2026.0,2026-01-01,0.49828884325804246,False,Active,,
31200,Ressl AI,Winter 2026,Winter,2026.0,2026-01-01,0.49828884325804246,False,Active,,
31201,Robby,Winter 2026,Winter,2026.0,2026-01-01,0.49828884325804246,False,Active,,
31203,Sitefire,Winter 2026,Winter,2026.0,2026-01-01,0.49828884325804246,False,Active,,
31204,Forum,Winter 2026,Winter,2026.0,2026-01-01,0.49828884325804246,False,Active,,
31205,Human Archive,Winter 2026,Winter,2026.0,2026-01-01,0.49828884325804246,False,Active,,
31206,Samora AI,Winter 2026,Winter,2026.0,2026-01-01,0.49828884325804246,False,Active,,
31207,Caretta,Winter 2026,Winter,2026.0,2026-01-01,0.49828884325804246,False,Active,,
31208,Oximy,Winter 2026,Winter,2026.0,2026-01-01,0.49828884325804246,False,Active,,
31209,AxionOrbital Space,Winter 2026,Winter,2026.0,2026-01-01,0.49828884325804246,False,Active,,
31210,Mendral,Winter 2026,Winter,2026.0,2026-01-01,0.49828884325804246,False,Active,,
31211,Sazabi,Spring 2026,Spring,2026.0,2026-04-01,0.2518822724161533,False,Active,,
31212,Constellation Space,Winter 2026,Winter,2026.0,2026-01-01,0.49828884325804246,False,Active,,
31213,Byteport,Winter 2026,Winter,2026.0,2026-01-01,0.49828884325804246,False,Active,,
31214,Pocket,Winter 2026,Winter,2026.0,2026-01-01,0.49828884325804246,False,Active,,
31215,Bubble Lab,Winter 2026,Winter,2026.0,2026-01-01,0.49828884325804246,False,Active,,
31216,Archal,Summer 2026,Summer,2026.0,2026-06-01,0.08487337440109514,False,Active,,
31217,Polymath,Winter 2026,Winter,2026.0,2026-01-01,0.49828884325804246,False,Active,,
31219,Voxel Energy,Winter 2026,Winter,2026.0,2026-01-01,0.49828884325804246,False,Active,,
31221,Netter,Spring 2026,Spring,2026.0,2026-04-01,0.2518822724161533,False,Active,,
31222,Superset,Spring 2026,Spring,2026.0,2026-04-01,0.2518822724161533,False,Active,,
31224,Servo7,Winter 2026,Winter,2026.0,2026-01-01,0.49828884325804246,False,Active,,
31225,Ditto Biosciences,Winter 2026,Winter,2026.0,2026-01-01,0.49828884325804246,False,Active,,
31227,Sequence Markets,Winter 2026,Winter,2026.0,2026-01-01,0.49828884325804246,False,Active,,
31229,Doomersion,Winter 2026,Winter,2026.0,2026-01-01,0.49828884325804246,False,Active,,
31230,o11,Winter 2026,Winter,2026.0,2026-01-01,0.49828884325804246,False,Active,,
31231,Glue,Winter 2026,Winter,2026.0,2026-01-01,0.49828884325804246,False,Active,,
31233,Chasi,Winter 2026,Winter,2026.0,2026-01-01,0.49828884325804246,False,Active,,
31236,Balance,Winter 2026,Winter,2026.0,2026-01-01,0.49828884325804246,False,Active,,
31239,Fort,Winter 2026,Winter,2026.0,2026-01-01,0.49828884325804246,False,Active,,
31240,General Legal,Winter 2026,Winter,2026.0,2026-01-01,0.49828884325804246,False,Active,,
31241,Corelayer,Winter 2026,Winter,2026.0,2026-01-01,0.49828884325804246,False,Active,,
31242,Booko,Winter 2026,Winter,2026.0,2026-01-01,0.49828884325804246,False,Active,,
31243,Foreman,Winter 2026,Winter,2026.0,2026-01-01,0.49828884325804246,False,Active,,
31244,Crow,Winter 2026,Winter,2026.0,2026-01-01,0.49828884325804246,False,Active,,
31245,Squid,Winter 2026,Winter,2026.0,2026-01-01,0.49828884325804246,False,Active,,
31246,Inth,Spring 2026,Spring,2026.0,2026-04-01,0.2518822724161533,False,Active,,
31247,Fed10,Winter 2026,Winter,2026.0,2026-01-01,0.49828884325804246,False,Active,,
31248,BeeSafe AI,Winter 2026,Winter,2026.0,2026-01-01,0.49828884325804246,False,Active,,
31250,The Token Company,Winter 2026,Winter,2026.0,2026-01-01,0.49828884325804246,False,Active,,
31252,Moda,Winter 2026,Winter,2026.0,2026-01-01,0.49828884325804246,False,Active,,
31253,Maven,Winter 2026,Winter,2026.0,2026-01-01,0.49828884325804246,False,Active,,
31254,Sila,Winter 2026,Winter,2026.0,2026-01-01,0.49828884325804246,False,Active,,
31255,Grade,Winter 2026,Winter,2026.0,2026-01-01,0.49828884325804246,False,Active,,
31256,Canary,Winter 2026,Winter,2026.0,2026-01-01,0.49828884325804246,False,Active,,
31259,Tsenta,Summer 2026,Summer,2026.0,2026-06-01,0.08487337440109514,False,Active,,
31260,Copperlane,Winter 2026,Winter,2026.0,2026-01-01,0.49828884325804246,False,Active,,
31261,Control Seat,Summer 2026,Summer,2026.0,2026-06-01,0.08487337440109514,False,Active,,
31262,Talking Computers,Winter 2026,Winter,2026.0,2026-01-01,0.49828884325804246,False,Active,,
31263,Supafax,Winter 2026,Winter,2026.0,2026-01-01,0.49828884325804246,False,Active,,
31264,Vela,Winter 2026,Winter,2026.0,2026-01-01,0.49828884325804246,False,Active,,
31268,Cova,Summer 2026,Summer,2026.0,2026-06-01,0.08487337440109514,False,Active,,
31269,MochaCare,Winter 2026,Winter,2026.0,2026-01-01,0.49828884325804246,False,Active,,
31271,VOYGR,Winter 2026,Winter,2026.0,2026-01-01,0.49828884325804246,False,Active,,
31272,Poth Labs,Summer 2026,Summer,2026.0,2026-06-01,0.08487337440109514,False,Active,,
31273,SpotPay,Winter 2026,Winter,2026.0,2026-01-01,0.49828884325804246,False,Active,,
31274,Pollinate,Winter 2026,Winter,2026.0,2026-01-01,0.49828884325804246,False,Active,,
31275,Polymorph,Winter 2026,Winter,2026.0,2026-01-01,0.49828884325804246,False,Active,,
31276,Ritivel,Winter 2026,Winter,2026.0,2026-01-01,0.49828884325804246,False,Active,,
31278,Zymbly,Winter 2026,Winter,2026.0,2026-01-01,0.49828884325804246,False,Active,,
31279,Regbase,Spring 2026,Spring,2026.0,2026-04-01,0.2518822724161533,False,Active,,
31280,Rubric AI,Winter 2026,Winter,2026.0,2026-01-01,0.49828884325804246,False,Active,,
31283,Ossus,Winter 2026,Winter,2026.0,2026-01-01,0.49828884325804246,False,Active,,
31284,Origami Robotics,Winter 2026,Winter,2026.0,2026-01-01,0.49828884325804246,False,Active,,
31285,GrazeMate,Winter 2026,Winter,2026.0,2026-01-01,0.49828884325804246,False,Active,,
31287,DAIVIN!,Winter 2026,Winter,2026.0,2026-01-01,0.49828884325804246,False,Active,,
31289,Fixture,Winter 2026,Winter,2026.0,2026-01-01,0.49828884325804246,False,Active,,
31292,Aurorin CAD,Winter 2026,Winter,2026.0,2026-01-01,0.49828884325804246,False,Active,,
31293,Bloom,Spring 2026,Spring,2026.0,2026-04-01,0.2518822724161533,False,Active,,
31294,Dispatch,Spring 2026,Spring,2026.0,2026-04-01,0.2518822724161533,False,Active,,
31295,Carrot Labs,Winter 2026,Winter,2026.0,2026-01-01,0.49828884325804246,False,Active,,
31296,Unifold,Winter 2026,Winter,2026.0,2026-01-01,0.49828884325804246,False,Active,,
31299,Wayco,Winter 2026,Winter,2026.0,2026-01-01,0.49828884325804246,False,Active,,
31300,Shofo,Winter 2026,Winter,2026.0,2026-01-01,0.49828884325804246,False,Active,,
31302,Remix,Winter 2026,Winter,2026.0,2026-01-01,0.49828884325804246,False,Active,,
31303,Condor Energy,Winter 2026,Winter,2026.0,2026-01-01,0.49828884325804246,False,Active,,
31306,Martini,Winter 2026,Winter,2026.0,2026-01-01,0.49828884325804246,False,Active,,
31307,Wideframe,Winter 2026,Winter,2026.0,2026-01-01,0.49828884325804246,False,Active,,
31311,Cardinal,Winter 2026,Winter,2026.0,2026-01-01,0.49828884325804246,False,Active,,
31323,Hedge,Spring 2026,Spring,2026.0,2026-04-01,0.2518822724161533,False,Active,,
31325,Surtr Defense Systems,Spring 2026,Spring,2026.0,2026-04-01,0.2518822724161533,False,Active,,
31326,Klarify,Spring 2026,Spring,2026.0,2026-04-01,0.2518822724161533,False,Active,,
31327,Korso,Spring 2026,Spring,2026.0,2026-04-01,0.2518822724161533,False,Active,,
31329,primitive,Spring 2026,Spring,2026.0,2026-04-01,0.2518822724161533,False,Active,,
31330,Standard Signal,Spring 2026,Spring,2026.0,2026-04-01,0.2518822724161533,False,Active,,
31332,Stage,Spring 2026,Spring,2026.0,2026-04-01,0.2518822724161533,False,Active,,
31333,"PerfectBit, Inc.",Spring 2026,Spring,2026.0,2026-04-01,0.2518822724161533,False,Active,,
31335,Memoir,Spring 2026,Spring,2026.0,2026-04-01,0.2518822724161533,False,Active,,
31341,Instance,Summer 2026,Summer,2026.0,2026-06-01,0.08487337440109514,False,Active,,
31342,Osmaura,Summer 2026,Summer,2026.0,2026-06-01,0.08487337440109514,False,Active,,
31343,WithAI,Spring 2026,Spring,2026.0,2026-04-01,0.2518822724161533,False,Active,,
31344,Totalis,Spring 2026,Spring,2026.0,2026-04-01,0.2518822724161533,False,Active,,
31345,Replicas,Spring 2026,Spring,2026.0,2026-04-01,0.2518822724161533,False,Active,,
31346,Rudus,Spring 2026,Spring,2026.0,2026-04-01,0.2518822724161533,False,Active,,
31350,Hexa,Spring 2026,Spring,2026.0,2026-04-01,0.2518822724161533,False,Active,,
31351,Scope,Spring 2026,Spring,2026.0,2026-04-01,0.2518822724161533,False,Active,,
31359,Twolabs,Spring 2026,Spring,2026.0,2026-04-01,0.2518822724161533,False,Active,,
31360,Lightsprint,Spring 2026,Spring,2026.0,2026-04-01,0.2518822724161533,False,Active,,
31362,matforge,Spring 2026,Spring,2026.0,2026-04-01,0.2518822724161533,False,Active,,
31363,Saffron,Spring 2026,Spring,2026.0,2026-04-01,0.2518822724161533,False,Active,,
31364,Chert,Spring 2026,Spring,2026.0,2026-04-01,0.2518822724161533,False,Active,,
31365,Incandor,Spring 2026,Spring,2026.0,2026-04-01,0.2518822724161533,False,Active,,
31366,Nine Fives,Spring 2026,Spring,2026.0,2026-04-01,0.2518822724161533,False,Active,,
31367,Andustry,Spring 2026,Spring,2026.0,2026-04-01,0.2518822724161533,False,Active,,
31368,Zenbu,Spring 2026,Spring,2026.0,2026-04-01,0.2518822724161533,False,Active,,
31369,InLoop Robotics,Spring 2026,Spring,2026.0,2026-04-01,0.2518822724161533,False,Active,,
31370,Dayjob,Spring 2026,Spring,2026.0,2026-04-01,0.2518822724161533,False,Active,,
31371,The Company Company,Spring 2026,Spring,2026.0,2026-04-01,0.2518822724161533,False,Active,,
31372,Trellis,Spring 2026,Spring,2026.0,2026-04-01,0.2518822724161533,False,Active,,
31373,Atrisa,Spring 2026,Spring,2026.0,2026-04-01,0.2518822724161533,False,Active,,
31374,Tenet Industries,Spring 2026,Spring,2026.0,2026-04-01,0.2518822724161533,False,Active,,
31375,Hub,Spring 2026,Spring,2026.0,2026-04-01,0.2518822724161533,False,Active,,
31376,Light Anchor,Spring 2026,Spring,2026.0,2026-04-01,0.2518822724161533,False,Active,,
31377,Limrun,Spring 2026,Spring,2026.0,2026-04-01,0.2518822724161533,False,Active,,
31378,GodHands,Fall 2026,Fall,2026.0,2026-09-01,-0.16700889801505817,False,Active,,
31380,Superlog,Spring 2026,Spring,2026.0,2026-04-01,0.2518822724161533,False,Active,,
31381,GovGuard,Spring 2026,Spring,2026.0,2026-04-01,0.2518822724161533,False,Active,,
31382,Kinro,Spring 2026,Spring,2026.0,2026-04-01,0.2518822724161533,False,Active,,
31383,Juno,Spring 2026,Spring,2026.0,2026-04-01,0.2518822724161533,False,Active,,
31385,Zolvo,Spring 2026,Spring,2026.0,2026-04-01,0.2518822724161533,False,Active,,
31386,Interfaze,Spring 2026,Spring,2026.0,2026-04-01,0.2518822724161533,False,Active,,
31388,Elyra,Spring 2026,Spring,2026.0,2026-04-01,0.2518822724161533,False,Active,,
31390,Wealor,Spring 2026,Spring,2026.0,2026-04-01,0.2518822724161533,False,Active,,
31391,"HEVN, inc",Spring 2026,Spring,2026.0,2026-04-01,0.2518822724161533,False,Active,,
31393,KelAI,Spring 2026,Spring,2026.0,2026-04-01,0.2518822724161533,False,Active,,
31395,Deep Interactions,Spring 2026,Spring,2026.0,2026-04-01,0.2518822724161533,False,Active,,
31396,qomplement,Spring 2026,Spring,2026.0,2026-04-01,0.2518822724161533,False,Active,,
31398,Pavoot,Spring 2026,Spring,2026.0,2026-04-01,0.2518822724161533,False,Active,,
31399,Madrone,Spring 2026,Spring,2026.0,2026-04-01,0.2518822724161533,False,Active,,
31400,shotwell.ai,Spring 2026,Spring,2026.0,2026-04-01,0.2518822724161533,False,Active,,
31402,Standout,Spring 2026,Spring,2026.0,2026-04-01,0.2518822724161533,False,Active,,
31403,transload,Spring 2026,Spring,2026.0,2026-04-01,0.2518822724161533,False,Active,,
31404,Userlens,Spring 2026,Spring,2026.0,2026-04-01,0.2518822724161533,False,Active,,
31407,Sherpa,Spring 2026,Spring,2026.0,2026-04-01,0.2518822724161533,False,Active,,
31408,Salesgraph,Spring 2026,Spring,2026.0,2026-04-01,0.2518822724161533,False,Active,,
31409,InstaAgent,Spring 2026,Spring,2026.0,2026-04-01,0.2518822724161533,False,Active,,
31410,RentAHuman,Spring 2026,Spring,2026.0,2026-04-01,0.2518822724161533,False,Active,,
31411,Andco,Spring 2026,Spring,2026.0,2026-04-01,0.2518822724161533,False,Active,,
31413,Arga Labs,Spring 2026,Spring,2026.0,2026-04-01,0.2518822724161533,False,Active,,
31414,Drip,Spring 2026,Spring,2026.0,2026-04-01,0.2518822724161533,False,Active,,
31415,Synphony,Spring 2026,Spring,2026.0,2026-04-01,0.2518822724161533,False,Active,,
31416,Callab AI,Spring 2026,Spring,2026.0,2026-04-01,0.2518822724161533,False,Active,,
31417,Pairio,Spring 2026,Spring,2026.0,2026-04-01,0.2518822724161533,False,Active,,
31418,Taiga,Spring 2026,Spring,2026.0,2026-04-01,0.2518822724161533,False,Active,,
31419,StableBrowse,Spring 2026,Spring,2026.0,2026-04-01,0.2518822724161533,False,Active,,
31420,Kimpton AI,Spring 2026,Spring,2026.0,2026-04-01,0.2518822724161533,False,Active,,
31421,Lamina Labs,Spring 2026,Spring,2026.0,2026-04-01,0.2518822724161533,False,Active,,
31423,BentoLabs AI,Spring 2026,Spring,2026.0,2026-04-01,0.2518822724161533,False,Active,,
31424,Lab0,Spring 2026,Spring,2026.0,2026-04-01,0.2518822724161533,False,Active,,
31426,Gojiberry AI,Spring 2026,Spring,2026.0,2026-04-01,0.2518822724161533,False,Active,,
31427,Napkin Math,Spring 2026,Spring,2026.0,2026-04-01,0.2518822724161533,False,Active,,
31428,Ontora,Spring 2026,Spring,2026.0,2026-04-01,0.2518822724161533,False,Active,,
31429,Oddpool,Spring 2026,Spring,2026.0,2026-04-01,0.2518822724161533,False,Active,,
31430,Voquill,Spring 2026,Spring,2026.0,2026-04-01,0.2518822724161533,False,Active,,
31432,Keyframe Labs,Spring 2026,Spring,2026.0,2026-04-01,0.2518822724161533,False,Active,,
31433,Savant,Spring 2026,Spring,2026.0,2026-04-01,0.2518822724161533,False,Active,,
31434,Adialante,Spring 2026,Spring,2026.0,2026-04-01,0.2518822724161533,False,Active,,
31435,Lumius,Spring 2026,Spring,2026.0,2026-04-01,0.2518822724161533,False,Active,,
31436,Prototyping.io,Spring 2026,Spring,2026.0,2026-04-01,0.2518822724161533,False,Active,,
31437,Sidekick,Spring 2026,Spring,2026.0,2026-04-01,0.2518822724161533,False,Active,,
31438,Result,Spring 2026,Spring,2026.0,2026-04-01,0.2518822724161533,False,Active,,
31439,Parrot,Spring 2026,Spring,2026.0,2026-04-01,0.2518822724161533,False,Active,,
31440,Mount,Spring 2026,Spring,2026.0,2026-04-01,0.2518822724161533,False,Active,,
31441,Infera,Spring 2026,Spring,2026.0,2026-04-01,0.2518822724161533,False,Active,,
31442,AICE,Spring 2026,Spring,2026.0,2026-04-01,0.2518822724161533,False,Active,,
31443,Complir,Spring 2026,Spring,2026.0,2026-04-01,0.2518822724161533,False,Active,,
31444,Alchemize,Spring 2026,Spring,2026.0,2026-04-01,0.2518822724161533,False,Active,,
31445,Harbor,Spring 2026,Spring,2026.0,2026-04-01,0.2518822724161533,False,Active,,
31447,Allowance,Spring 2026,Spring,2026.0,2026-04-01,0.2518822724161533,False,Active,,
31448,smol machines,Spring 2026,Spring,2026.0,2026-04-01,0.2518822724161533,False,Active,,
31450,River Markets,Spring 2026,Spring,2026.0,2026-04-01,0.2518822724161533,False,Active,,
31451,Archer,Spring 2026,Spring,2026.0,2026-04-01,0.2518822724161533,False,Active,,
31452,Degla Inc,Fall 2026,Fall,2026.0,2026-09-01,-0.16700889801505817,False,Active,,
31453,Minicor,Spring 2026,Spring,2026.0,2026-04-01,0.2518822724161533,False,Active,,
31454,Datost,Spring 2026,Spring,2026.0,2026-04-01,0.2518822724161533,False,Active,,
31455,tday.com,Spring 2026,Spring,2026.0,2026-04-01,0.2518822724161533,False,Active,,
31456,General Instinct,Spring 2026,Spring,2026.0,2026-04-01,0.2518822724161533,False,Active,,
31457,ValCtrl,Spring 2026,Spring,2026.0,2026-04-01,0.2518822724161533,False,Active,,
31458,Ara,Spring 2026,Spring,2026.0,2026-04-01,0.2518822724161533,False,Active,,
31459,Zibra Labs,Spring 2026,Spring,2026.0,2026-04-01,0.2518822724161533,False,Active,,
31460,PLAN0 AI,Spring 2026,Spring,2026.0,2026-04-01,0.2518822724161533,False,Active,,
31463,Armature,Spring 2026,Spring,2026.0,2026-04-01,0.2518822724161533,False,Active,,
31464,Soria,Spring 2026,Spring,2026.0,2026-04-01,0.2518822724161533,False,Active,,
31465,Aseon Labs,Spring 2026,Spring,2026.0,2026-04-01,0.2518822724161533,False,Active,,
31466,Walter,Spring 2026,Spring,2026.0,2026-04-01,0.2518822724161533,False,Active,,
31468,Chronicle Labs,Spring 2026,Spring,2026.0,2026-04-01,0.2518822724161533,False,Active,,
31470,Tasklet,Spring 2026,Spring,2026.0,2026-04-01,0.2518822724161533,False,Active,,
31472,Wato,Spring 2026,Spring,2026.0,2026-04-01,0.2518822724161533,False,Active,,
31473,Kuli,Spring 2026,Spring,2026.0,2026-04-01,0.2518822724161533,False,Active,,
31475,Ardent,Spring 2026,Spring,2026.0,2026-04-01,0.2518822724161533,False,Active,,
31476,Shepherd,Summer 2026,Summer,2026.0,2026-06-01,0.08487337440109514,False,Active,,
31477,BioStack Platforms,Spring 2026,Spring,2026.0,2026-04-01,0.2518822724161533,False,Active,,
31478,Silmaril,Spring 2026,Spring,2026.0,2026-04-01,0.2518822724161533,False,Active,,
31480,Pops,Spring 2026,Spring,2026.0,2026-04-01,0.2518822724161533,False,Active,,
31481,Saudara AI,Spring 2026,Spring,2026.0,2026-04-01,0.2518822724161533,False,Active,,
31482,Memory Store,Spring 2026,Spring,2026.0,2026-04-01,0.2518822724161533,False,Active,,
31484,AbInitio Bio,Spring 2026,Spring,2026.0,2026-04-01,0.2518822724161533,False,Active,,
31485,ANORIA,Spring 2026,Spring,2026.0,2026-04-01,0.2518822724161533,False,Active,,
31486,Ornadyne,Spring 2026,Spring,2026.0,2026-04-01,0.2518822724161533,False,Active,,
31487,AquaShield,Spring 2026,Spring,2026.0,2026-04-01,0.2518822724161533,False,Active,,
31488,Foaster,Spring 2026,Spring,2026.0,2026-04-01,0.2518822724161533,False,Active,,
31489,Eden Robotics,Spring 2026,Spring,2026.0,2026-04-01,0.2518822724161533,False,Active,,
31491,TesterArmy,Spring 2026,Spring,2026.0,2026-04-01,0.2518822724161533,False,Active,,
31493,Plena Health,Spring 2026,Spring,2026.0,2026-04-01,0.2518822724161533,False,Active,,
31494,RASPIRE,Spring 2026,Spring,2026.0,2026-04-01,0.2518822724161533,False,Active,,
31496,Hessian,Spring 2026,Spring,2026.0,2026-04-01,0.2518822724161533,False,Active,,
31497,Amboras,Spring 2026,Spring,2026.0,2026-04-01,0.2518822724161533,False,Active,,
31498,Aster,Spring 2026,Spring,2026.0,2026-04-01,0.2518822724161533,False,Active,,
31500,OpenProse,Spring 2026,Spring,2026.0,2026-04-01,0.2518822724161533,False,Active,,
31501,General Aviation,Spring 2026,Spring,2026.0,2026-04-01,0.2518822724161533,False,Active,,
31503,"Apollo Atomics, Inc.",Spring 2026,Spring,2026.0,2026-04-01,0.2518822724161533,False,Active,,
31505,OpenWork,Spring 2026,Spring,2026.0,2026-04-01,0.2518822724161533,False,Active,,
31506,Tolmo,Spring 2026,Spring,2026.0,2026-04-01,0.2518822724161533,False,Active,,
31507,ProjectX,Spring 2026,Spring,2026.0,2026-04-01,0.2518822724161533,False,Active,,
31510,Auxos,Spring 2026,Spring,2026.0,2026-04-01,0.2518822724161533,False,Active,,
31511,Arzana,Spring 2026,Spring,2026.0,2026-04-01,0.2518822724161533,False,Active,,
31512,Pentagon,Spring 2026,Spring,2026.0,2026-04-01,0.2518822724161533,False,Active,,
31513,CharacterQuilt,Spring 2026,Spring,2026.0,2026-04-01,0.2518822724161533,False,Active,,
31516,Expanse,Spring 2026,Spring,2026.0,2026-04-01,0.2518822724161533,False,Active,,
31517,YouArt,Spring 2026,Spring,2026.0,2026-04-01,0.2518822724161533,False,Active,,
31518,Runtime,Spring 2026,Spring,2026.0,2026-04-01,0.2518822724161533,False,Active,,
31520,Kinect,Spring 2026,Spring,2026.0,2026-04-01,0.2518822724161533,False,Active,,
31522,Gravy,Spring 2026,Spring,2026.0,2026-04-01,0.2518822724161533,False,Active,,
31524,AgentPhone,Spring 2026,Spring,2026.0,2026-04-01,0.2518822724161533,False,Active,,
31525,Arden,Spring 2026,Spring,2026.0,2026-04-01,0.2518822724161533,False,Active,,
31526,Uno Wallet,Spring 2026,Spring,2026.0,2026-04-01,0.2518822724161533,False,Active,,
31527,Revnu,Spring 2026,Spring,2026.0,2026-04-01,0.2518822724161533,False,Active,,
31528,Asendia AI,Spring 2026,Spring,2026.0,2026-04-01,0.2518822724161533,False,Active,,
31529,Mochatrade,Spring 2026,Spring,2026.0,2026-04-01,0.2518822724161533,False,Active,,
31530,Avea Robotics,Spring 2026,Spring,2026.0,2026-04-01,0.2518822724161533,False,Active,,
31531,Manicule,Spring 2026,Spring,2026.0,2026-04-01,0.2518822724161533,False,Active,,
31532,Atlas Discovery,Summer 2026,Summer,2026.0,2026-06-01,0.08487337440109514,False,Active,,
31533,Lattice Health,Spring 2026,Spring,2026.0,2026-04-01,0.2518822724161533,False,Active,,
31534,Astraea,Spring 2026,Spring,2026.0,2026-04-01,0.2518822724161533,False,Active,,
31535,Arlo Industries,Spring 2026,Spring,2026.0,2026-04-01,0.2518822724161533,False,Active,,
31536,Gigacatalyst,Spring 2026,Spring,2026.0,2026-04-01,0.2518822724161533,False,Active,,
31538,flowscope,Spring 2026,Spring,2026.0,2026-04-01,0.2518822724161533,False,Active,,
31539,Klaimee,Spring 2026,Spring,2026.0,2026-04-01,0.2518822724161533,False,Active,,
31540,KugelAudio,Spring 2026,Spring,2026.0,2026-04-01,0.2518822724161533,False,Active,,
31543,CentralComs,Spring 2026,Spring,2026.0,2026-04-01,0.2518822724161533,False,Active,,
31544,Panacea,Spring 2026,Spring,2026.0,2026-04-01,0.2518822724161533,False,Active,,
31545,Modern,Spring 2026,Spring,2026.0,2026-04-01,0.2518822724161533,False,Active,,
31546,ReasonBlocks,Spring 2026,Spring,2026.0,2026-04-01,0.2518822724161533,False,Active,,
31547,InsForge,Spring 2026,Spring,2026.0,2026-04-01,0.2518822724161533,False,Active,,
31548,Hyper,Spring 2026,Spring,2026.0,2026-04-01,0.2518822724161533,False,Active,,
31549,Enjamb Labs,Spring 2026,Spring,2026.0,2026-04-01,0.2518822724161533,False,Active,,
31550,Playabl.ai,Spring 2026,Spring,2026.0,2026-04-01,0.2518822724161533,False,Active,,
31552,Arctic Health,Spring 2026,Spring,2026.0,2026-04-01,0.2518822724161533,False,Active,,
31553,Framewise Health,Spring 2026,Spring,2026.0,2026-04-01,0.2518822724161533,False,Active,,
31554,Clawvisor,Spring 2026,Spring,2026.0,2026-04-01,0.2518822724161533,False,Active,,
31560,Intelligence Factory,Spring 2026,Spring,2026.0,2026-04-01,0.2518822724161533,False,Active,,
31561,Maquoketa Research,Spring 2026,Spring,2026.0,2026-04-01,0.2518822724161533,False,Active,,
31562,Cohesion,Spring 2026,Spring,2026.0,2026-04-01,0.2518822724161533,False,Active,,
31563,Thomas,Spring 2026,Spring,2026.0,2026-04-01,0.2518822724161533,False,Active,,
31564,Huscarl,Spring 2026,Spring,2026.0,2026-04-01,0.2518822724161533,False,Active,,
31574,HeyClicky,Spring 2026,Spring,2026.0,2026-04-01,0.2518822724161533,False,Active,,
31576,Akkari,Spring 2026,Spring,2026.0,2026-04-01,0.2518822724161533,False,Active,,
31591,RightNow,Fall 2026,Fall,2026.0,2026-09-01,-0.16700889801505817,False,Active,,
31989,Pango,Summer 2026,Summer,2026.0,2026-06-01,0.08487337440109514,False,Active,,
32089,Blueprints,Summer 2026,Summer,2026.0,2026-06-01,0.08487337440109514,False,Active,,
32127,Perceptron ML,Summer 2026,Summer,2026.0,2026-06-01,0.08487337440109514,False,Active,,
32134,Parasma,Summer 2026,Summer,2026.0,2026-06-01,0.08487337440109514,False,Active,,
32155,Rex,Summer 2026,Summer,2026.0,2026-06-01,0.08487337440109514,False,Active,,
32164,Prized,Summer 2026,Summer,2026.0,2026-06-01,0.08487337440109514,False,Active,,
32165,Rote,Winter 2027,Winter,2027.0,2027-01-01,-0.5010266940451745,False,Active,,
32187,Insurf,Summer 2026,Summer,2026.0,2026-06-01,0.08487337440109514,False,Active,,
32189,Verdant,Summer 2026,Summer,2026.0,2026-06-01,0.08487337440109514,False,Active,,
32194,GUILD,Summer 2026,Summer,2026.0,2026-06-01,0.08487337440109514,False,Active,,
32195,RealPact,Summer 2026,Summer,2026.0,2026-06-01,0.08487337440109514,False,Active,,
32202,Dialogus,Summer 2026,Summer,2026.0,2026-06-01,0.08487337440109514,False,Active,,
32223,Truffle,Summer 2026,Summer,2026.0,2026-06-01,0.08487337440109514,False,Active,,
32226,Glen,Summer 2026,Summer,2026.0,2026-06-01,0.08487337440109514,False,Active,,
32227,Context.dev,Summer 2026,Summer,2026.0,2026-06-01,0.08487337440109514,False,Active,,
32230,Codag,Summer 2026,Summer,2026.0,2026-06-01,0.08487337440109514,False,Active,,
32253,Touchmark,Summer 2026,Summer,2026.0,2026-06-01,0.08487337440109514,False,Active,,
32286,Bylaw,Summer 2026,Summer,2026.0,2026-06-01,0.08487337440109514,False,Active,,
32520,Cerenovus,Summer 2026,Summer,2026.0,2026-06-01,0.08487337440109514,False,Active,,
32521,Molagri,Summer 2026,Summer,2026.0,2026-06-01,0.08487337440109514,False,Active,,
32525,FlowManual,Summer 2026,Summer,2026.0,2026-06-01,0.08487337440109514,False,Active,,
32526,Talentpluto,Summer 2026,Summer,2026.0,2026-06-01,0.08487337440109514,False,Active,,
32527,machine0,Summer 2026,Summer,2026.0,2026-06-01,0.08487337440109514,False,Active,,
32551,Bloomy,Summer 2026,Summer,2026.0,2026-06-01,0.08487337440109514,False,Active,,
32552,6thSense,Summer 2026,Summer,2026.0,2026-06-01,0.08487337440109514,False,Active,,
32586,Greypoint Industries,Summer 2026,Summer,2026.0,2026-06-01,0.08487337440109514,False,Active,,
32617,Whitespace,Summer 2026,Summer,2026.0,2026-06-01,0.08487337440109514,False,Active,,
32682,LATO,Summer 2026,Summer,2026.0,2026-06-01,0.08487337440109514,False,Active,,
32781,Isengard Industries Inc,Summer 2026,Summer,2026.0,2026-06-01,0.08487337440109514,False,Active,,
32782,Denta,Summer 2026,Summer,2026.0,2026-06-01,0.08487337440109514,False,Active,,
32988,Markov,Summer 2026,Summer,2026.0,2026-06-01,0.08487337440109514,False,Active,,
33013,Operon,Summer 2026,Summer,2026.0,2026-06-01,0.08487337440109514,False,Active,,
33014,Inkbox,Summer 2026,Summer,2026.0,2026-06-01,0.08487337440109514,False,Active,,
33018,Agentcard,Summer 2026,Summer,2026.0,2026-06-01,0.08487337440109514,False,Active,,
33021,Care GP,Summer 2026,Summer,2026.0,2026-06-01,0.08487337440109514,False,Active,,
33022,Praxis AI,Summer 2026,Summer,2026.0,2026-06-01,0.08487337440109514,False,Active,,
33023,Levocred AI,Summer 2026,Summer,2026.0,2026-06-01,0.08487337440109514,False,Active,,
33052,Mireye,Summer 2026,Summer,2026.0,2026-06-01,0.08487337440109514,False,Active,,
33277,Hop Aero,Summer 2026,Summer,2026.0,2026-06-01,0.08487337440109514,False,Active,,
33282,Florin,Summer 2026,Summer,2026.0,2026-06-01,0.08487337440109514,False,Active,,
33738,Coasty,Summer 2026,Summer,2026.0,2026-06-01,0.08487337440109514,False,Active,,
33805,Edviro,Summer 2026,Summer,2026.0,2026-06-01,0.08487337440109514,False,Active,,
33806,Experiential Labs,Summer 2026,Summer,2026.0,2026-06-01,0.08487337440109514,False,Active,,
33838,Simantic,Fall 2026,Fall,2026.0,2026-09-01,-0.16700889801505817,False,Active,,
